County,Month,Weight,TopCategory1Name,TopCategory1Weight,TopCategory2Name,TopCategory2Weight,Num. of Unique Categories,Source
BANKS,2022-07,15751.0,Dry Food Misc.,3051.0,Dry Beverages,2581.0,14,Sorted_FY2023 Split by County
BANKS,2022-08,23523.0,Dry Other,4800.0,Cooled Mixed Produce,3749.0,14,Sorted_FY2023 Split by County
BANKS,2022-09,14695.0,Cooled Mixed Produce,3071.0,Cooled Fruits,2640.0,13,Sorted_FY2023 Split by County
BANKS,2022-10,18593.0,Dry Food Misc.,2443.0,Cooled Mixed Produce,2411.0,13,Sorted_FY2023 Split by County
BANKS,2022-11,20964.0,Dry Food Misc.,3548.0,Dry Vegetables,2781.0,13,Sorted_FY2023 Split by County
BANKS,2022-12,14715.0,Dry Other,3000.0,Dry Food Misc.,2559.0,11,Sorted_FY2023 Split by County
BANKS,2023-01,16169.0,Dry Vegetables,2742.0,Dry Food Misc.,2513.0,13,Sorted_FY2023 Split by County
BANKS,2023-02,17300.0,Cooled Mixed Produce,2591.0,Dry Food Misc.,2543.0,12,Sorted_FY2023 Split by County
BANKS,2023-03,11755.0,Dry Other,2400.0,Cooled Fruits,2272.0,14,Sorted_FY2023 Split by County
BANKS,2023-04,15842.0,Dry Other,3600.0,Dry Food Misc.,2091.0,14,Sorted_FY2023 Split by County
BANKS,2023-05,16214.0,Dry Grains,2224.0,Dry Food Misc.,2170.0,14,Sorted_FY2023 Split by County
BANKS,2023-06,12782.0,Frozen Food Misc.,2740.0,Dry Other,2400.0,15,Sorted_FY2023 Split by County
BANKS,2023-07,18645.0,Cooled Mixed Produce,5759.0,Dry Grains,3637.0,12,Sorted_FY2024 Split by County
BANKS,2023-08,16057.0,Dry Vegetables,2838.0,Frozen Fruits,2394.0,14,Sorted_FY2024 Split by County
BANKS,2023-09,37905.0,Dry Food Misc.,9693.0,Dry Grains,4525.0,17,Sorted_FY2024 Split by County
BANKS,2023-10,29391.0,Frozen Proteins,4147.0,Dry Beverages,3763.0,16,Sorted_FY2024 Split by County
BANKS,2023-11,30103.0,Cooled Mixed Produce,9075.0,Dry Beverages,7874.0,14,Sorted_FY2024 Split by County
BANKS,2023-12,37063.0,Dry Proteins,5751.0,Frozen Proteins,5484.0,15,Sorted_FY2024 Split by County
BANKS,2024-01,32735.0,Frozen Proteins,6665.0,Cooled Mixed Produce,4934.0,17,Sorted_FY2024 Split by County
BANKS,2024-02,36713.0,Frozen Proteins,4716.0,Cooled Mixed Produce,4051.0,20,Sorted_FY2024 Split by County
BANKS,2024-03,36113.0,Cooled Dairy,4688.0,Frozen Proteins,3953.0,21,Sorted_FY2024 Split by County
BANKS,2024-04,33352.0,Frozen Proteins,7512.0,Cooled Fruits,5441.0,19,Sorted_FY2024 Split by County
BANKS,2024-05,27341.0,Dry Food Misc.,3915.0,Dry Vegetables,3607.0,17,Sorted_FY2024 Split by County
BANKS,2024-06,30560.5,Cooled Vegetables,10290.0,Dry Proteins,3428.5,19,Sorted_FY2024 Split by County
BANKS,2024-07,52960.0,Dry Prepared Meals,9236.0,Cooled Fruits,6856.0,21,Sorted_FY2025 Split by County
BANKS,2024-08,51616.0,Dry Prepared Meals,17402.0,Dry Dairy,7728.0,16,Sorted_FY2025 Split by County
BANKS,2024-09,27251.0,Cooled Fruits,3905.0,Dry Vegetables,3567.0,20,Sorted_FY2025 Split by County
BANKS,2024-10,28237.0,Dry Proteins,3770.0,Dry Vegetables,3505.0,22,Sorted_FY2025 Split by County
BANKS,2024-11,40220.0,Dry Vegetables,4940.0,Dry Fruits,4796.0,20,Sorted_FY2025 Split by County
BANKS,2024-12,41214.0,Dry Beverages,6710.0,Frozen Proteins,4013.0,23,Sorted_FY2025 Split by County
BANKS,2025-01,15424.0,Dry Food Misc.,3490.0,Dry Beverages,3403.0,17,Sorted_FY2025 Split by County
BANKS,2025-02,19740.0,Cooled Fruits,3075.0,Cooled Potatoes,2754.0,18,Sorted_FY2025 Split by County
BANKS,2025-03,34149.0,Dry Food Misc.,5285.0,Cooled Potatoes,4800.0,19,Sorted_FY2025 Split by County
BANKS,2025-04,25943.0,Dry Food Misc.,5203.0,Dry Beverages,3361.0,18,Sorted_FY2025 Split by County
BANKS,2025-05,35892.0,Dry Food Misc.,10075.0,Dry Beverages,5860.0,18,Sorted_FY2025 Split by County
BANKS,2025-06,49232.0,Cooled Vegetables,11641.0,Cooled Fruits,7476.0,19,Sorted_FY2025 Split by County
BARROW,2022-07,58984.0,Cooled Fruits,14240.0,Dry Vegetables,8646.0,15,Sorted_FY2023 Split by County
BARROW,2022-08,71003.0,Dry Vegetables,12459.0,Cooled Mixed Produce,10164.0,17,Sorted_FY2023 Split by County
BARROW,2022-09,49756.0,Cooled Fruits,11112.0,Cooled Potatoes,5883.0,15,Sorted_FY2023 Split by County
BARROW,2022-10,77237.0,Dry Proteins,11049.0,Dry Vegetables,10766.0,15,Sorted_FY2023 Split by County
BARROW,2022-11,68213.0,Cooled Mixed Produce,14241.0,Cooled Dairy,7277.0,16,Sorted_FY2023 Split by County
BARROW,2022-12,62271.0,Cooled Mixed Produce,16927.0,Cooled Dairy,9576.0,16,Sorted_FY2023 Split by County
BARROW,2023-01,48754.0,Cooled Mixed Produce,14262.0,Dry Vegetables,5891.0,16,Sorted_FY2023 Split by County
BARROW,2023-02,49068.0,Cooled Mixed Produce,22039.0,Dry Vegetables,5863.0,13,Sorted_FY2023 Split by County
BARROW,2023-03,53505.0,Cooled Mixed Produce,8536.0,Frozen Proteins,6825.0,16,Sorted_FY2023 Split by County
BARROW,2023-04,67405.0,Dry Proteins,13349.0,Cooled Fruits,11524.0,19,Sorted_FY2023 Split by County
BARROW,2023-05,39928.0,Cooled Mixed Produce,9852.0,Cooled Fruits,5944.0,19,Sorted_FY2023 Split by County
BARROW,2023-06,69198.0,Dry Vegetables,12169.0,Dry Beverages,12056.0,16,Sorted_FY2023 Split by County
BARROW,2023-07,52497.0,Dry Beverages,13296.0,Dry Food Misc.,7281.0,15,Sorted_FY2024 Split by County
BARROW,2023-08,76452.0,Cooled Mixed Produce,16575.0,Cooled Fruits,8980.0,16,Sorted_FY2024 Split by County
BARROW,2023-09,61184.0,Dry Food Misc.,10254.0,Cooled Mixed Produce,9833.0,15,Sorted_FY2024 Split by County
BARROW,2023-10,68651.0,Cooled Mixed Produce,21263.0,Dry Grains,8011.0,18,Sorted_FY2024 Split by County
BARROW,2023-11,109332.0,Cooled Mixed Produce,31398.0,Dry Vegetables,18099.0,15,Sorted_FY2024 Split by County
BARROW,2023-12,106027.0,Cooled Mixed Produce,30667.0,Dry Beverages,17860.0,16,Sorted_FY2024 Split by County
BARROW,2024-01,94041.0,Cooled Mixed Produce,29300.0,Dry Beverages,16183.0,19,Sorted_FY2024 Split by County
BARROW,2024-02,97985.0,Dry Beverages,15621.0,Cooled Mixed Produce,11450.0,21,Sorted_FY2024 Split by County
BARROW,2024-03,106478.0,Cooled Fruits,12739.0,Frozen Proteins,12271.0,23,Sorted_FY2024 Split by County
BARROW,2024-04,112035.0,Dry Proteins,15232.0,Frozen Proteins,13731.0,20,Sorted_FY2024 Split by County
BARROW,2024-05,102209.0,Frozen Proteins,15489.0,Dry Proteins,11879.0,20,Sorted_FY2024 Split by County
BARROW,2024-06,101910.9,Dry Proteins,21635.9,Dry Vegetables,13415.0,20,Sorted_FY2024 Split by County
BARROW,2024-07,123268.35,Cooled Fruits,22832.0,Frozen Proteins,13529.0,22,Sorted_FY2025 Split by County
BARROW,2024-08,132701.0,Cooled Fruits,15107.0,Dry Prepared Meals,14606.0,24,Sorted_FY2025 Split by County
BARROW,2024-09,97143.0,Dry Proteins,12946.0,Dry Vegetables,11141.0,25,Sorted_FY2025 Split by County
BARROW,2024-10,107615.0,Dry Proteins,17691.0,Cooled Fruits,10947.0,25,Sorted_FY2025 Split by County
BARROW,2024-11,98496.0,Dry Food Misc.,13740.0,Cooled Potatoes,12792.0,22,Sorted_FY2025 Split by County
BARROW,2024-12,104601.0,Cooled Potatoes,12784.0,Cooled Fruits,12731.0,22,Sorted_FY2025 Split by County
BARROW,2025-01,88057.0,Cooled Fruits,17369.0,Dry Proteins,9135.0,23,Sorted_FY2025 Split by County
BARROW,2025-02,89954.0,Cooled Fruits,13304.0,Cooled Dairy,11760.0,21,Sorted_FY2025 Split by County
BARROW,2025-03,97124.0,Dry Vegetables,13627.0,Cooled Vegetables,13067.0,19,Sorted_FY2025 Split by County
BARROW,2025-04,101611.0,Cooled Vegetables,16027.0,Dry Food Misc.,10019.0,21,Sorted_FY2025 Split by County
BARROW,2025-05,104132.0,Cooled Vegetables,16904.0,Dry Food Misc.,14038.0,22,Sorted_FY2025 Split by County
BARROW,2025-06,99214.62,Cooled Vegetables,18194.0,Dry Proteins,12274.0,24,Sorted_FY2025 Split by County
CLARKE,2022-07,305601.0,Cooled Mixed Produce,48020.0,Frozen Proteins,42159.0,19,Sorted_FY2023 Split by County
CLARKE,2022-08,323374.0,Cooled Mixed Produce,58590.0,Dry Beverages,33954.0,21,Sorted_FY2023 Split by County
CLARKE,2022-09,347383.0,Cooled Mixed Produce,45673.0,Dry Beverages,37390.0,18,Sorted_FY2023 Split by County
CLARKE,2022-10,352286.0,Cooled Mixed Produce,62831.0,Dry Vegetables,31699.0,19,Sorted_FY2023 Split by County
CLARKE,2022-11,323170.0,Frozen Proteins,53465.0,Cooled Food Misc.,32085.0,18,Sorted_FY2023 Split by County
CLARKE,2022-12,403223.5,Frozen Proteins,72362.0,Cooled Mixed Produce,54519.0,18,Sorted_FY2023 Split by County
CLARKE,2023-01,406845.0,Cooled Mixed Produce,98027.0,Frozen Proteins,56958.0,19,Sorted_FY2023 Split by County
CLARKE,2023-02,249128.0,Frozen Proteins,32749.0,Cooled Mixed Produce,32552.0,17,Sorted_FY2023 Split by County
CLARKE,2023-03,325352.0,Frozen Proteins,68983.0,Cooled Mixed Produce,42291.0,20,Sorted_FY2023 Split by County
CLARKE,2023-04,299343.0,Frozen Proteins,40078.0,Cooled Fruits,36585.0,19,Sorted_FY2023 Split by County
CLARKE,2023-05,266075.0,Frozen Proteins,47945.0,Cooled Mixed Produce,35014.0,21,Sorted_FY2023 Split by County
CLARKE,2023-06,327485.0,Frozen Proteins,65558.0,Cooled Mixed Produce,53291.0,22,Sorted_FY2023 Split by County
CLARKE,2023-07,281253.0,Cooled Mixed Produce,70037.0,Dry Grains,31470.0,20,Sorted_FY2024 Split by County
CLARKE,2023-08,432993.0,Frozen Proteins,64356.0,Cooled Mixed Produce,62823.0,19,Sorted_FY2024 Split by County
CLARKE,2023-09,336270.0,Cooled Mixed Produce,52550.0,Dry Proteins,40206.0,20,Sorted_FY2024 Split by County
CLARKE,2023-10,388762.0,Cooled Mixed Produce,76211.0,Frozen Proteins,64473.0,20,Sorted_FY2024 Split by County
CLARKE,2023-11,453036.0,Cooled Mixed Produce,103913.0,Dry Beverages,74152.0,17,Sorted_FY2024 Split by County
CLARKE,2023-12,428715.0,Cooled Mixed Produce,153848.0,Frozen Proteins,46876.0,17,Sorted_FY2024 Split by County
CLARKE,2024-01,486327.0,Dry Beverages,92190.0,Cooled Mixed Produce,83733.0,20,Sorted_FY2024 Split by County
CLARKE,2024-02,441337.0,Cooled Mixed Produce,79742.0,Frozen Proteins,54475.0,21,Sorted_FY2024 Split by County
CLARKE,2024-03,441877.0,Cooled Fruits,56347.0,Frozen Proteins,43863.0,25,Sorted_FY2024 Split by County
CLARKE,2024-04,408270.0,Frozen Proteins,58702.0,Dry Beverages,47151.0,22,Sorted_FY2024 Split by County
CLARKE,2024-05,520525.72,Cooled Vegetables,64304.0,Cooled Fruits,62552.0,22,Sorted_FY2024 Split by County
CLARKE,2024-06,421620.88,Cooled Mixed Produce,94917.0,Frozen Proteins,48592.0,22,Sorted_FY2024 Split by County
CLARKE,2024-07,492709.0,Cooled Fruits,89702.0,Cooled Mixed Produce,71067.0,24,Sorted_FY2025 Split by County
CLARKE,2024-08,595952.0,Cooled Fruits,76742.0,Cooled Vegetables,61302.0,24,Sorted_FY2025 Split by County
CLARKE,2024-09,420653.0,Cooled Fruits,71423.0,Cooled Mixed Produce,56333.0,25,Sorted_FY2025 Split by County
CLARKE,2024-10,583351.0,Cooled Fruits,90309.0,Cooled Mixed Produce,76871.0,27,Sorted_FY2025 Split by County
CLARKE,2024-11,537781.0,Cooled Mixed Produce,65592.0,Frozen Proteins,59243.0,25,Sorted_FY2025 Split by County
CLARKE,2024-12,508953.0,Cooled Mixed Produce,119426.0,Frozen Proteins,52301.0,23,Sorted_FY2025 Split by County
CLARKE,2025-01,512755.0,Cooled Mixed Produce,66985.0,Cooled Potatoes,54765.0,25,Sorted_FY2025 Split by County
CLARKE,2025-02,586709.0,Cooled Mixed Produce,87538.0,Dry Beverages,60410.0,24,Sorted_FY2025 Split by County
CLARKE,2025-03,609612.0,Dry Beverages,114382.0,Cooled Fruits,83460.0,22,Sorted_FY2025 Split by County
CLARKE,2025-04,434326.0,Dry Beverages,56596.0,Cooled Mixed Produce,52006.0,26,Sorted_FY2025 Split by County
CLARKE,2025-05,436588.0,Cooled Mixed Produce,79004.0,Dry Food Misc.,48323.0,25,Sorted_FY2025 Split by County
CLARKE,2025-06,483323.78,Cooled Mixed Produce,94195.0,Cooled Vegetables,56600.0,25,Sorted_FY2025 Split by County
ELBERT,2024-10,21137.0,Frozen Fruits,4573.0,Dry Vegetables,3405.0,16,Sorted_FY2025 Split by County
ELBERT,2024-11,42862.0,Cooled Fruits,8058.0,Cooled Potatoes,6800.0,19,Sorted_FY2025 Split by County
ELBERT,2024-12,18929.0,Dry Beverages,3295.0,Cooled Potatoes,2900.0,18,Sorted_FY2025 Split by County
ELBERT,2025-01,41765.0,Cooled Fruits,7642.0,Cooled Potatoes,6968.0,21,Sorted_FY2025 Split by County
ELBERT,2025-02,22644.0,Cooled Fruits,4352.0,Dry Vegetables,3368.0,16,Sorted_FY2025 Split by County
ELBERT,2025-03,22272.0,Frozen Proteins,3306.0,Cooled Fruits,2694.0,18,Sorted_FY2025 Split by County
ELBERT,2025-04,21547.0,Dry Beverages,5356.0,Dry Vegetables,2623.0,17,Sorted_FY2025 Split by County
ELBERT,2025-05,15101.0,Cooled Vegetables,3315.0,Dry Fruits,1866.0,18,Sorted_FY2025 Split by County
ELBERT,2025-06,27528.5,Dry Beverages,4494.0,Cooled Mixed Produce,4311.0,22,Sorted_FY2025 Split by County
FRANKLIN,2022-07,36493.0,Cooled Mixed Produce,6749.0,Dry Proteins,6518.0,14,Sorted_FY2023 Split by County
FRANKLIN,2022-08,28969.0,Cooled Mixed Produce,4435.0,Dry Vegetables,3960.0,14,Sorted_FY2023 Split by County
FRANKLIN,2022-09,26614.0,Dry Proteins,3644.0,Dry Vegetables,3617.0,13,Sorted_FY2023 Split by County
FRANKLIN,2022-10,27886.0,Dry Vegetables,3870.0,Cooled Mixed Produce,3861.0,14,Sorted_FY2023 Split by County
FRANKLIN,2022-11,32776.0,Dry Beverages,4883.0,Dry Vegetables,4593.0,13,Sorted_FY2023 Split by County
FRANKLIN,2022-12,33712.0,Dry Beverages,5108.0,Frozen Proteins,4435.0,16,Sorted_FY2023 Split by County
FRANKLIN,2023-01,35540.0,Dry Beverages,9990.0,Cooled Mixed Produce,6272.0,15,Sorted_FY2023 Split by County
FRANKLIN,2023-02,18987.0,Cooled Mixed Produce,4565.0,Dry Food Misc.,2482.0,13,Sorted_FY2023 Split by County
FRANKLIN,2023-03,26861.0,Dry Food Misc.,5150.0,Frozen Proteins,3715.0,15,Sorted_FY2023 Split by County
FRANKLIN,2023-04,22355.0,Dry Beverages,5026.0,Dry Proteins,4154.0,16,Sorted_FY2023 Split by County
FRANKLIN,2023-05,20417.0,Dry Proteins,3045.0,Dry Food Misc.,2602.0,17,Sorted_FY2023 Split by County
FRANKLIN,2023-06,28101.0,Dry Beverages,7744.0,Cooled Mixed Produce,4372.0,14,Sorted_FY2023 Split by County
FRANKLIN,2023-07,24302.0,Dry Beverages,7391.0,Cooled Mixed Produce,4139.0,13,Sorted_FY2024 Split by County
FRANKLIN,2023-08,24458.0,Frozen Proteins,4286.0,Dry Vegetables,3777.0,14,Sorted_FY2024 Split by County
FRANKLIN,2023-09,47465.0,Cooled Mixed Produce,13442.0,Dry Grains,5818.0,14,Sorted_FY2024 Split by County
FRANKLIN,2023-10,26755.0,Dry Beverages,4867.0,Cooled Fruits,4455.0,15,Sorted_FY2024 Split by County
FRANKLIN,2023-11,38346.0,Dry Beverages,12420.0,Cooled Fruits,5221.0,15,Sorted_FY2024 Split by County
FRANKLIN,2023-12,20402.0,Dry Grains,3620.0,Cooled Mixed Produce,3571.0,14,Sorted_FY2024 Split by County
FRANKLIN,2024-01,52225.0,Dry Beverages,31726.0,Dry Food Misc.,3823.0,13,Sorted_FY2024 Split by County
FRANKLIN,2024-02,36729.0,Dry Beverages,16452.0,Frozen Proteins,4515.0,17,Sorted_FY2024 Split by County
FRANKLIN,2024-03,41092.0,Dry Beverages,6554.0,Cooled Fruits,5838.0,18,Sorted_FY2024 Split by County
FRANKLIN,2024-04,46270.0,Dry Beverages,13155.0,Cooled Fruits,4939.0,19,Sorted_FY2024 Split by County
FRANKLIN,2024-05,49140.0,Cooled Vegetables,7257.0,Dry Beverages,6683.0,16,Sorted_FY2024 Split by County
FRANKLIN,2024-06,35570.7,Dry Beverages,6337.0,Cooled Vegetables,4782.0,17,Sorted_FY2024 Split by County
FRANKLIN,2024-07,57475.0,Dry Beverages,19114.0,Cooled Fruits,6898.0,21,Sorted_FY2025 Split by County
FRANKLIN,2024-08,35984.0,Dry Beverages,12586.0,Dry Proteins,3310.0,23,Sorted_FY2025 Split by County
FRANKLIN,2024-09,40965.0,Dry Beverages,9489.0,Dry Vegetables,4561.0,21,Sorted_FY2025 Split by County
FRANKLIN,2024-10,39545.0,Dry Vegetables,6082.0,Dry Food Misc.,4502.0,19,Sorted_FY2025 Split by County
FRANKLIN,2024-11,52217.0,Dry Beverages,10507.0,Dry Food Misc.,7605.0,20,Sorted_FY2025 Split by County
FRANKLIN,2024-12,36248.0,Frozen Proteins,4860.0,Cooled Potatoes,4720.0,19,Sorted_FY2025 Split by County
FRANKLIN,2025-01,26057.0,Dry Beverages,4249.0,Dry Food Misc.,4151.0,18,Sorted_FY2025 Split by County
FRANKLIN,2025-02,45125.0,Dry Beverages,8845.0,Dry Grains,5539.0,18,Sorted_FY2025 Split by County
FRANKLIN,2025-03,44766.0,Dry Beverages,11243.0,Dry Food Misc.,5775.0,18,Sorted_FY2025 Split by County
FRANKLIN,2025-04,51281.0,Dry Beverages,15587.0,Dry Grains,5409.0,22,Sorted_FY2025 Split by County
FRANKLIN,2025-05,54542.0,Dry Beverages,14567.0,Dry Food Misc.,7274.0,22,Sorted_FY2025 Split by County
FRANKLIN,2025-06,41428.08,Dry Proteins,7173.0,Dry Beverages,5877.0,22,Sorted_FY2025 Split by County
HABERSHAM,2022-07,63710.0,Cooled Mixed Produce,15566.0,Cooled Fruits,9308.0,14,Sorted_FY2023 Split by County
HABERSHAM,2022-08,84201.0,Cooled Mixed Produce,15987.0,Cooled Fruits,13572.0,17,Sorted_FY2023 Split by County
HABERSHAM,2022-09,79465.0,Cooled Mixed Produce,18002.0,Cooled Fruits,7404.0,17,Sorted_FY2023 Split by County
HABERSHAM,2022-10,101257.0,Cooled Mixed Produce,31546.0,Cooled Fruits,11003.0,17,Sorted_FY2023 Split by County
HABERSHAM,2022-11,76614.0,Cooled Mixed Produce,20171.0,Cooled Vegetables,8750.0,15,Sorted_FY2023 Split by County
HABERSHAM,2022-12,78214.0,Cooled Mixed Produce,20995.0,Dry Food Misc.,8125.0,16,Sorted_FY2023 Split by County
HABERSHAM,2023-01,88504.0,Cooled Mixed Produce,13020.0,Dry Vegetables,11936.0,16,Sorted_FY2023 Split by County
HABERSHAM,2023-02,68245.0,Cooled Mixed Produce,20493.0,Dry Food Misc.,14183.0,16,Sorted_FY2023 Split by County
HABERSHAM,2023-03,84181.0,Cooled Mixed Produce,17200.0,Dry Food Misc.,11981.0,18,Sorted_FY2023 Split by County
HABERSHAM,2023-04,65622.0,Cooled Fruits,16398.0,Dry Other,8580.0,17,Sorted_FY2023 Split by County
HABERSHAM,2023-05,74832.0,Cooled Mixed Produce,20858.0,Cooled Fruits,13814.0,20,Sorted_FY2023 Split by County
HABERSHAM,2023-06,77669.0,Cooled Mixed Produce,22706.0,Cooled Fruits,9558.0,19,Sorted_FY2023 Split by County
HABERSHAM,2023-07,73409.0,Cooled Mixed Produce,19106.0,Dry Food Misc.,9613.0,18,Sorted_FY2024 Split by County
HABERSHAM,2023-08,106002.0,Cooled Mixed Produce,36966.0,Dry Food Misc.,16140.0,19,Sorted_FY2024 Split by County
HABERSHAM,2023-09,63313.0,Cooled Mixed Produce,19931.0,Dry Food Misc.,7512.0,16,Sorted_FY2024 Split by County
HABERSHAM,2023-10,116000.0,Cooled Mixed Produce,32619.0,Frozen Proteins,14974.0,16,Sorted_FY2024 Split by County
HABERSHAM,2023-11,119906.0,Cooled Mixed Produce,29579.0,Cooled Fruits,12953.0,15,Sorted_FY2024 Split by County
HABERSHAM,2023-12,77176.0,Cooled Mixed Produce,24188.0,Dry Food Misc.,9918.0,16,Sorted_FY2024 Split by County
HABERSHAM,2024-01,93725.0,Cooled Mixed Produce,32434.0,Dry Food Misc.,12286.0,19,Sorted_FY2024 Split by County
HABERSHAM,2024-02,102619.0,Cooled Mixed Produce,14826.0,Cooled Fruits,11052.0,20,Sorted_FY2024 Split by County
HABERSHAM,2024-03,87941.0,Cooled Vegetables,8943.0,Frozen Proteins,8807.0,22,Sorted_FY2024 Split by County
HABERSHAM,2024-04,117411.0,Dry Proteins,22631.0,Cooled Mixed Produce,11564.0,21,Sorted_FY2024 Split by County
HABERSHAM,2024-05,145321.0,Cooled Vegetables,25794.0,Cooled Fruits,20773.0,20,Sorted_FY2024 Split by County
HABERSHAM,2024-06,38191.0,Cooled Mixed Produce,6581.0,Cooled Fruits,6459.0,21,Sorted_FY2024 Split by County
HABERSHAM,2024-07,97876.09,Cooled Fruits,19577.0,Dry Food Misc.,15403.0,20,Sorted_FY2025 Split by County
HABERSHAM,2024-08,101691.0,Cooled Fruits,16749.0,Frozen Proteins,10824.0,22,Sorted_FY2025 Split by County
HABERSHAM,2024-09,88641.0,Cooled Fruits,20537.0,Cooled Potatoes,8700.0,22,Sorted_FY2025 Split by County
HABERSHAM,2024-10,115130.0,Cooled Fruits,26058.0,Cooled Potatoes,16450.0,22,Sorted_FY2025 Split by County
HABERSHAM,2024-11,112668.0,Cooled Mixed Produce,15374.0,Dry Beverages,11157.0,23,Sorted_FY2025 Split by County
HABERSHAM,2024-12,92299.0,Dry Food Misc.,13063.0,Dry Beverages,10840.0,23,Sorted_FY2025 Split by County
HABERSHAM,2025-01,104051.0,Cooled Fruits,21250.0,Cooled Potatoes,13300.0,21,Sorted_FY2025 Split by County
HABERSHAM,2025-02,115923.0,Cooled Fruits,18352.0,Dry Beverages,10426.0,24,Sorted_FY2025 Split by County
HABERSHAM,2025-03,114188.0,Cooled Fruits,20186.0,Dry Beverages,14670.0,22,Sorted_FY2025 Split by County
HABERSHAM,2025-04,96100.0,Cooled Vegetables,14008.0,Dry Beverages,11112.0,24,Sorted_FY2025 Split by County
HABERSHAM,2025-05,110071.0,Cooled Vegetables,18340.0,Dry Vegetables,9989.0,24,Sorted_FY2025 Split by County
HABERSHAM,2025-06,138564.6,Cooled Mixed Produce,26332.0,Cooled Vegetables,16445.0,24,Sorted_FY2025 Split by County
HART,2022-07,19778.0,Dry Beverages,4000.0,Dry Vegetables,3160.0,13,Sorted_FY2023 Split by County
HART,2022-08,16808.0,Cooled Mixed Produce,3000.0,Dry Beverages,2528.0,12,Sorted_FY2023 Split by County
HART,2022-09,28196.0,Dry Beverages,4768.0,Cooled Fruits,3785.0,16,Sorted_FY2023 Split by County
HART,2022-10,33570.0,Frozen Food Misc.,6557.0,Cooled Mixed Produce,4633.0,15,Sorted_FY2023 Split by County
HART,2022-11,18037.0,Frozen Food Misc.,3628.0,Dry Vegetables,2591.0,15,Sorted_FY2023 Split by County
HART,2022-12,24651.0,Dry Grains,3960.0,Dry Vegetables,3144.0,15,Sorted_FY2023 Split by County
HART,2023-01,28489.0,Dry Vegetables,5348.0,Frozen Proteins,3720.0,13,Sorted_FY2023 Split by County
HART,2023-02,23304.0,Dry Vegetables,4257.0,Cooled Mixed Produce,4116.0,13,Sorted_FY2023 Split by County
HART,2023-03,30244.0,Dry Proteins,5020.0,Frozen Proteins,4364.0,12,Sorted_FY2023 Split by County
HART,2023-04,19580.0,Dry Other,3528.0,Frozen Food Misc.,3500.0,16,Sorted_FY2023 Split by County
HART,2023-05,32820.0,Cooled Fruits,6383.0,Dry Grains,3933.0,16,Sorted_FY2023 Split by County
HART,2023-06,21049.0,Frozen Food Misc.,4600.0,Dry Grains,3192.0,10,Sorted_FY2023 Split by County
HART,2023-07,16814.0,Dry Vegetables,3159.0,Dry Proteins,2950.0,9,Sorted_FY2024 Split by County
HART,2023-08,23183.0,Dry Grains,3469.0,Dry Proteins,3350.0,12,Sorted_FY2024 Split by County
HART,2023-09,11649.0,Dry Proteins,3115.0,Frozen Proteins,1840.0,9,Sorted_FY2024 Split by County
HART,2023-10,30135.0,Dry Proteins,6639.0,Cooled Mixed Produce,4400.0,15,Sorted_FY2024 Split by County
HART,2023-11,21904.0,Frozen Proteins,3818.0,Frozen Fruits,3378.0,10,Sorted_FY2024 Split by County
HART,2023-12,8092.0,Frozen Proteins,2335.0,Dry Proteins,1950.0,10,Sorted_FY2024 Split by County
HART,2024-01,33740.0,Cooled Mixed Produce,6327.0,Dry Proteins,5541.0,15,Sorted_FY2024 Split by County
HART,2024-02,29091.0,Cooled Dairy,5112.0,Frozen Fruits,5092.0,15,Sorted_FY2024 Split by County
HART,2024-03,27307.0,Frozen Proteins,4897.0,Dry Vegetables,3400.0,19,Sorted_FY2024 Split by County
HART,2024-04,29715.0,Cooled Fruits,4580.0,Dry Food Misc.,3215.0,14,Sorted_FY2024 Split by County
HART,2024-05,29822.0,Cooled Fruits,9555.0,Dry Food Misc.,3817.0,13,Sorted_FY2024 Split by County
HART,2024-06,24876.0,Cooled Fruits,3941.0,Dry Proteins,3240.0,14,Sorted_FY2024 Split by County
HART,2024-07,31240.0,Cooled Fruits,11795.0,Dry Proteins,5005.0,14,Sorted_FY2025 Split by County
HART,2024-08,26690.0,Dry Proteins,4759.0,Dry Food Misc.,4229.0,14,Sorted_FY2025 Split by County
HART,2024-09,17621.0,Cooled Fruits,4508.0,Dry Beverages,2741.0,16,Sorted_FY2025 Split by County
HART,2024-10,19454.0,Dry Food Misc.,4457.0,Dry Beverages,3127.0,14,Sorted_FY2025 Split by County
HART,2024-11,36445.0,Cooled Potatoes,4600.0,Dry Vegetables,3504.0,21,Sorted_FY2025 Split by County
HART,2024-12,22578.0,Dry Beverages,6129.0,Dry Food Misc.,3877.0,20,Sorted_FY2025 Split by County
HART,2025-01,37351.0,Dry Beverages,8271.0,Cooled Potatoes,5220.0,16,Sorted_FY2025 Split by County
HART,2025-02,42307.0,Dry Non-Food Misc.,8941.0,Dry Beverages,6248.0,19,Sorted_FY2025 Split by County
HART,2025-03,22215.0,Dry Beverages,3390.0,Frozen Proteins,2798.0,16,Sorted_FY2025 Split by County
HART,2025-04,36309.0,Dry Beverages,6735.0,Dry Food Misc.,5035.0,20,Sorted_FY2025 Split by County
HART,2025-05,19680.0,Dry Beverages,3807.0,Dry Food Misc.,3742.0,18,Sorted_FY2025 Split by County
HART,2025-06,16765.0,Cooled Vegetables,3831.0,Dry Food Misc.,3526.0,18,Sorted_FY2025 Split by County
JACKSON,2022-07,109577.0,Cooled Fruits,18314.0,Dry Grains,15265.0,17,Sorted_FY2023 Split by County
JACKSON,2022-08,137315.0,Cooled Mixed Produce,29105.0,Dry Beverages,21087.0,18,Sorted_FY2023 Split by County
JACKSON,2022-09,119333.0,Cooled Mixed Produce,21036.0,Dry Beverages,13335.0,16,Sorted_FY2023 Split by County
JACKSON,2022-10,104117.0,Cooled Mixed Produce,18706.0,Cooled Fruits,13595.0,16,Sorted_FY2023 Split by County
JACKSON,2022-11,185368.0,Cooled Vegetables,28999.0,Dry Beverages,25958.0,18,Sorted_FY2023 Split by County
JACKSON,2022-12,124754.5,Dry Beverages,23375.5,Cooled Mixed Produce,21375.0,17,Sorted_FY2023 Split by County
JACKSON,2023-01,141225.0,Cooled Mixed Produce,29908.0,Dry Beverages,23138.0,18,Sorted_FY2023 Split by County
JACKSON,2023-02,145220.0,Cooled Mixed Produce,28096.0,Dry Vegetables,21513.0,16,Sorted_FY2023 Split by County
JACKSON,2023-03,120918.0,Frozen Proteins,28133.0,Cooled Fruits,16191.0,16,Sorted_FY2023 Split by County
JACKSON,2023-04,121167.0,Cooled Fruits,27628.0,Dry Beverages,14529.0,19,Sorted_FY2023 Split by County
JACKSON,2023-05,120123.0,Cooled Mixed Produce,24617.0,Dry Beverages,21849.0,20,Sorted_FY2023 Split by County
JACKSON,2023-06,154943.0,Cooled Mixed Produce,39522.0,Dry Beverages,25990.0,17,Sorted_FY2023 Split by County
JACKSON,2023-07,155724.0,Cooled Mixed Produce,53928.0,Dry Beverages,23881.0,19,Sorted_FY2024 Split by County
JACKSON,2023-08,187274.0,Dry Vegetables,29098.0,Cooled Mixed Produce,28597.0,17,Sorted_FY2024 Split by County
JACKSON,2023-09,136568.0,Cooled Mixed Produce,25675.0,Dry Grains,18850.0,18,Sorted_FY2024 Split by County
JACKSON,2023-10,194873.0,Dry Beverages,35295.0,Cooled Mixed Produce,34272.0,18,Sorted_FY2024 Split by County
JACKSON,2023-11,191693.0,Cooled Mixed Produce,38414.0,Dry Beverages,35133.0,15,Sorted_FY2024 Split by County
JACKSON,2023-12,184866.0,Cooled Mixed Produce,59097.0,Dry Beverages,28356.0,17,Sorted_FY2024 Split by County
JACKSON,2024-01,203123.0,Dry Beverages,48622.0,Cooled Mixed Produce,39010.0,18,Sorted_FY2024 Split by County
JACKSON,2024-02,200650.0,Dry Beverages,30987.0,Frozen Proteins,29747.0,20,Sorted_FY2024 Split by County
JACKSON,2024-03,201036.0,Cooled Fruits,31245.0,Dry Proteins,22380.0,22,Sorted_FY2024 Split by County
JACKSON,2024-04,189228.0,Dry Proteins,25647.0,Cooled Dairy,21325.0,20,Sorted_FY2024 Split by County
JACKSON,2024-05,194019.0,Cooled Fruits,25993.0,Frozen Proteins,24987.0,20,Sorted_FY2024 Split by County
JACKSON,2024-06,186886.6,Cooled Mixed Produce,33382.0,Dry Proteins,25086.6,19,Sorted_FY2024 Split by County
JACKSON,2024-07,204558.53,Cooled Fruits,50735.0,Dry Proteins,32730.53,23,Sorted_FY2025 Split by County
JACKSON,2024-08,201032.0,Cooled Fruits,47162.0,Dry Beverages,28023.0,23,Sorted_FY2025 Split by County
JACKSON,2024-09,223895.0,Cooled Fruits,43354.0,Dry Proteins,26023.0,24,Sorted_FY2025 Split by County
JACKSON,2024-10,223660.0,Dry Beverages,27415.0,Dry Proteins,26258.0,24,Sorted_FY2025 Split by County
JACKSON,2024-11,198642.0,Dry Beverages,28388.0,Cooled Potatoes,20870.0,23,Sorted_FY2025 Split by County
JACKSON,2024-12,214090.0,Cooled Potatoes,30100.0,Dry Beverages,28982.0,22,Sorted_FY2025 Split by County
JACKSON,2025-01,174157.0,Dry Beverages,25223.0,Cooled Fruits,23519.0,23,Sorted_FY2025 Split by County
JACKSON,2025-02,213927.0,Cooled Dairy,29796.0,Cooled Fruits,26849.0,19,Sorted_FY2025 Split by County
JACKSON,2025-03,212052.0,Dry Beverages,55751.0,Cooled Dairy,23316.0,20,Sorted_FY2025 Split by County
JACKSON,2025-04,211221.0,Cooled Potatoes,25510.0,Cooled Fruits,24643.0,23,Sorted_FY2025 Split by County
JACKSON,2025-05,221358.0,Dry Beverages,35428.0,Cooled Mixed Produce,21659.0,24,Sorted_FY2025 Split by County
JACKSON,2025-06,197069.34,Cooled Mixed Produce,49886.0,Cooled Vegetables,23698.0,24,Sorted_FY2025 Split by County
MADISON,2022-07,34369.0,Cooled Mixed Produce,5969.0,Dry Food Misc.,4697.0,17,Sorted_FY2023 Split by County
MADISON,2022-08,20440.0,Dry Food Misc.,4633.0,Dry Beverages,4297.0,17,Sorted_FY2023 Split by County
MADISON,2022-09,29754.0,Cooled Fruits,5598.0,Dry Food Misc.,4256.0,16,Sorted_FY2023 Split by County
MADISON,2022-10,43524.0,Dry Food Misc.,9840.0,Dry Vegetables,5174.0,16,Sorted_FY2023 Split by County
MADISON,2022-11,71191.0,Frozen Proteins,11762.0,Dry Food Misc.,10336.0,16,Sorted_FY2023 Split by County
MADISON,2022-12,29628.0,Dry Food Misc.,5502.0,Frozen Proteins,5224.0,15,Sorted_FY2023 Split by County
MADISON,2023-01,30418.0,Dry Food Misc.,6046.0,Dry Beverages,5833.0,16,Sorted_FY2023 Split by County
MADISON,2023-02,19018.0,Dry Food Misc.,5408.0,Dry Other,2868.0,16,Sorted_FY2023 Split by County
MADISON,2023-03,35882.0,Dry Food Misc.,7522.0,Cooled Mixed Produce,7054.0,15,Sorted_FY2023 Split by County
MADISON,2023-04,30567.0,Dry Food Misc.,4984.0,Dry Beverages,4614.0,16,Sorted_FY2023 Split by County
MADISON,2023-05,33015.0,Dry Beverages,6084.0,Dry Food Misc.,5652.0,18,Sorted_FY2023 Split by County
MADISON,2023-06,25936.0,Dry Beverages,6658.0,Dry Food Misc.,4320.0,15,Sorted_FY2023 Split by County
MADISON,2023-07,51688.0,Cooled Mixed Produce,10726.0,Dry Proteins,10290.0,16,Sorted_FY2024 Split by County
MADISON,2023-08,28461.0,Dry Beverages,5988.0,Dry Food Misc.,4837.0,19,Sorted_FY2024 Split by County
MADISON,2023-09,67338.0,Cooled Mixed Produce,10906.0,Cooled Food Misc.,8917.0,18,Sorted_FY2024 Split by County
MADISON,2023-10,30560.0,Dry Beverages,6288.0,Dry Food Misc.,5005.0,16,Sorted_FY2024 Split by County
MADISON,2023-11,32656.0,Dry Beverages,7901.0,Dry Food Misc.,4204.0,14,Sorted_FY2024 Split by County
MADISON,2023-12,24857.0,Dry Beverages,6199.0,Dry Food Misc.,3414.0,16,Sorted_FY2024 Split by County
MADISON,2024-01,45231.0,Dry Beverages,13316.0,Dry Vegetables,4463.0,18,Sorted_FY2024 Split by County
MADISON,2024-02,34703.0,Dry Beverages,15394.0,Dry Food Misc.,3858.0,20,Sorted_FY2024 Split by County
MADISON,2024-03,61907.0,Dry Potatoes,8397.0,Dry Beverages,8007.0,23,Sorted_FY2024 Split by County
MADISON,2024-04,52342.0,Dry Beverages,7998.0,Frozen Proteins,7903.0,20,Sorted_FY2024 Split by County
MADISON,2024-05,32730.0,Dry Food Misc.,8317.0,Dry Beverages,6596.0,20,Sorted_FY2024 Split by County
MADISON,2024-06,20365.36,Dry Beverages,4351.0,Dry Food Misc.,3251.0,20,Sorted_FY2024 Split by County
MADISON,2024-07,37381.9,Dry Beverages,8764.0,Dry Food Misc.,5802.0,21,Sorted_FY2025 Split by County
MADISON,2024-08,42941.0,Dry Beverages,13248.0,Dry Food Misc.,5642.0,23,Sorted_FY2025 Split by County
MADISON,2024-09,35554.0,Dry Beverages,9951.0,Dry Food Misc.,4337.0,24,Sorted_FY2025 Split by County
MADISON,2024-10,46342.0,Dry Beverages,13670.0,Dry Food Misc.,6103.0,23,Sorted_FY2025 Split by County
MADISON,2024-11,51924.0,Cooled Fruits,7491.0,Cooled Potatoes,6716.0,23,Sorted_FY2025 Split by County
MADISON,2024-12,25743.0,Dry Food Misc.,7284.0,Dry Beverages,4133.0,22,Sorted_FY2025 Split by County
MADISON,2025-01,34032.0,Dry Food Misc.,8954.0,Dry Beverages,7978.0,21,Sorted_FY2025 Split by County
MADISON,2025-02,40952.0,Dry Beverages,10246.0,Dry Food Misc.,7608.0,22,Sorted_FY2025 Split by County
MADISON,2025-03,99289.0,Dry Beverages,18363.0,Frozen Proteins,11487.0,19,Sorted_FY2025 Split by County
MADISON,2025-04,43949.0,Dry Beverages,11935.0,Dry Food Misc.,5481.0,20,Sorted_FY2025 Split by County
MADISON,2025-05,59176.0,Dry Beverages,14736.0,Dry Food Misc.,7307.0,23,Sorted_FY2025 Split by County
MADISON,2025-06,35771.1,Dry Beverages,11765.0,Dry Food Misc.,5914.4,23,Sorted_FY2025 Split by County
OCONEE,2022-07,14007.0,Dry Proteins,2853.0,Cooled Dairy,2106.0,13,Sorted_FY2023 Split by County
OCONEE,2022-08,14423.0,Cooled Mixed Produce,4957.0,Dry Grains,1455.0,13,Sorted_FY2023 Split by County
OCONEE,2022-09,13230.0,Cooled Fruits,2640.0,Dry Grains,2143.0,12,Sorted_FY2023 Split by County
OCONEE,2022-10,21184.0,Dry Vegetables,2834.0,Cooled Mixed Produce,2669.0,16,Sorted_FY2023 Split by County
OCONEE,2022-11,21282.0,Cooled Dairy,7213.0,Dry Beverages,2197.0,11,Sorted_FY2023 Split by County
OCONEE,2022-12,19468.0,Dry Beverages,3147.0,Cooled Mixed Produce,3064.0,11,Sorted_FY2023 Split by County
OCONEE,2023-01,11868.0,Cooled Mixed Produce,2885.0,Dry Vegetables,2834.0,10,Sorted_FY2023 Split by County
OCONEE,2023-02,20261.0,Cooled Mixed Produce,11725.0,Dry Vegetables,2132.0,10,Sorted_FY2023 Split by County
OCONEE,2023-03,16535.0,Cooled Potatoes,3600.0,Dry Proteins,3304.0,12,Sorted_FY2023 Split by County
OCONEE,2023-04,22161.0,Cooled Fruits,5546.0,Dry Grains,3762.0,13,Sorted_FY2023 Split by County
OCONEE,2023-05,14802.0,Cooled Mixed Produce,3343.0,Cooled Fruits,2916.0,11,Sorted_FY2023 Split by County
OCONEE,2023-06,22791.0,Cooled Fruits,4716.0,Dry Beverages,4044.0,10,Sorted_FY2023 Split by County
OCONEE,2023-07,26646.0,Cooled Mixed Produce,7145.0,Dry Grains,4237.0,10,Sorted_FY2024 Split by County
OCONEE,2023-08,26622.0,Cooled Fruits,6185.0,Cooled Mixed Produce,4248.0,11,Sorted_FY2024 Split by County
OCONEE,2023-09,24452.0,Dry Proteins,5279.0,Cooled Mixed Produce,4707.0,12,Sorted_FY2024 Split by County
OCONEE,2023-10,24552.0,Cooled Mixed Produce,7710.0,Dry Proteins,4591.0,14,Sorted_FY2024 Split by County
OCONEE,2023-11,24693.0,Cooled Fruits,7086.0,Cooled Mixed Produce,6096.0,14,Sorted_FY2024 Split by County
OCONEE,2023-12,28262.0,Cooled Mixed Produce,10372.0,Dry Beverages,5542.0,13,Sorted_FY2024 Split by County
OCONEE,2024-01,28945.0,Cooled Mixed Produce,8174.0,Cooled Dairy,4296.0,16,Sorted_FY2024 Split by County
OCONEE,2024-02,23949.0,Cooled Vegetables,5990.0,Cooled Fruits,4481.0,14,Sorted_FY2024 Split by County
OCONEE,2024-03,25922.0,Cooled Fruits,4528.0,Dry Proteins,4438.0,17,Sorted_FY2024 Split by County
OCONEE,2024-04,31742.0,Cooled Fruits,4750.0,Dry Proteins,4708.0,14,Sorted_FY2024 Split by County
OCONEE,2024-05,24247.0,Cooled Fruits,7824.0,Dry Proteins,4018.0,9,Sorted_FY2024 Split by County
OCONEE,2024-06,24477.0,Cooled Fruits,5913.0,Dry Proteins,5243.0,10,Sorted_FY2024 Split by County
OCONEE,2024-07,22716.0,Cooled Fruits,5724.0,Dry Proteins,4865.0,8,Sorted_FY2025 Split by County
OCONEE,2024-08,35001.0,Cooled Fruits,7220.0,Dry Proteins,6579.0,10,Sorted_FY2025 Split by County
OCONEE,2024-09,17463.0,Cooled Fruits,5575.0,Cooled Potatoes,2320.0,16,Sorted_FY2025 Split by County
OCONEE,2024-10,27697.0,Cooled Potatoes,4800.0,Frozen Proteins,3360.0,15,Sorted_FY2025 Split by County
OCONEE,2024-11,28747.0,Dry Beverages,5261.0,Cooled Potatoes,4000.0,14,Sorted_FY2025 Split by County
OCONEE,2024-12,30249.0,Cooled Potatoes,4000.0,Cooled Dairy,3840.0,18,Sorted_FY2025 Split by County
OCONEE,2025-01,29754.0,Dry Beverages,4754.0,Cooled Fruits,3986.0,16,Sorted_FY2025 Split by County
OCONEE,2025-02,29815.0,Cooled Potatoes,4000.0,Dry Fruits,3840.0,18,Sorted_FY2025 Split by County
OCONEE,2025-03,27239.0,Frozen Proteins,4517.0,Cooled Vegetables,2657.0,15,Sorted_FY2025 Split by County
OCONEE,2025-04,14513.0,Cooled Fruits,3040.0,Dry Beverages,2905.0,11,Sorted_FY2025 Split by County
OCONEE,2025-05,23084.0,Cooled Fruits,6036.0,Dry Beverages,3549.0,14,Sorted_FY2025 Split by County
OCONEE,2025-06,20638.0,Dry Beverages,3761.0,Dry Proteins,3211.0,14,Sorted_FY2025 Split by County
OGLETHORPE,2022-07,19794.0,Cooled Fruits,5270.0,Frozen Proteins,2303.0,17,Sorted_FY2023 Split by County
OGLETHORPE,2022-08,44027.0,Cooled Fruits,7787.0,Cooled Mixed Produce,7741.0,18,Sorted_FY2023 Split by County
OGLETHORPE,2022-09,27297.0,Cooled Mixed Produce,4832.0,Dry Food Misc.,3105.0,18,Sorted_FY2023 Split by County
OGLETHORPE,2022-10,37753.0,Cooled Mixed Produce,7951.0,Cooled Fruits,4350.0,15,Sorted_FY2023 Split by County
OGLETHORPE,2022-11,29563.0,Dry Food Misc.,4248.0,Dry Beverages,3615.0,14,Sorted_FY2023 Split by County
OGLETHORPE,2022-12,34277.0,Cooled Mixed Produce,5766.0,Frozen Proteins,4602.0,17,Sorted_FY2023 Split by County
OGLETHORPE,2023-01,26826.0,Dry Non-Food Misc.,3571.0,Dry Beverages,3332.0,15,Sorted_FY2023 Split by County
OGLETHORPE,2023-02,34951.0,Dry Beverages,6045.0,Cooled Fruits,4960.0,16,Sorted_FY2023 Split by County
OGLETHORPE,2023-03,36531.0,Cooled Mixed Produce,9474.0,Frozen Proteins,4866.0,14,Sorted_FY2023 Split by County
OGLETHORPE,2023-04,36768.0,Dry Other,5112.0,Cooled Fruits,5102.0,18,Sorted_FY2023 Split by County
OGLETHORPE,2023-05,24618.0,Cooled Mixed Produce,5368.0,Frozen Proteins,3258.0,18,Sorted_FY2023 Split by County
OGLETHORPE,2023-06,41766.0,Cooled Mixed Produce,11059.0,Dry Beverages,4792.0,14,Sorted_FY2023 Split by County
OGLETHORPE,2023-07,22920.0,Cooled Mixed Produce,4770.0,Dry Grains,4118.0,10,Sorted_FY2024 Split by County
OGLETHORPE,2023-08,33863.0,Dry Proteins,4710.0,Dry Beverages,3834.0,15,Sorted_FY2024 Split by County
OGLETHORPE,2023-09,29815.0,Dry Proteins,4203.0,Cooled Fruits,3327.0,16,Sorted_FY2024 Split by County
OGLETHORPE,2023-10,42837.0,Cooled Mixed Produce,8693.0,Dry Non-Food Misc.,8146.0,15,Sorted_FY2024 Split by County
OGLETHORPE,2023-11,34564.0,Dry Food Misc.,7169.0,Dry Beverages,7050.0,14,Sorted_FY2024 Split by County
OGLETHORPE,2023-12,44449.0,Cooled Mixed Produce,16728.0,Dry Beverages,5737.0,16,Sorted_FY2024 Split by County
OGLETHORPE,2024-01,28517.0,Dry Beverages,7180.0,Frozen Proteins,4008.0,17,Sorted_FY2024 Split by County
OGLETHORPE,2024-02,33012.0,Frozen Proteins,5953.0,Cooled Mixed Produce,3911.0,20,Sorted_FY2024 Split by County
OGLETHORPE,2024-03,32711.0,Frozen Proteins,4521.0,Dry Beverages,3802.0,22,Sorted_FY2024 Split by County
OGLETHORPE,2024-04,50127.0,Frozen Proteins,6000.0,Cooled Fruits,5700.0,19,Sorted_FY2024 Split by County
OGLETHORPE,2024-05,37126.0,Dry Food Misc.,6800.0,Frozen Proteins,4900.0,19,Sorted_FY2024 Split by County
OGLETHORPE,2024-06,36542.36,Cooled Mixed Produce,8116.0,Dry Proteins,5296.36,19,Sorted_FY2024 Split by County
OGLETHORPE,2024-07,34850.17,Cooled Fruits,6017.0,Dry Beverages,5475.0,22,Sorted_FY2025 Split by County
OGLETHORPE,2024-08,41790.0,Cooled Fruits,7512.0,Frozen Proteins,5938.0,20,Sorted_FY2025 Split by County
OGLETHORPE,2024-09,31696.0,Cooled Fruits,8137.0,Dry Beverages,3758.0,24,Sorted_FY2025 Split by County
OGLETHORPE,2024-10,56671.0,Dry Beverages,7546.0,Dry Proteins,7253.0,24,Sorted_FY2025 Split by County
OGLETHORPE,2024-11,40843.0,Frozen Proteins,5750.0,Dry Food Misc.,4660.0,23,Sorted_FY2025 Split by County
OGLETHORPE,2024-12,44577.0,Cooled Potatoes,5284.0,Dry Beverages,5240.0,23,Sorted_FY2025 Split by County
OGLETHORPE,2025-01,31423.0,Cooled Fruits,3027.0,Dry Beverages,2856.0,23,Sorted_FY2025 Split by County
OGLETHORPE,2025-02,65158.0,Dry Non-Food Misc.,9728.0,Dry Beverages,7498.0,21,Sorted_FY2025 Split by County
OGLETHORPE,2025-03,54664.0,Dry Beverages,9721.0,Dry Proteins,9689.0,19,Sorted_FY2025 Split by County
OGLETHORPE,2025-04,49607.0,Dry Proteins,7098.0,Dry Food Misc.,5613.0,18,Sorted_FY2025 Split by County
OGLETHORPE,2025-05,35817.0,Cooled Vegetables,6377.0,Dry Food Misc.,4839.0,23,Sorted_FY2025 Split by County
OGLETHORPE,2025-06,45860.64,Dry Beverages,7897.0,Cooled Potatoes,5160.0,23,Sorted_FY2025 Split by County
RABUN,2022-07,106391.0,Cooled Mixed Produce,21100.0,Dry Beverages,18924.0,15,Sorted_FY2023 Split by County
RABUN,2022-08,79578.0,Cooled Mixed Produce,15437.0,Dry Grains,12796.0,16,Sorted_FY2023 Split by County
RABUN,2022-09,85710.0,Cooled Mixed Produce,18829.0,Dry Grains,13847.0,16,Sorted_FY2023 Split by County
RABUN,2022-10,82849.0,Cooled Mixed Produce,20191.0,Frozen Food Misc.,13832.0,15,Sorted_FY2023 Split by County
RABUN,2022-11,61829.0,Dry Vegetables,12258.0,Cooled Mixed Produce,12256.0,14,Sorted_FY2023 Split by County
RABUN,2022-12,64349.0,Dry Grains,14680.0,Cooled Mixed Produce,11317.0,14,Sorted_FY2023 Split by County
RABUN,2023-01,186030.0,Cooled Fruits,123990.0,Dry Vegetables,13548.0,14,Sorted_FY2023 Split by County
RABUN,2023-02,63608.0,Dry Grains,13738.0,Frozen Food Misc.,10834.0,14,Sorted_FY2023 Split by County
RABUN,2023-03,64701.0,Cooled Mixed Produce,12227.0,Cooled Fruits,8073.0,15,Sorted_FY2023 Split by County
RABUN,2023-04,86876.0,Frozen Food Misc.,24995.0,Dry Grains,12168.0,14,Sorted_FY2023 Split by County
RABUN,2023-05,62459.0,Cooled Mixed Produce,12251.0,Dry Grains,10913.0,13,Sorted_FY2023 Split by County
RABUN,2023-06,76420.0,Cooled Mixed Produce,13798.0,Dry Grains,10274.0,14,Sorted_FY2023 Split by County
RABUN,2023-07,90960.0,Dry Grains,21457.0,Dry Vegetables,15192.0,15,Sorted_FY2024 Split by County
RABUN,2023-08,85051.0,Dry Grains,12064.0,Cooled Mixed Produce,11083.0,16,Sorted_FY2024 Split by County
RABUN,2023-09,109327.0,Cooled Potatoes,17797.0,Dry Grains,13688.0,15,Sorted_FY2024 Split by County
RABUN,2023-10,77270.0,Dry Proteins,15898.0,Dry Vegetables,11234.0,13,Sorted_FY2024 Split by County
RABUN,2023-11,81322.0,Cooled Mixed Produce,13000.0,Dry Grains,11598.0,13,Sorted_FY2024 Split by County
RABUN,2023-12,65141.0,Cooled Mixed Produce,13968.0,Dry Proteins,10568.0,13,Sorted_FY2024 Split by County
RABUN,2024-01,72183.0,Dry Vegetables,11248.0,Cooled Dairy,10428.0,15,Sorted_FY2024 Split by County
RABUN,2024-02,81895.0,Cooled Dairy,10976.0,Cooled Fruits,10404.0,14,Sorted_FY2024 Split by County
RABUN,2024-03,111945.0,Cooled Mixed Produce,18848.0,Dry Grains,18012.0,16,Sorted_FY2024 Split by County
RABUN,2024-04,76484.0,Cooled Dairy,13108.0,Dry Vegetables,12662.0,14,Sorted_FY2024 Split by County
RABUN,2024-05,109834.0,Dry Proteins,21257.0,Cooled Fruits,20012.0,16,Sorted_FY2024 Split by County
RABUN,2024-06,81631.0,Dry Proteins,16740.0,Dry Grains,13710.0,14,Sorted_FY2024 Split by County
RABUN,2024-07,92257.0,Dry Proteins,24915.0,Dry Vegetables,19374.0,14,Sorted_FY2025 Split by County
RABUN,2024-08,82804.0,Dry Proteins,11244.0,Dry Food Misc.,10949.0,17,Sorted_FY2025 Split by County
RABUN,2024-09,53118.0,Dry Vegetables,9206.0,Dry Proteins,9045.0,16,Sorted_FY2025 Split by County
RABUN,2024-10,109566.0,Dry Vegetables,24684.0,Dry Grains,19868.0,19,Sorted_FY2025 Split by County
RABUN,2024-11,64851.0,Dry Vegetables,11065.0,Dry Grains,8507.0,19,Sorted_FY2025 Split by County
RABUN,2024-12,94561.0,Cooled Mixed Produce,26232.0,Dry Food Misc.,10677.0,17,Sorted_FY2025 Split by County
RABUN,2025-01,64664.0,Dry Grains,10172.0,Dry Vegetables,8924.0,17,Sorted_FY2025 Split by County
RABUN,2025-02,74609.0,Dry Food Misc.,17036.0,Dry Vegetables,10557.0,17,Sorted_FY2025 Split by County
RABUN,2025-03,79549.0,Cooled Dairy,10252.0,Dry Food Misc.,9681.0,18,Sorted_FY2025 Split by County
RABUN,2025-04,63536.0,Dry Beverages,8347.0,Dry Grains,7096.0,19,Sorted_FY2025 Split by County
RABUN,2025-05,79189.0,Frozen Food Misc.,16784.0,Dry Food Misc.,13020.0,17,Sorted_FY2025 Split by County
RABUN,2025-06,59889.4,Dry Beverages,10107.0,Dry Food Misc.,8626.0,22,Sorted_FY2025 Split by County
STEPHENS,2022-07,41760.0,Cooled Mixed Produce,7641.0,Dry Beverages,5941.0,14,Sorted_FY2023 Split by County
STEPHENS,2022-08,35719.0,Dry Proteins,4889.0,Dry Beverages,4850.0,14,Sorted_FY2023 Split by County
STEPHENS,2022-09,40536.0,Dry Proteins,5363.0,Dry Vegetables,5114.0,17,Sorted_FY2023 Split by County
STEPHENS,2022-10,45708.0,Frozen Food Misc.,7161.0,Cooled Mixed Produce,6454.0,15,Sorted_FY2023 Split by County
STEPHENS,2022-11,44565.0,Frozen Food Misc.,7161.0,Cooled Vegetables,6410.0,14,Sorted_FY2023 Split by County
STEPHENS,2022-12,40413.0,Dry Fruits,9168.0,Dry Other,6180.0,13,Sorted_FY2023 Split by County
STEPHENS,2023-01,32105.0,Dry Vegetables,5221.0,Frozen Proteins,4103.0,13,Sorted_FY2023 Split by County
STEPHENS,2023-02,38433.0,Cooled Mixed Produce,6932.0,Dry Other,5136.0,12,Sorted_FY2023 Split by County
STEPHENS,2023-03,35773.0,Cooled Fruits,6678.0,Dry Other,5028.0,15,Sorted_FY2023 Split by County
STEPHENS,2023-04,29894.0,Dry Other,7110.0,Frozen Food Misc.,4657.0,13,Sorted_FY2023 Split by County
STEPHENS,2023-05,38541.0,Cooled Mixed Produce,6088.0,Frozen Proteins,5273.0,14,Sorted_FY2023 Split by County
STEPHENS,2023-06,26694.0,Dry Other,5364.0,Cooled Potatoes,3737.0,12,Sorted_FY2023 Split by County
STEPHENS,2023-07,33987.0,Dry Grains,6576.0,Dry Vegetables,5871.0,15,Sorted_FY2024 Split by County
STEPHENS,2023-08,36665.0,Dry Vegetables,5554.0,Dry Food Misc.,5419.0,15,Sorted_FY2024 Split by County
STEPHENS,2023-09,24009.0,Frozen Proteins,4081.0,Dry Proteins,3690.0,13,Sorted_FY2024 Split by County
STEPHENS,2023-10,44113.0,Dry Proteins,9866.0,Frozen Proteins,5991.0,14,Sorted_FY2024 Split by County
STEPHENS,2023-11,32454.0,Dry Vegetables,5577.0,Cooled Fruits,4669.0,13,Sorted_FY2024 Split by County
STEPHENS,2023-12,25472.0,Dry Proteins,5019.0,Frozen Proteins,4541.0,13,Sorted_FY2024 Split by County
STEPHENS,2024-01,24698.0,Dry Vegetables,4738.0,Cooled Dairy,4239.0,15,Sorted_FY2024 Split by County
STEPHENS,2024-02,28269.0,Cooled Fruits,4956.0,Dry Vegetables,4199.0,17,Sorted_FY2024 Split by County
STEPHENS,2024-03,38290.0,Dry Vegetables,6916.0,Frozen Proteins,5222.0,18,Sorted_FY2024 Split by County
STEPHENS,2024-04,44749.0,Dry Vegetables,7581.0,Cooled Fruits,6204.0,19,Sorted_FY2024 Split by County
STEPHENS,2024-05,66234.0,Dry Prepared Meals,11206.0,Frozen Proteins,10072.0,16,Sorted_FY2024 Split by County
STEPHENS,2024-06,44617.0,Dry Proteins,7012.0,Frozen Proteins,6060.0,17,Sorted_FY2024 Split by County
STEPHENS,2024-07,41826.0,Dry Proteins,8333.0,Frozen Proteins,5402.0,16,Sorted_FY2025 Split by County
STEPHENS,2024-08,88761.0,Dry Beverages,17192.0,Frozen Proteins,13955.0,20,Sorted_FY2025 Split by County
STEPHENS,2024-09,59293.0,Dry Beverages,8544.0,Cooled Fruits,7361.0,21,Sorted_FY2025 Split by County
STEPHENS,2024-10,44987.0,Dry Vegetables,7220.0,Dry Beverages,6946.0,21,Sorted_FY2025 Split by County
STEPHENS,2024-11,58180.0,Dry Fruits,7173.0,Dry Food Misc.,6357.0,21,Sorted_FY2025 Split by County
STEPHENS,2024-12,49721.0,Dry Beverages,7758.0,Cooled Potatoes,5854.0,22,Sorted_FY2025 Split by County
STEPHENS,2025-01,47560.0,Dry Food Misc.,6238.0,Cooled Potatoes,6158.0,21,Sorted_FY2025 Split by County
STEPHENS,2025-02,56827.0,Cooled Fruits,9242.0,Cooled Potatoes,6800.0,21,Sorted_FY2025 Split by County
STEPHENS,2025-03,79240.0,Cooled Potatoes,14700.0,Dry Beverages,11998.0,21,Sorted_FY2025 Split by County
STEPHENS,2025-04,76466.0,Dry Beverages,14168.0,Dry Vegetables,8773.0,23,Sorted_FY2025 Split by County
STEPHENS,2025-05,81944.0,Dry Beverages,22455.0,Dry Prepared Meals,8616.0,22,Sorted_FY2025 Split by County
STEPHENS,2025-06,90090.06,Dry Beverages,19896.0,Dry Grains,7517.0,24,Sorted_FY2025 Split by County
TOWNS,2022-07,21994.0,Dry Beverages,3944.0,Cooled Fruits,3770.0,12,Sorted_FY2023 Split by County
TOWNS,2022-08,13816.0,Cooled Mixed Produce,5139.0,Dry Beverages,2077.0,11,Sorted_FY2023 Split by County
TOWNS,2022-09,15211.0,Dry Beverages,2600.0,Cooled Fruits,1805.0,13,Sorted_FY2023 Split by County
TOWNS,2022-10,14207.0,Frozen Food Misc.,3306.0,Dry Vegetables,2215.0,10,Sorted_FY2023 Split by County
TOWNS,2022-11,17452.0,Frozen Food Misc.,3663.0,Dry Vegetables,3420.0,11,Sorted_FY2023 Split by County
TOWNS,2022-12,10547.0,Dry Grains,2286.0,Dry Proteins,1635.0,10,Sorted_FY2023 Split by County
TOWNS,2023-01,17121.0,Dry Beverages,4022.0,Cooled Mixed Produce,3018.0,12,Sorted_FY2023 Split by County
TOWNS,2023-02,12018.0,Cooled Mixed Produce,2467.0,Dry Food Misc.,1578.0,12,Sorted_FY2023 Split by County
TOWNS,2023-03,15542.0,Frozen Proteins,3395.0,Dry Proteins,2425.0,14,Sorted_FY2023 Split by County
TOWNS,2023-04,14106.0,Frozen Food Misc.,3666.0,Cooled Fruits,1944.0,10,Sorted_FY2023 Split by County
TOWNS,2023-05,16679.0,Cooled Potatoes,3071.0,Frozen Food Misc.,2335.0,11,Sorted_FY2023 Split by County
TOWNS,2023-06,14878.0,Dry Grains,3223.0,Frozen Food Misc.,3164.0,9,Sorted_FY2023 Split by County
TOWNS,2023-07,14130.0,Cooled Mixed Produce,3799.0,Dry Food Misc.,2350.0,11,Sorted_FY2024 Split by County
TOWNS,2023-08,9837.0,Dry Vegetables,2219.0,Dry Food Misc.,2142.0,10,Sorted_FY2024 Split by County
TOWNS,2023-09,11949.0,Frozen Proteins,2704.0,Dry Proteins,2146.0,11,Sorted_FY2024 Split by County
TOWNS,2023-10,27745.0,Dry Proteins,10004.0,Dry Grains,3337.0,12,Sorted_FY2024 Split by County
TOWNS,2023-11,16494.0,Dry Vegetables,3718.0,Dry Proteins,3057.0,13,Sorted_FY2024 Split by County
TOWNS,2023-12,12384.0,Dry Proteins,2923.0,Frozen Proteins,2110.0,11,Sorted_FY2024 Split by County
TOWNS,2024-01,14834.0,Dry Proteins,6148.0,Dry Vegetables,3760.0,10,Sorted_FY2024 Split by County
TOWNS,2024-02,5200.0,Dry Beverages,1185.0,Frozen Proteins,810.0,12,Sorted_FY2024 Split by County
TOWNS,2024-03,6126.0,Cooled Dairy,1584.0,Dry Beverages,1410.0,10,Sorted_FY2024 Split by County
TOWNS,2024-04,16586.0,Cooled Fruits,5038.0,Dry Vegetables,2855.0,11,Sorted_FY2024 Split by County
TOWNS,2024-05,9749.0,Dry Proteins,2107.0,Frozen Proteins,1453.0,13,Sorted_FY2024 Split by County
TOWNS,2024-06,2861.0,Dry Proteins,872.0,Dry Beverages,769.0,8,Sorted_FY2024 Split by County
TOWNS,2024-07,14342.0,Dry Vegetables,3390.0,Dry Proteins,3285.0,14,Sorted_FY2025 Split by County
TOWNS,2024-08,8504.0,Dry Proteins,1636.0,Dry Food Misc.,1523.0,11,Sorted_FY2025 Split by County
TOWNS,2024-09,3892.0,Dry Beverages,917.0,Dry Vegetables,631.0,11,Sorted_FY2025 Split by County
TOWNS,2024-10,7089.0,Dry Beverages,1307.0,Dry Proteins,1048.0,13,Sorted_FY2025 Split by County
TOWNS,2024-11,13796.0,Dry Vegetables,3785.0,Dry Grains,2639.0,13,Sorted_FY2025 Split by County
TOWNS,2024-12,3036.0,Dry Proteins,630.0,Dry Fruits,615.0,8,Sorted_FY2025 Split by County
TOWNS,2025-01,8437.0,Dry Beverages,1175.0,Cooled Potatoes,1100.0,12,Sorted_FY2025 Split by County
TOWNS,2025-02,10049.0,Dry Beverages,1233.0,Dry Vegetables,1225.0,14,Sorted_FY2025 Split by County
TOWNS,2025-03,16197.0,Dry Food Misc.,3535.0,Dry Beverages,2970.0,14,Sorted_FY2025 Split by County
TOWNS,2025-04,10324.0,Dry Food Misc.,1889.0,Dry Grains,1464.0,14,Sorted_FY2025 Split by County
TOWNS,2025-05,11784.0,Dry Food Misc.,3316.0,Dry Proteins,2085.0,11,Sorted_FY2025 Split by County
TOWNS,2025-06,10030.0,Dry Beverages,2520.0,Dry Fruits,2325.0,14,Sorted_FY2025 Split by County
WHITE,2022-07,26749.0,Dry Beverages,5506.0,Cooled Mixed Produce,4258.0,15,Sorted_FY2023 Split by County
WHITE,2022-08,36916.0,Cooled Mixed Produce,8096.0,Dry Beverages,6026.0,14,Sorted_FY2023 Split by County
WHITE,2022-09,30774.0,Dry Beverages,6481.0,Dry Proteins,3940.0,14,Sorted_FY2023 Split by County
WHITE,2022-10,33819.0,Dry Other,6414.0,Cooled Dairy,4351.0,14,Sorted_FY2023 Split by County
WHITE,2022-11,37404.0,Frozen Food Misc.,7765.0,Dry Other,6810.0,13,Sorted_FY2023 Split by County
WHITE,2022-12,31872.0,Dry Other,6306.0,Dry Vegetables,4268.0,13,Sorted_FY2023 Split by County
WHITE,2023-01,32813.5,Dry Vegetables,5809.0,Dry Other,5136.0,13,Sorted_FY2023 Split by County
WHITE,2023-02,26919.0,Frozen Proteins,5914.0,Dry Other,4968.0,12,Sorted_FY2023 Split by County
WHITE,2023-03,27910.0,Dry Other,4932.0,Cooled Fruits,4068.0,13,Sorted_FY2023 Split by County
WHITE,2023-04,38652.0,Dry Other,7320.0,Cooled Fruits,5976.0,13,Sorted_FY2023 Split by County
WHITE,2023-05,30145.0,Frozen Food Misc.,5619.0,Frozen Proteins,4031.0,13,Sorted_FY2023 Split by County
WHITE,2023-06,28251.0,Frozen Food Misc.,8535.0,Dry Other,4860.0,12,Sorted_FY2023 Split by County
WHITE,2023-07,29610.0,Cooled Mixed Produce,6941.0,Dry Proteins,4824.0,13,Sorted_FY2024 Split by County
WHITE,2023-08,29956.0,Frozen Proteins,5888.0,Dry Vegetables,4683.0,14,Sorted_FY2024 Split by County
WHITE,2023-09,24303.0,Frozen Proteins,4654.0,Dry Grains,3952.0,13,Sorted_FY2024 Split by County
WHITE,2023-10,34899.0,Frozen Proteins,7394.0,Dry Proteins,6762.0,14,Sorted_FY2024 Split by County
WHITE,2023-11,21071.0,Frozen Proteins,4483.0,Dry Proteins,3364.0,13,Sorted_FY2024 Split by County
WHITE,2023-12,25265.0,Dry Proteins,5984.0,Frozen Proteins,5274.0,13,Sorted_FY2024 Split by County
WHITE,2024-01,30956.0,Dry Proteins,6845.0,Dry Vegetables,5109.0,14,Sorted_FY2024 Split by County
WHITE,2024-02,30321.0,Frozen Proteins,6077.0,Cooled Fruits,4704.0,16,Sorted_FY2024 Split by County
WHITE,2024-03,29814.0,Dry Vegetables,6228.0,Cooled Dairy,6072.0,16,Sorted_FY2024 Split by County
WHITE,2024-04,32839.0,Cooled Fruits,8444.0,Frozen Proteins,6405.0,15,Sorted_FY2024 Split by County
WHITE,2024-05,28166.0,Cooled Fruits,8250.0,Dry Proteins,4024.0,15,Sorted_FY2024 Split by County
WHITE,2024-06,29044.0,Dry Proteins,6951.0,Frozen Proteins,6067.0,15,Sorted_FY2024 Split by County
WHITE,2024-07,32183.0,Dry Proteins,8530.0,Frozen Proteins,5598.0,15,Sorted_FY2025 Split by County
WHITE,2024-08,26008.0,Dry Vegetables,4178.0,Dry Proteins,4111.0,17,Sorted_FY2025 Split by County
WHITE,2024-09,26357.0,Frozen Proteins,5068.0,Dry Vegetables,3687.0,15,Sorted_FY2025 Split by County
WHITE,2024-10,29944.0,Dry Vegetables,4814.0,Dry Beverages,4682.0,17,Sorted_FY2025 Split by County
WHITE,2024-11,28316.0,Cooled Potatoes,4000.0,Dry Vegetables,3740.0,18,Sorted_FY2025 Split by County
WHITE,2024-12,33868.0,Dry Beverages,6399.0,Cooled Potatoes,6000.0,16,Sorted_FY2025 Split by County
WHITE,2025-01,30839.0,Dry Beverages,5193.0,Cooled Potatoes,5000.0,16,Sorted_FY2025 Split by County
WHITE,2025-02,35272.0,Cooled Dairy,5400.0,Cooled Fruits,5342.0,17,Sorted_FY2025 Split by County
WHITE,2025-03,39032.0,Cooled Fruits,5855.0,Cooled Dairy,5400.0,18,Sorted_FY2025 Split by County
WHITE,2025-04,39739.0,Dry Beverages,8120.0,Frozen Food Misc.,4932.0,20,Sorted_FY2025 Split by County
WHITE,2025-05,48556.0,Dry Beverages,5820.0,Dry Food Misc.,5788.0,18,Sorted_FY2025 Split by County
WHITE,2025-06,41495.0,Dry Beverages,7858.0,Cooled Vegetables,5550.0,19,Sorted_FY2025 Split by County
