County,Agency,median_prev,median_recent,median_change_pct,slope_per_month,slope_normalized,mom_vol_prev,mom_vol_recent,nonzero_share_prev,nonzero_share_recent,last_year_median,last_year_total,last_year_nonzero_share,last_year_info,flags,explanations
Habersham,Ballew House Outreach,290.0,434.0,0.497,4.56,0.0148,0.32,0.7,0.96,0.92,258.0,3168.0,1.0,"Last year (12 mo): median 258 lb, total 3,168 lb, non-zero 100%.","VARIABILITY_UP,MOM_VOLATILITY_UP",Growing inconsistency. More up-and-down lately. Bigger swings between months in the recent period. Compared to same months last year: typical month 68% (258 lb → 434 lb).
Habersham,Clarkesville Soup Kitchen,1076.0,864.0,-0.197,-8.47,-0.0083,0.49,0.63,1.0,1.0,1116.0,14739.0,1.0,"Last year (12 mo): median 1,116 lb, total 14,739 lb, non-zero 100%.",LOWER_RECENT_MEDIAN,"Declining distribution. Typical month now -20% vs earlier (~1,076 lb → ~864 lb). Compared to same months last year: typical month -23% (1,116 lb → 864 lb)."
Habersham,Demorest Baptist Church,0.0,0.0,0.0,-2.17,-2.1686,0.0,0.0,0.12,0.0,0.0,35560.0,0.17,"Last year (12 mo): median 0 lb, total 35,560 lb, non-zero 17%.",DECLINING_TREND,Declining distribution. Steady decline about -216.9% per month.
Habersham,Food 2 Kids Habersham County,0.0,0.0,0.0,-170.17,-170.1721,0.31,0.0,0.46,0.0,0.0,2588.0,0.08,"Last year (12 mo): median 0 lb, total 2,588 lb, non-zero 8%.",DECLINING_TREND,Declining distribution. Steady decline about -17017.2% per month.
Habersham,Habersham Homeless Ministries,0.0,0.0,0.0,-3.36,-3.3595,0.51,0.0,0.38,0.0,20.0,1637.0,0.5,"Last year (12 mo): median 20 lb, total 1,637 lb, non-zero 50%.",DECLINING_TREND,Declining distribution. Steady decline about -335.9% per month.
Habersham,Habersham: Habersham County Senior Center Senior Staples Program,862.0,0.0,-1.0,-35.44,-35.4432,0.17,0.0,0.71,0.0,0.0,6191.0,0.42,"Last year (12 mo): median 0 lb, total 6,191 lb, non-zero 42%.",DECLINING_TREND,Declining distribution. Steady decline about -3544.3% per month.
Habersham,Hazel Creek Baptist Church,878.0,398.0,-0.547,-6.42,-0.0092,1.5,1.72,0.92,0.92,878.0,9377.0,0.83,"Last year (12 mo): median 878 lb, total 9,377 lb, non-zero 83%.",LOWER_RECENT_MEDIAN,Declining distribution. Typical month now -55% vs earlier (~878 lb → ~398 lb). Compared to same months last year: typical month -55% (878 lb → 398 lb).
Habersham,"Pilgrim Ministries, Inc.",499.0,0.0,-1.0,-33.02,-0.1114,0.95,0.0,0.96,0.0,331.0,4730.0,0.92,"Last year (12 mo): median 331 lb, total 4,730 lb, non-zero 92%.",DECLINING_TREND,Declining distribution. Steady decline about -11.1% per month.
Habersham,River Congregational Holiness Church,0.0,0.0,0.0,-5.43,-5.4313,0.77,0.0,0.29,0.0,0.0,349.0,0.17,"Last year (12 mo): median 0 lb, total 349 lb, non-zero 17%.",DECLINING_TREND,Declining distribution. Steady decline about -543.1% per month.
