Agency Id,Order Id,Product Id,Agency Ref,Agency Name,Order Ref,Agency Activity,Agency Group,Agency Type,Product Category,Product Ref,Quantity,Total Purchased,Total Cost,Total Service Fee,Weight,County,Service Fee,Pickup Delivery Date,Confirmed Date,Service Fee Name,Shipping Method,Is Non Food,Warehouse Name,Warehouse Ref,Agency Postal Code,Agency City,Product Name,Category
768,172923,1791,L-110,Living Word Baptist Church,476554,,FP/USDA,MOBILE PANTRY-Agency,USDA,N-50-10079,13,0,0,0.0,338,OCONEE,0.0,1/16/2024 15:00,1/16/2024 13:18,Price Code 1,TRUCK 1 MOBILE PANTRY,False,Food Bank of Northeast Georgia,01,30622.0,Bogart,USDA WALNUT HALVES AND PIECES,Proteins
1019,178033,8990,F2KOconee County,F2K Oconee County,480652,,FOOD PANTRY,AT-RISK YOUTH-Agency,BLUE RECEIPT-SHL,N-03-11819,30,0,0,0.0,990,OCONEE,0.0,4/2/2024 15:00,4/11/2024 13:05,Price Code 1,CUSTOMER PICKUP,False,Food Bank of Northeast Georgia,01,,,CHERRY DR PEPPER,Beverages
643,182518,875,G-131,"Grace Fellowship Church, INC",485121,,FP/USDA,MOBILE PANTRY-Agency,BLUE RECEIPT-SHL,W-04-10000,326,0,0,0.0,326,OCONEE,0.0,6/27/2024 15:00,6/27/2024 16:34,Price Code 1,TRUCK 1 MOBILE PANTRY,False,Food Bank of Northeast Georgia,01,30622.0,Bogart,"BREAD & BAKERY, ASSORTED SHL",Grains
1019,176416,5938,F2KOconee County,F2K Oconee County,479040,,FOOD PANTRY,AT-RISK YOUTH-Agency,BLUE RECEIPT-SHL,C-28-10001,1270,0,0,0.0,1270,OCONEE,0.0,3/5/2024 15:30,3/20/2024 11:43,Price Code 1,TRACTOR TRAILER 1 MOBILE PANTRY,False,Food Bank of Northeast Georgia,01,,,"PRODUCE, FRESH SHL",Mixed Produce
1019,172554,8873,F2KOconee County,F2K Oconee County,476185,,FOOD PANTRY,AT-RISK YOUTH-Agency,YELLOW RECEIPT - SHN,F-10-10001,6,0,0,0.0,18,OCONEE,0.0,1/9/2024 16:00,1/11/2024 8:47,Price Code 1,TRUCK 2 MOBILE PANTRY,False,Food Bank of Northeast Georgia,01,,,OUTSHINE STRAWBERRY BANANA SMOOTHIE CUBES,Beverages
768,182205,170,L-110,Living Word Baptist Church,484809,,FP/USDA,MOBILE PANTRY-Agency,USDA,N-50-10007,13,0,0,0.0,364,OCONEE,0.0,6/18/2024 14:00,6/18/2024 13:35,Price Code 1,TRUCK 1 MOBILE PANTRY,False,Food Bank of Northeast Georgia,01,30622.0,Bogart,"USDA CORN, WHOLE KERNEL NO SALT",Vegetables
1019,173541,8918,F2KOconee County,F2K Oconee County,477170,,FOOD PANTRY,AT-RISK YOUTH-Agency,LOCAL - LL,N-25-11950,4,0,0,0.0,8,OCONEE,0.0,2/6/2024 15:30,2/22/2024 11:14,Price Code 1,TRUCK 1 MOBILE PANTRY,False,Food Bank of Northeast Georgia,01,,,GHIRARDELLI DARK CHOCOLATE,Food Misc.
768,172923,8915,L-110,Living Word Baptist Church,476554,,FP/USDA,MOBILE PANTRY-Agency,USDA,F-50-90474,36,0,0,0.0,1440,OCONEE,0.0,1/16/2024 15:00,1/16/2024 13:18,Price Code 1,TRUCK 1 MOBILE PANTRY,False,Food Bank of Northeast Georgia,01,30622.0,Bogart,USDA PACIFIC SALAD SHRIMP,Proteins
1019,176416,8918,F2KOconee County,F2K Oconee County,479040,,FOOD PANTRY,AT-RISK YOUTH-Agency,LOCAL - LL,N-25-11950,5,0,0,0.0,10,OCONEE,0.0,3/5/2024 15:30,3/20/2024 11:43,Price Code 1,TRACTOR TRAILER 1 MOBILE PANTRY,False,Food Bank of Northeast Georgia,01,,,GHIRARDELLI DARK CHOCOLATE,Food Misc.
643,173391,1791,G-131,"Grace Fellowship Church, INC",477020,,FP/USDA,MOBILE PANTRY-Agency,USDA,N-50-10079,13,0,0,0.0,338,OCONEE,0.0,1/25/2024 15:00,1/25/2024 14:29,Price Code 1,TRUCK 1 MOBILE PANTRY,False,Food Bank of Northeast Georgia,01,30622.0,Bogart,USDA WALNUT HALVES AND PIECES,Proteins
768,182205,5938,L-110,Living Word Baptist Church,484809,,FP/USDA,MOBILE PANTRY-Agency,BLUE RECEIPT-SHL,C-28-10001,2511,0,0,0.0,2511,OCONEE,0.0,6/18/2024 14:00,6/18/2024 13:35,Price Code 1,TRUCK 1 MOBILE PANTRY,False,Food Bank of Northeast Georgia,01,30622.0,Bogart,"PRODUCE, FRESH SHL",Mixed Produce
768,178864,84,L-110,Living Word Baptist Church,481478,,FP/USDA,MOBILE PANTRY-Agency,USDA,N-50-10006,8,0,0,0.0,216,OCONEE,0.0,4/16/2024 14:00,4/17/2024 11:06,Price Code 1,TRUCK 1 MOBILE PANTRY,False,Food Bank of Northeast Georgia,01,30622.0,Bogart,USDA GREEN BEANS,Vegetables
643,181193,875,G-131,"Grace Fellowship Church, INC",483798,,FP/USDA,MOBILE PANTRY-Agency,BLUE RECEIPT-SHL,W-04-10000,197,0,0,0.0,197,OCONEE,0.0,5/23/2024 14:24,5/28/2024 7:55,Price Code 1,TRUCK 1 MOBILE PANTRY,False,Food Bank of Northeast Georgia,01,30622.0,Bogart,"BREAD & BAKERY, ASSORTED SHL",Grains
643,177729,4449,G-131,"Grace Fellowship Church, INC",480348,,FP/USDA,MOBILE PANTRY-Agency,USDA,F-50-90445,34,0,0,0.0,1394,OCONEE,0.0,3/28/2024 15:00,3/28/2024 14:25,Price Code 1,TRUCK 1 MOBILE PANTRY,False,Food Bank of Northeast Georgia,01,30622.0,Bogart,USDA FULLY COOKED PULLED PORK CCC,Proteins
163,172699,696,O-102,Oconee County Senior Center,476330,,ON PREMISES (OP),SENIOR-Agency,LOCAL - LL,W-25-10000,48,0,0,8.64,48,OCONEE,0.18,1/8/2024 13:38,1/8/2024 9:19,Price Code 1,CUSTOMER PICKUP,False,Sharing Floor Athens,01-SH,30622.0,Bogart,"ASSORTED SNACK ITEMS, LL",Food Misc.
768,172923,170,L-110,Living Word Baptist Church,476554,,FP/USDA,MOBILE PANTRY-Agency,USDA,N-50-10007,13,0,0,0.0,364,OCONEE,0.0,1/16/2024 15:00,1/16/2024 13:18,Price Code 1,TRUCK 1 MOBILE PANTRY,False,Food Bank of Northeast Georgia,01,30622.0,Bogart,"USDA CORN, WHOLE KERNEL NO SALT",Vegetables
643,182518,4715,G-131,"Grace Fellowship Church, INC",485121,,FP/USDA,MOBILE PANTRY-Agency,USDA,F-50-90461,18,0,0,0.0,720,OCONEE,0.0,6/27/2024 15:00,6/27/2024 16:34,Price Code 1,TRUCK 1 MOBILE PANTRY,False,Food Bank of Northeast Georgia,01,30622.0,Bogart,USDA ALASKAN POLLACK FISH FILLETS,Proteins
163,173323,5407,O-102,Oconee County Senior Center,476952,,ON PREMISES (OP),SENIOR-Agency,BLUE RECEIPT-SHL,F-15-10000,11,0,0,1.98,11,OCONEE,0.18,1/19/2024 13:38,1/19/2024 13:45,Price Code 1,CUSTOMER PICKUP,False,Sharing Floor Athens,01-SH,30622.0,Bogart,"MEAT & SEAFOOD, FROZEN SHL",Proteins
163,173662,690,O-102,Oconee County Senior Center,477291,,ON PREMISES (OP),SENIOR-Agency,BLUE RECEIPT-SHL,W-03-10013,98,0,0,2.94,98,OCONEE,0.03,1/26/2024 13:38,1/26/2024 9:19,Price Code 1,CUSTOMER PICKUP,False,Sharing Floor Athens,01-SH,30622.0,Bogart,"ASSORTED BEVERAGES, SHL",Beverages
643,175855,84,G-131,"Grace Fellowship Church, INC",478483,,FP/USDA,MOBILE PANTRY-Agency,USDA,N-50-10006,13,0,0,0.0,351,OCONEE,0.0,2/22/2024 15:00,2/23/2024 7:08,Price Code 1,TRUCK 1 MOBILE PANTRY,False,Food Bank of Northeast Georgia,01,30622.0,Bogart,USDA GREEN BEANS,Vegetables
643,179440,8991,G-131,"Grace Fellowship Church, INC",482053,,FP/USDA,MOBILE PANTRY-Agency,USDA,N-50-10311,13,0,0,0.0,312,OCONEE,0.0,4/25/2024 15:00,4/25/2024 13:44,Price Code 1,TRUCK 1 MOBILE PANTRY,False,Food Bank of Northeast Georgia,01,30622.0,Bogart,USDA HAZELNUTS CCC,Proteins
1019,176416,8546,F2KOconee County,F2K Oconee County,479040,,FOOD PANTRY,AT-RISK YOUTH-Agency,BLUE RECEIPT-SHL,N-03-10262,10,0,0,0.0,300,OCONEE,0.0,3/5/2024 15:30,3/20/2024 11:43,Price Code 1,TRACTOR TRAILER 1 MOBILE PANTRY,False,Food Bank of Northeast Georgia,01,,,STARRY LEMON LIME SODA 16.9 OZ,Beverages
643,175855,6816,G-131,"Grace Fellowship Church, INC",478483,,FP/USDA,MOBILE PANTRY-Agency,BLUE RECEIPT-SHL,C-28-90345,41,0,0,0.0,2050,OCONEE,0.0,2/22/2024 15:00,2/23/2024 7:08,Price Code 1,TRUCK 1 MOBILE PANTRY,False,Food Bank of Northeast Georgia,01,30622.0,Bogart,CARROTS,Vegetables
1019,176416,8949,F2KOconee County,F2K Oconee County,479040,,FOOD PANTRY,AT-RISK YOUTH-Agency,LOCAL - LL,C-28-90536,2,0,0,0.0,100,OCONEE,0.0,3/5/2024 15:30,3/20/2024 11:43,Price Code 1,TRACTOR TRAILER 1 MOBILE PANTRY,False,Food Bank of Northeast Georgia,01,,,"CARROTS, 50#",Vegetables
643,182518,1674,G-131,"Grace Fellowship Church, INC",485121,,FP/USDA,MOBILE PANTRY-Agency,USDA,N-50-10073,13,0,0,0.0,351,OCONEE,0.0,6/27/2024 15:00,6/27/2024 16:34,Price Code 1,TRUCK 1 MOBILE PANTRY,False,Food Bank of Northeast Georgia,01,30622.0,Bogart,USDA TOMATO SAUCE,Vegetables
1019,176416,8869,F2KOconee County,F2K Oconee County,479040,,FOOD PANTRY,AT-RISK YOUTH-Agency,YELLOW RECEIPT - SHN,N-20-10004,6,0,0,0.0,18,OCONEE,0.0,3/5/2024 15:30,3/20/2024 11:43,Price Code 1,TRACTOR TRAILER 1 MOBILE PANTRY,False,Food Bank of Northeast Georgia,01,,,PAMPERS PREEMIE SWADDLERS,Non-Food Misc.
643,177729,6780,G-131,"Grace Fellowship Church, INC",480348,,FP/USDA,MOBILE PANTRY-Agency,USDA,C-50-10024,30,0,0,0.0,1290,OCONEE,0.0,3/28/2024 15:00,3/28/2024 14:25,Price Code 1,TRUCK 1 MOBILE PANTRY,False,Food Bank of Northeast Georgia,01,30622.0,Bogart,USDA APPLES,Fruits
1019,173541,8930,F2KOconee County,F2K Oconee County,477170,,FOOD PANTRY,AT-RISK YOUTH-Agency,BLUE RECEIPT-SHL,N-03-11805,4,0,0,0.0,72,OCONEE,0.0,2/6/2024 15:30,2/22/2024 11:14,Price Code 1,TRUCK 1 MOBILE PANTRY,False,Food Bank of Northeast Georgia,01,,,GATORADE ORANGE ZERO SUGAR,Beverages
163,176095,50,O-102,Oconee County Senior Center,478722,,ON PREMISES (OP),SENIOR-Agency,LOCAL - LL,W-16-10002,2,0,0,0.36,2,OCONEE,0.18,2/23/2024 13:38,2/23/2024 11:23,Price Code 1,CUSTOMER PICKUP,False,Sharing Floor Athens,01-SH,30622.0,Bogart,MISC. FOOD BOX LL,Food Misc.
768,180928,7083,L-110,Living Word Baptist Church,483534,,FP/USDA,MOBILE PANTRY-Agency,USDA,C-50-10029,82,0,0,0.0,984,OCONEE,0.0,5/21/2024 14:00,5/22/2024 7:07,Price Code 1,TRUCK 1 MOBILE PANTRY,False,Food Bank of Northeast Georgia,01,30622.0,Bogart,"USDA MILD CHEDDAR CHEESE, BLOCK CCC",Dairy
643,173391,170,G-131,"Grace Fellowship Church, INC",477020,,FP/USDA,MOBILE PANTRY-Agency,USDA,N-50-10007,13,0,0,0.0,364,OCONEE,0.0,1/25/2024 15:00,1/25/2024 14:29,Price Code 1,TRUCK 1 MOBILE PANTRY,False,Food Bank of Northeast Georgia,01,30622.0,Bogart,"USDA CORN, WHOLE KERNEL NO SALT",Vegetables
643,182518,84,G-131,"Grace Fellowship Church, INC",485121,,FP/USDA,MOBILE PANTRY-Agency,USDA,N-50-10006,13,0,0,0.0,351,OCONEE,0.0,6/27/2024 15:00,6/27/2024 16:34,Price Code 1,TRUCK 1 MOBILE PANTRY,False,Food Bank of Northeast Georgia,01,30622.0,Bogart,USDA GREEN BEANS,Vegetables
643,182518,7061,G-131,"Grace Fellowship Church, INC",485121,,FP/USDA,MOBILE PANTRY-Agency,USDA,C-50-10021,54,0,0,0.0,2268,OCONEE,0.0,6/27/2024 15:00,6/27/2024 16:34,Price Code 1,TRUCK 1 MOBILE PANTRY,False,Food Bank of Northeast Georgia,01,30622.0,Bogart,USDA FRESH ORANGES,Fruits
643,173391,842,G-131,"Grace Fellowship Church, INC",477020,,FP/USDA,MOBILE PANTRY-Agency,USDA,N-50-10021,13,0,0,0.0,351,OCONEE,0.0,1/25/2024 15:00,1/25/2024 14:29,Price Code 1,TRUCK 1 MOBILE PANTRY,False,Food Bank of Northeast Georgia,01,30622.0,Bogart,USDA DICED TOMATOES NO SALT CCC,Vegetables
643,179440,84,G-131,"Grace Fellowship Church, INC",482053,,FP/USDA,MOBILE PANTRY-Agency,USDA,N-50-10006,13,0,0,0.0,351,OCONEE,0.0,4/25/2024 15:00,4/25/2024 13:44,Price Code 1,TRUCK 1 MOBILE PANTRY,False,Food Bank of Northeast Georgia,01,30622.0,Bogart,USDA GREEN BEANS,Vegetables
1019,176416,2081,F2KOconee County,F2K Oconee County,479040,,FOOD PANTRY,AT-RISK YOUTH-Agency,BLUE RECEIPT-SHL,W-30-10002,1251,0,0,0.0,1251,OCONEE,0.0,3/5/2024 15:30,3/20/2024 11:43,Price Code 1,TRACTOR TRAILER 1 MOBILE PANTRY,False,Food Bank of Northeast Georgia,01,,,"UNSORTED SALVAGE, SHL",Unsorted Salvage
643,182518,2426,G-131,"Grace Fellowship Church, INC",485121,,FP/USDA,MOBILE PANTRY-Agency,USDA,N-50-10112,13,0,0,0.0,325,OCONEE,0.0,6/27/2024 15:00,6/27/2024 16:34,Price Code 1,TRUCK 1 MOBILE PANTRY,False,Food Bank of Northeast Georgia,01,30622.0,Bogart,USDA PISTACHIOS,Proteins
643,177729,7284,G-131,"Grace Fellowship Church, INC",480348,,FP/USDA,MOBILE PANTRY-Agency,USDA,C-50-10043,41,0,0,0.0,1066,OCONEE,0.0,3/28/2024 15:00,3/28/2024 14:25,Price Code 1,TRUCK 1 MOBILE PANTRY,False,Food Bank of Northeast Georgia,01,30622.0,Bogart,USDA RED FAT AMERICAN CHEESE CCC,Dairy
643,177729,4448,G-131,"Grace Fellowship Church, INC",480348,,FP/USDA,MOBILE PANTRY-Agency,USDA,F-50-90446,33,0,0,0.0,924,OCONEE,0.0,3/28/2024 15:00,3/28/2024 14:25,Price Code 1,TRUCK 1 MOBILE PANTRY,False,Food Bank of Northeast Georgia,01,30622.0,Bogart,USDA FROZEN STRAWBERRY FRUIT CUPS,Fruits
768,178864,170,L-110,Living Word Baptist Church,481478,,FP/USDA,MOBILE PANTRY-Agency,USDA,N-50-10007,8,0,0,0.0,224,OCONEE,0.0,4/16/2024 14:00,4/17/2024 11:06,Price Code 1,TRUCK 1 MOBILE PANTRY,False,Food Bank of Northeast Georgia,01,30622.0,Bogart,"USDA CORN, WHOLE KERNEL NO SALT",Vegetables
163,173323,696,O-102,Oconee County Senior Center,476952,,ON PREMISES (OP),SENIOR-Agency,LOCAL - LL,W-25-10000,33,0,0,2.97,33,OCONEE,0.09,1/19/2024 13:38,1/19/2024 13:45,Price Code 1,CUSTOMER PICKUP,False,Sharing Floor Athens,01-SH,30622.0,Bogart,"ASSORTED SNACK ITEMS, LL",Food Misc.
643,181193,170,G-131,"Grace Fellowship Church, INC",483798,,FP/USDA,MOBILE PANTRY-Agency,USDA,N-50-10007,13,0,0,0.0,364,OCONEE,0.0,5/23/2024 14:24,5/28/2024 7:55,Price Code 1,TRUCK 1 MOBILE PANTRY,False,Food Bank of Northeast Georgia,01,30622.0,Bogart,"USDA CORN, WHOLE KERNEL NO SALT",Vegetables
50,172785,875,C-111,Churches Homes Foundation,476416,,ON PREMISES (OP),YOUTH-Agency,BLUE RECEIPT-SHL,W-04-10000,8,0,0,0.0,8,OCONEE,0.0,1/9/2024 12:16,1/9/2024 9:15,Price Code 1,CUSTOMER PICKUP,False,Sharing Floor Athens,01-SH,30622.0,Bogart,"BREAD & BAKERY, ASSORTED SHL",Grains
768,182205,2202,L-110,Living Word Baptist Church,484809,,FP/USDA,MOBILE PANTRY-Agency,USDA,N-50-10240,15,0,0,0.0,330,OCONEE,0.0,6/18/2024 14:00,6/18/2024 13:35,Price Code 1,TRUCK 1 MOBILE PANTRY,False,Food Bank of Northeast Georgia,01,30622.0,Bogart,USDA SPAGHETTI,Grains
768,180928,170,L-110,Living Word Baptist Church,483534,,FP/USDA,MOBILE PANTRY-Agency,USDA,N-50-10007,10,0,0,0.0,280,OCONEE,0.0,5/21/2024 14:00,5/22/2024 7:07,Price Code 1,TRUCK 1 MOBILE PANTRY,False,Food Bank of Northeast Georgia,01,30622.0,Bogart,"USDA CORN, WHOLE KERNEL NO SALT",Vegetables
1019,173541,8766,F2KOconee County,F2K Oconee County,477170,,FOOD PANTRY,AT-RISK YOUTH-Agency,LOCAL - LL,N-25-11919,4,0,0,0.0,8,OCONEE,0.0,2/6/2024 15:30,2/22/2024 11:14,Price Code 1,TRUCK 1 MOBILE PANTRY,False,Food Bank of Northeast Georgia,01,,,GHIRARDELLI SEA SALT CARAMEL CHOCOLATE,Food Misc.
768,175500,170,L-110,Living Word Baptist Church,478129,,FP/USDA,MOBILE PANTRY-Agency,USDA,N-50-10007,8,0,0,0.0,224,OCONEE,0.0,2/20/2024 14:00,2/23/2024 7:08,Price Code 1,TRUCK 1 MOBILE PANTRY,False,Food Bank of Northeast Georgia,01,30622.0,Bogart,"USDA CORN, WHOLE KERNEL NO SALT",Vegetables
643,182518,6283,G-131,"Grace Fellowship Church, INC",485121,,FP/USDA,MOBILE PANTRY-Agency,BLUE RECEIPT-SHL,C-28-90175,14,0,0,0.0,630,OCONEE,0.0,6/27/2024 15:00,6/27/2024 16:34,Price Code 1,TRUCK 1 MOBILE PANTRY,False,Food Bank of Northeast Georgia,01,30622.0,Bogart,SELECT CUCUMBERS,Vegetables
1019,172554,8874,F2KOconee County,F2K Oconee County,476185,,FOOD PANTRY,AT-RISK YOUTH-Agency,YELLOW RECEIPT - SHN,F-10-10002,5,0,0,0.0,15,OCONEE,0.0,1/9/2024 16:00,1/11/2024 8:47,Price Code 1,TRUCK 2 MOBILE PANTRY,False,Food Bank of Northeast Georgia,01,,,OUTSHINE TROPICAL SMOOTHIE CUBES,Beverages
768,172923,1521,L-110,Living Word Baptist Church,476554,,FP/USDA,MOBILE PANTRY-Agency,USDA,N-50-10104,25,0,0,0.0,625,OCONEE,0.0,1/16/2024 15:00,1/16/2024 13:18,Price Code 1,TRUCK 1 MOBILE PANTRY,False,Food Bank of Northeast Georgia,01,30622.0,Bogart,USDA LENTIL BEANS,Proteins
643,173391,8783,G-131,"Grace Fellowship Church, INC",477020,,FP/USDA,MOBILE PANTRY-Agency,USDA,N-50-10308,13,0,0,0.0,299,OCONEE,0.0,1/25/2024 15:00,1/25/2024 14:29,Price Code 1,TRUCK 1 MOBILE PANTRY,False,Food Bank of Northeast Georgia,01,30622.0,Bogart,USDA RAISINS,Fruits
1019,178033,8903,F2KOconee County,F2K Oconee County,480652,,FOOD PANTRY,AT-RISK YOUTH-Agency,YELLOW RECEIPT - SHN,N-16-10181,9,0,0,0.0,45,OCONEE,0.0,4/2/2024 15:00,4/11/2024 13:05,Price Code 1,CUSTOMER PICKUP,False,Food Bank of Northeast Georgia,01,,,STOVE TOP STUFFING - TURKEY/CHICKEN/CORNBREAD,Prepared Meals
768,182205,7061,L-110,Living Word Baptist Church,484809,,FP/USDA,MOBILE PANTRY-Agency,USDA,C-50-10021,54,0,0,0.0,2268,OCONEE,0.0,6/18/2024 14:00,6/18/2024 13:35,Price Code 1,TRUCK 1 MOBILE PANTRY,False,Food Bank of Northeast Georgia,01,30622.0,Bogart,USDA FRESH ORANGES,Fruits
768,180928,8512,L-110,Living Word Baptist Church,483534,,FP/USDA,MOBILE PANTRY-Agency,USDA,C-50-10049,54,0,0,0.0,2106,OCONEE,0.0,5/21/2024 14:00,5/22/2024 7:07,Price Code 1,TRUCK 1 MOBILE PANTRY,False,Food Bank of Northeast Georgia,01,30622.0,Bogart,USDA GRAPEFRUIT CCC,Fruits
643,175855,8915,G-131,"Grace Fellowship Church, INC",478483,,FP/USDA,MOBILE PANTRY-Agency,USDA,F-50-90474,41,0,0,0.0,1640,OCONEE,0.0,2/22/2024 15:00,2/23/2024 7:08,Price Code 1,TRUCK 1 MOBILE PANTRY,False,Food Bank of Northeast Georgia,01,30622.0,Bogart,USDA PACIFIC SALAD SHRIMP,Proteins
768,172923,8676,L-110,Living Word Baptist Church,476554,,FP/USDA,MOBILE PANTRY-Agency,LOCAL - LL,C-88-10000,4000,0,0,0.0,4000,OCONEE,0.0,1/16/2024 15:00,1/16/2024 13:18,Price Code 1,TRUCK 1 MOBILE PANTRY,False,Food Bank of Northeast Georgia,01,30622.0,Bogart,"LFPA PRODUCE, MISC",Mixed Produce
643,179440,875,G-131,"Grace Fellowship Church, INC",482053,,FP/USDA,MOBILE PANTRY-Agency,BLUE RECEIPT-SHL,W-04-10000,304,0,0,0.0,304,OCONEE,0.0,4/25/2024 15:00,4/25/2024 13:44,Price Code 1,TRUCK 1 MOBILE PANTRY,False,Food Bank of Northeast Georgia,01,30622.0,Bogart,"BREAD & BAKERY, ASSORTED SHL",Grains
1019,176416,6791,F2KOconee County,F2K Oconee County,479040,,FOOD PANTRY,AT-RISK YOUTH-Agency,BLUE RECEIPT-SHL,C-28-90306,2,0,0,0.0,2,OCONEE,0.0,3/5/2024 15:30,3/20/2024 11:43,Price Code 1,TRACTOR TRAILER 1 MOBILE PANTRY,False,Food Bank of Northeast Georgia,01,,,"APPLES, SHL",Fruits
643,182518,1791,G-131,"Grace Fellowship Church, INC",485121,,FP/USDA,MOBILE PANTRY-Agency,USDA,N-50-10079,13,0,0,0.0,338,OCONEE,0.0,6/27/2024 15:00,6/27/2024 16:34,Price Code 1,TRUCK 1 MOBILE PANTRY,False,Food Bank of Northeast Georgia,01,30622.0,Bogart,USDA WALNUT HALVES AND PIECES,Proteins
643,173391,8672,G-131,"Grace Fellowship Church, INC",477020,,FP/USDA,MOBILE PANTRY-Agency,USDA,N-50-10301,25,0,0,0.0,600,OCONEE,0.0,1/25/2024 15:00,1/25/2024 14:29,Price Code 1,TRUCK 1 MOBILE PANTRY,False,Food Bank of Northeast Georgia,01,30622.0,Bogart,USDA YELLOW SPLIT PEAS,Proteins
768,178864,800,L-110,Living Word Baptist Church,481478,,FP/USDA,MOBILE PANTRY-Agency,USDA,N-50-10065,8,0,0,0.0,216,OCONEE,0.0,4/16/2024 14:00,4/17/2024 11:06,Price Code 1,TRUCK 1 MOBILE PANTRY,False,Food Bank of Northeast Georgia,01,30622.0,Bogart,USDA APPLESAUCE,Fruits
1019,178033,8851,F2KOconee County,F2K Oconee County,480652,,FOOD PANTRY,AT-RISK YOUTH-Agency,PURCH,N-11-11071,9,0,0,0.0,54,OCONEE,0.0,4/2/2024 15:00,4/11/2024 13:05,Price Code 1,CUSTOMER PICKUP,False,Food Bank of Northeast Georgia,01,,,"CHICKEN STUFFING, PREMIER PANTRY",Prepared Meals
1019,176416,8903,F2KOconee County,F2K Oconee County,479040,,FOOD PANTRY,AT-RISK YOUTH-Agency,YELLOW RECEIPT - SHN,N-16-10181,2,0,0,0.0,10,OCONEE,0.0,3/5/2024 15:30,3/20/2024 11:43,Price Code 1,TRACTOR TRAILER 1 MOBILE PANTRY,False,Food Bank of Northeast Georgia,01,,,STOVE TOP STUFFING - TURKEY/CHICKEN/CORNBREAD,Prepared Meals
163,172699,690,O-102,Oconee County Senior Center,476330,,ON PREMISES (OP),SENIOR-Agency,BLUE RECEIPT-SHL,W-03-10013,47,0,0,0.0,47,OCONEE,0.0,1/8/2024 13:38,1/8/2024 9:19,Price Code 1,CUSTOMER PICKUP,False,Sharing Floor Athens,01-SH,30622.0,Bogart,"ASSORTED BEVERAGES, SHL",Beverages
768,172923,1047,L-110,Living Word Baptist Church,476554,,FP/USDA,MOBILE PANTRY-Agency,USDA,N-50-10041,13,0,0,0.0,637,OCONEE,0.0,1/16/2024 15:00,1/16/2024 13:18,Price Code 1,TRUCK 1 MOBILE PANTRY,False,Food Bank of Northeast Georgia,01,30622.0,Bogart,USDA RICE,Grains
643,175855,170,G-131,"Grace Fellowship Church, INC",478483,,FP/USDA,MOBILE PANTRY-Agency,USDA,N-50-10007,13,0,0,0.0,364,OCONEE,0.0,2/22/2024 15:00,2/23/2024 7:08,Price Code 1,TRUCK 1 MOBILE PANTRY,False,Food Bank of Northeast Georgia,01,30622.0,Bogart,"USDA CORN, WHOLE KERNEL NO SALT",Vegetables
1019,173488,5772,F2KOconee County,F2K Oconee County,477117,,FOOD PANTRY,AT-RISK YOUTH-Agency,LOCAL - LL,C-28-10000,1610,0,0,0.0,1610,OCONEE,0.0,1/23/2024 14:15,2/20/2024 13:41,Price Code 1,TRACTOR TRAILER 2 MOBILE PANTRY,False,Food Bank of Northeast Georgia,01,,,"PRODUCE, FRESH LL",Mixed Produce
768,178864,4327,L-110,Living Word Baptist Church,481478,,FP/USDA,MOBILE PANTRY-Agency,USDA,N-50-10277,8,0,0,0.0,216,OCONEE,0.0,4/16/2024 14:00,4/17/2024 11:06,Price Code 1,TRUCK 1 MOBILE PANTRY,False,Food Bank of Northeast Georgia,01,30622.0,Bogart,USDA GARBANZO BEANS,Proteins
1019,173541,8851,F2KOconee County,F2K Oconee County,477170,,FOOD PANTRY,AT-RISK YOUTH-Agency,PURCH,N-11-11071,1,0,0,0.0,6,OCONEE,0.0,2/6/2024 15:30,2/22/2024 11:14,Price Code 1,TRUCK 1 MOBILE PANTRY,False,Food Bank of Northeast Georgia,01,,,"CHICKEN STUFFING, PREMIER PANTRY",Prepared Meals
163,173662,92,O-102,Oconee County Senior Center,477291,,ON PREMISES (OP),SENIOR-Agency,LOCAL - LL,W-01-10002,14,0,0,0.0,14,OCONEE,0.0,1/26/2024 13:38,1/26/2024 9:19,Price Code 1,CUSTOMER PICKUP,False,Sharing Floor Athens,01-SH,30622.0,Bogart,"ASSORTED NON-FOOD ITEMS, LL",Non-Food Misc.
768,177449,8940,L-110,Living Word Baptist Church,480069,,FP/USDA,MOBILE PANTRY-Agency,BLUE RECEIPT-SHL,C-28-90531,33,0,0,0.0,1716,OCONEE,0.0,3/19/2024 14:00,3/19/2024 14:29,Price Code 1,TRUCK 1 MOBILE PANTRY,False,Food Bank of Northeast Georgia,01,30622.0,Bogart,"CABBAGE, SHL 50#",Vegetables
768,178864,3139,L-110,Living Word Baptist Church,481478,,FP/USDA,MOBILE PANTRY-Agency,USDA,N-50-10290,16,0,0,0.0,400,OCONEE,0.0,4/16/2024 14:00,4/17/2024 11:06,Price Code 1,TRUCK 1 MOBILE PANTRY,False,Food Bank of Northeast Georgia,01,30622.0,Bogart,USDA WHOLE ALMONDS DRY ROASTED,Proteins
768,180928,3712,L-110,Living Word Baptist Church,483534,,FP/USDA,MOBILE PANTRY-Agency,USDA,N-50-10266,10,0,0,0.0,270,OCONEE,0.0,5/21/2024 14:00,5/22/2024 7:07,Price Code 1,TRUCK 1 MOBILE PANTRY,False,Food Bank of Northeast Georgia,01,30622.0,Bogart,USDA CANNED PINTO BEANS,Proteins
643,175855,6736,G-131,"Grace Fellowship Church, INC",478483,,FP/USDA,MOBILE PANTRY-Agency,LOCAL - LL,C-28-90456,1000,0,0,0.0,1000,OCONEE,0.0,2/22/2024 15:00,2/23/2024 7:08,Price Code 1,TRUCK 1 MOBILE PANTRY,False,Food Bank of Northeast Georgia,01,30622.0,Bogart,APPLES,Fruits
163,173662,696,O-102,Oconee County Senior Center,477291,,ON PREMISES (OP),SENIOR-Agency,LOCAL - LL,W-25-10000,54,0,0,9.72,54,OCONEE,0.18,1/26/2024 13:38,1/26/2024 9:19,Price Code 1,CUSTOMER PICKUP,False,Sharing Floor Athens,01-SH,30622.0,Bogart,"ASSORTED SNACK ITEMS, LL",Food Misc.
768,180928,8714,L-110,Living Word Baptist Church,483534,,FP/USDA,MOBILE PANTRY-Agency,USDA,N-50-10303,20,0,0,0.0,480,OCONEE,0.0,5/21/2024 14:00,5/22/2024 7:07,Price Code 1,TRUCK 1 MOBILE PANTRY,False,Food Bank of Northeast Georgia,01,30622.0,Bogart,USDA GREEN SPLIT PEAS,Proteins
1019,176416,8587,F2KOconee County,F2K Oconee County,479040,,FOOD PANTRY,AT-RISK YOUTH-Agency,BLUE RECEIPT-SHL,N-03-10269,5,0,0,0.0,140,OCONEE,0.0,3/5/2024 15:30,3/20/2024 11:43,Price Code 1,TRACTOR TRAILER 1 MOBILE PANTRY,False,Food Bank of Northeast Georgia,01,,,PEPSI ZERO SUGAR,Beverages
643,182518,7083,G-131,"Grace Fellowship Church, INC",485121,,FP/USDA,MOBILE PANTRY-Agency,USDA,C-50-10029,62,0,0,0.0,744,OCONEE,0.0,6/27/2024 15:00,6/27/2024 16:34,Price Code 1,TRUCK 1 MOBILE PANTRY,False,Food Bank of Northeast Georgia,01,30622.0,Bogart,"USDA MILD CHEDDAR CHEESE, BLOCK CCC",Dairy
643,179440,3139,G-131,"Grace Fellowship Church, INC",482053,,FP/USDA,MOBILE PANTRY-Agency,USDA,N-50-10290,25,0,0,0.0,625,OCONEE,0.0,4/25/2024 15:00,4/25/2024 13:44,Price Code 1,TRUCK 1 MOBILE PANTRY,False,Food Bank of Northeast Georgia,01,30622.0,Bogart,USDA WHOLE ALMONDS DRY ROASTED,Proteins
768,178864,7083,L-110,Living Word Baptist Church,481478,,FP/USDA,MOBILE PANTRY-Agency,USDA,C-50-10029,143,0,0,0.0,1716,OCONEE,0.0,4/16/2024 14:00,4/17/2024 11:06,Price Code 1,TRUCK 1 MOBILE PANTRY,False,Food Bank of Northeast Georgia,01,30622.0,Bogart,"USDA MILD CHEDDAR CHEESE, BLOCK CCC",Dairy
768,175500,8903,L-110,Living Word Baptist Church,478129,,FP/USDA,MOBILE PANTRY-Agency,YELLOW RECEIPT - SHN,N-16-10181,16,0,0,0.0,80,OCONEE,0.0,2/20/2024 14:00,2/23/2024 7:08,Price Code 1,TRUCK 1 MOBILE PANTRY,False,Food Bank of Northeast Georgia,01,30622.0,Bogart,STOVE TOP STUFFING - TURKEY/CHICKEN/CORNBREAD,Prepared Meals
768,177449,8720,L-110,Living Word Baptist Church,480069,,FP/USDA,MOBILE PANTRY-Agency,USDA,N-50-10305,25,0,0,0.0,350,OCONEE,0.0,3/19/2024 14:00,3/19/2024 14:29,Price Code 1,TRUCK 1 MOBILE PANTRY,False,Food Bank of Northeast Georgia,01,30622.0,Bogart,USDA MIXED VegetablesCCC,Vegetables
1019,172554,8682,F2KOconee County,F2K Oconee County,476185,,FOOD PANTRY,AT-RISK YOUTH-Agency,BLUE RECEIPT-SHL,N-03-11727,3,0,0,0.0,84,OCONEE,0.0,1/9/2024 16:00,1/11/2024 8:47,Price Code 1,TRUCK 2 MOBILE PANTRY,False,Food Bank of Northeast Georgia,01,,,LIPTON DIET GREEN TEA CITRUS,Beverages
1019,176416,8873,F2KOconee County,F2K Oconee County,479040,,FOOD PANTRY,AT-RISK YOUTH-Agency,YELLOW RECEIPT - SHN,F-10-10001,5,0,0,0.0,15,OCONEE,0.0,3/5/2024 15:30,3/20/2024 11:43,Price Code 1,TRACTOR TRAILER 1 MOBILE PANTRY,False,Food Bank of Northeast Georgia,01,,,OUTSHINE STRAWBERRY BANANA SMOOTHIE CUBES,Beverages
163,176095,690,O-102,Oconee County Senior Center,478722,,ON PREMISES (OP),SENIOR-Agency,BLUE RECEIPT-SHL,W-03-10013,79,0,0,0.0,79,OCONEE,0.0,2/23/2024 13:38,2/23/2024 11:23,Price Code 1,CUSTOMER PICKUP,False,Sharing Floor Athens,01-SH,30622.0,Bogart,"ASSORTED BEVERAGES, SHL",Beverages
768,178864,8497,L-110,Living Word Baptist Church,481478,,FP/USDA,MOBILE PANTRY-Agency,USDA,C-50-10048,50,0,0,0.0,1600,OCONEE,0.0,4/16/2024 14:00,4/17/2024 11:06,Price Code 1,TRUCK 1 MOBILE PANTRY,False,Food Bank of Northeast Georgia,01,30622.0,Bogart,USDA MANDARIN ORANGES,Fruits
643,175855,875,G-131,"Grace Fellowship Church, INC",478483,,FP/USDA,MOBILE PANTRY-Agency,BLUE RECEIPT-SHL,W-04-10000,266,0,0,0.0,266,OCONEE,0.0,2/22/2024 15:00,2/23/2024 7:08,Price Code 1,TRUCK 1 MOBILE PANTRY,False,Food Bank of Northeast Georgia,01,30622.0,Bogart,"BREAD & BAKERY, ASSORTED SHL",Grains
643,181193,8783,G-131,"Grace Fellowship Church, INC",483798,,FP/USDA,MOBILE PANTRY-Agency,USDA,N-50-10308,25,0,0,0.0,575,OCONEE,0.0,5/23/2024 14:24,5/28/2024 7:55,Price Code 1,TRUCK 1 MOBILE PANTRY,False,Food Bank of Northeast Georgia,01,30622.0,Bogart,USDA RAISINS,Fruits
643,181193,9073,G-131,"Grace Fellowship Church, INC",483798,,FP/USDA,MOBILE PANTRY-Agency,USDA,C-50-10051,120,0,0,0.0,1440,OCONEE,0.0,5/23/2024 14:24,5/28/2024 7:55,Price Code 1,TRUCK 1 MOBILE PANTRY,False,Food Bank of Northeast Georgia,01,30622.0,Bogart,USDA SHREDDED MOZZARELLA CHEESE CCC,Dairy
1019,173541,8942,F2KOconee County,F2K Oconee County,477170,,FOOD PANTRY,AT-RISK YOUTH-Agency,BLUE RECEIPT-SHL,C-28-90533,4,0,0,0.0,168,OCONEE,0.0,2/6/2024 15:30,2/22/2024 11:14,Price Code 1,TRUCK 1 MOBILE PANTRY,False,Food Bank of Northeast Georgia,01,,,"ORANGES, SHL",Fruits
1019,173541,8941,F2KOconee County,F2K Oconee County,477170,,FOOD PANTRY,AT-RISK YOUTH-Agency,BLUE RECEIPT-SHL,C-28-90532,2,0,0,0.0,124,OCONEE,0.0,2/6/2024 15:30,2/22/2024 11:14,Price Code 1,TRUCK 1 MOBILE PANTRY,False,Food Bank of Northeast Georgia,01,,,"CELERY, 24-36 CT",Vegetables
1019,173541,8929,F2KOconee County,F2K Oconee County,477170,,FOOD PANTRY,AT-RISK YOUTH-Agency,BLUE RECEIPT-SHL,N-03-11804,4,0,0,0.0,72,OCONEE,0.0,2/6/2024 15:30,2/22/2024 11:14,Price Code 1,TRUCK 1 MOBILE PANTRY,False,Food Bank of Northeast Georgia,01,,,GATORADE GRAPE LOWER SUGAR,Beverages
643,179440,8714,G-131,"Grace Fellowship Church, INC",482053,,FP/USDA,MOBILE PANTRY-Agency,USDA,N-50-10303,25,0,0,0.0,600,OCONEE,0.0,4/25/2024 15:00,4/25/2024 13:44,Price Code 1,TRUCK 1 MOBILE PANTRY,False,Food Bank of Northeast Georgia,01,30622.0,Bogart,USDA GREEN SPLIT PEAS,Proteins
768,175500,8914,L-110,Living Word Baptist Church,478129,,FP/USDA,MOBILE PANTRY-Agency,USDA,N-50-10310,8,0,0,0.0,216,OCONEE,0.0,2/20/2024 14:00,2/23/2024 7:08,Price Code 1,TRUCK 1 MOBILE PANTRY,False,Food Bank of Northeast Georgia,01,30622.0,Bogart,USDA DICED POTATOES,Potatoes 
643,179440,8997,G-131,"Grace Fellowship Church, INC",482053,,FP/USDA,MOBILE PANTRY-Agency,USDA,N-50-10312,25,0,0,0.0,300,OCONEE,0.0,4/25/2024 15:00,4/25/2024 13:44,Price Code 1,TRUCK 1 MOBILE PANTRY,False,Food Bank of Northeast Georgia,01,30622.0,Bogart,USDA CHILI W/ BEANS CCC,Prepared Meals
643,175855,8914,G-131,"Grace Fellowship Church, INC",478483,,FP/USDA,MOBILE PANTRY-Agency,USDA,N-50-10310,13,0,0,0.0,351,OCONEE,0.0,2/22/2024 15:00,2/23/2024 7:08,Price Code 1,TRUCK 1 MOBILE PANTRY,False,Food Bank of Northeast Georgia,01,30622.0,Bogart,USDA DICED POTATOES,Potatoes 
1019,172554,8882,F2KOconee County,F2K Oconee County,476185,,FOOD PANTRY,AT-RISK YOUTH-Agency,BLUE RECEIPT-SHL,F-15-90548,5,0,0,0.0,45,OCONEE,0.0,1/9/2024 16:00,1/11/2024 8:47,Price Code 1,TRUCK 2 MOBILE PANTRY,False,Food Bank of Northeast Georgia,01,,,"GROUND TURKEY BREAST, KIRKWOOD",Proteins
768,175500,3139,L-110,Living Word Baptist Church,478129,,FP/USDA,MOBILE PANTRY-Agency,USDA,N-50-10290,8,0,0,0.0,200,OCONEE,0.0,2/20/2024 14:00,2/23/2024 7:08,Price Code 1,TRUCK 1 MOBILE PANTRY,False,Food Bank of Northeast Georgia,01,30622.0,Bogart,USDA WHOLE ALMONDS DRY ROASTED,Proteins
1019,182615,5407,F2KOconee County,F2K Oconee County,485218,,FOOD PANTRY,AT-RISK YOUTH-Agency,BLUE RECEIPT-SHL,F-15-10000,28,0,0,0.0,28,OCONEE,0.0,6/28/2024 8:29,7/22/2024 14:34,Price Code 1,CUSTOMER PICKUP,False,Food Bank of Northeast Georgia,01,,,"MEAT & SEAFOOD, FROZEN SHL",Proteins
768,177449,6901,L-110,Living Word Baptist Church,480069,,FP/USDA,MOBILE PANTRY-Agency,BLUE RECEIPT-SHL,C-28-90372,457,0,0,0.0,457,OCONEE,0.0,3/19/2024 14:00,3/19/2024 14:29,Price Code 1,TRUCK 1 MOBILE PANTRY,False,Food Bank of Northeast Georgia,01,30622.0,Bogart,COLLARD GREENS,Vegetables
768,178864,8783,L-110,Living Word Baptist Church,481478,,FP/USDA,MOBILE PANTRY-Agency,USDA,N-50-10308,8,0,0,0.0,184,OCONEE,0.0,4/16/2024 14:00,4/17/2024 11:06,Price Code 1,TRUCK 1 MOBILE PANTRY,False,Food Bank of Northeast Georgia,01,30622.0,Bogart,USDA RAISINS,Fruits
1019,173541,8869,F2KOconee County,F2K Oconee County,477170,,FOOD PANTRY,AT-RISK YOUTH-Agency,YELLOW RECEIPT - SHN,N-20-10004,2,0,0,0.0,6,OCONEE,0.0,2/6/2024 15:30,2/22/2024 11:14,Price Code 1,TRUCK 1 MOBILE PANTRY,False,Food Bank of Northeast Georgia,01,,,PAMPERS PREEMIE SWADDLERS,Non-Food Misc.
1019,178033,5388,F2KOconee County,F2K Oconee County,480652,,FOOD PANTRY,AT-RISK YOUTH-Agency,BLUE RECEIPT-SHL,F-16-10001,623,0,0,0.0,623,OCONEE,0.0,4/2/2024 15:00,4/11/2024 13:05,Price Code 1,CUSTOMER PICKUP,False,Food Bank of Northeast Georgia,01,,,"ASSORTED FROZEN FOODS, SHL",Food Misc.
1019,173541,6420,F2KOconee County,F2K Oconee County,477170,,FOOD PANTRY,AT-RISK YOUTH-Agency,BLUE RECEIPT-SHL,C-28-90141,1,0,0,0.0,50,OCONEE,0.0,2/6/2024 15:30,2/22/2024 11:14,Price Code 1,TRUCK 1 MOBILE PANTRY,False,Food Bank of Northeast Georgia,01,,,ONIONS,Vegetables
1019,172554,8878,F2KOconee County,F2K Oconee County,476185,,FOOD PANTRY,AT-RISK YOUTH-Agency,YELLOW RECEIPT - SHN,N-03-11783,6,0,0,0.0,78,OCONEE,0.0,1/9/2024 16:00,1/11/2024 8:47,Price Code 1,TRUCK 2 MOBILE PANTRY,False,Food Bank of Northeast Georgia,01,,,GATORADE FIT CITRUS BERRY,Beverages
768,178864,8997,L-110,Living Word Baptist Church,481478,,FP/USDA,MOBILE PANTRY-Agency,USDA,N-50-10312,16,0,0,0.0,192,OCONEE,0.0,4/16/2024 14:00,4/17/2024 11:06,Price Code 1,TRUCK 1 MOBILE PANTRY,False,Food Bank of Northeast Georgia,01,30622.0,Bogart,USDA CHILI W/ BEANS CCC,Prepared Meals
768,180928,4327,L-110,Living Word Baptist Church,483534,,FP/USDA,MOBILE PANTRY-Agency,USDA,N-50-10277,10,0,0,0.0,270,OCONEE,0.0,5/21/2024 14:00,5/22/2024 7:07,Price Code 1,TRUCK 1 MOBILE PANTRY,False,Food Bank of Northeast Georgia,01,30622.0,Bogart,USDA GARBANZO BEANS,Proteins
643,175855,6983,G-131,"Grace Fellowship Church, INC",478483,,FP/USDA,MOBILE PANTRY-Agency,LOCAL - LL,C-28-90426,40,0,0,0.0,1600,OCONEE,0.0,2/22/2024 15:00,2/23/2024 7:08,Price Code 1,TRUCK 1 MOBILE PANTRY,False,Food Bank of Northeast Georgia,01,30622.0,Bogart,SWEET POTATOES,Potatoes 
643,182518,4269,G-131,"Grace Fellowship Church, INC",485121,,FP/USDA,MOBILE PANTRY-Agency,USDA,N-50-10273,25,0,0,0.0,600,OCONEE,0.0,6/27/2024 15:00,6/27/2024 16:34,Price Code 1,TRUCK 1 MOBILE PANTRY,False,Food Bank of Northeast Georgia,01,30622.0,Bogart,USDA DRY NAVY BEANS CCC,Proteins
768,178864,1521,L-110,Living Word Baptist Church,481478,,FP/USDA,MOBILE PANTRY-Agency,USDA,N-50-10104,16,0,0,0.0,400,OCONEE,0.0,4/16/2024 14:00,4/17/2024 11:06,Price Code 1,TRUCK 1 MOBILE PANTRY,False,Food Bank of Northeast Georgia,01,30622.0,Bogart,USDA LENTIL BEANS,Proteins
768,182205,4327,L-110,Living Word Baptist Church,484809,,FP/USDA,MOBILE PANTRY-Agency,USDA,N-50-10277,13,0,0,0.0,351,OCONEE,0.0,6/18/2024 14:00,6/18/2024 13:35,Price Code 1,TRUCK 1 MOBILE PANTRY,False,Food Bank of Northeast Georgia,01,30622.0,Bogart,USDA GARBANZO BEANS,Proteins
643,173391,7082,G-131,"Grace Fellowship Church, INC",477020,,FP/USDA,MOBILE PANTRY-Agency,USDA,C-50-10033,70,0,0,0.0,840,OCONEE,0.0,1/25/2024 15:00,1/25/2024 14:29,Price Code 1,TRUCK 1 MOBILE PANTRY,False,Food Bank of Northeast Georgia,01,30622.0,Bogart,USDA SHREDDED YELLOW CHEDDAR CHEESE CCC,Dairy
768,175500,4327,L-110,Living Word Baptist Church,478129,,FP/USDA,MOBILE PANTRY-Agency,USDA,N-50-10277,8,0,0,0.0,216,OCONEE,0.0,2/20/2024 14:00,2/23/2024 7:08,Price Code 1,TRUCK 1 MOBILE PANTRY,False,Food Bank of Northeast Georgia,01,30622.0,Bogart,USDA GARBANZO BEANS,Proteins
768,180928,1047,L-110,Living Word Baptist Church,483534,,FP/USDA,MOBILE PANTRY-Agency,USDA,N-50-10041,20,0,0,0.0,980,OCONEE,0.0,5/21/2024 14:00,5/22/2024 7:07,Price Code 1,TRUCK 1 MOBILE PANTRY,False,Food Bank of Northeast Georgia,01,30622.0,Bogart,USDA RICE,Grains
768,178864,8939,L-110,Living Word Baptist Church,481478,,FP/USDA,MOBILE PANTRY-Agency,BLUE RECEIPT-SHL,C-28-90530,32,0,0,0.0,1344,OCONEE,0.0,4/16/2024 14:00,4/17/2024 11:06,Price Code 1,TRUCK 1 MOBILE PANTRY,False,Food Bank of Northeast Georgia,01,30622.0,Bogart,"APPLES, SHL",Fruits
643,182518,6936,G-131,"Grace Fellowship Church, INC",485121,,FP/USDA,MOBILE PANTRY-Agency,BLUE RECEIPT-SHL,C-28-90388,33,0,0,0.0,990,OCONEE,0.0,6/27/2024 15:00,6/27/2024 16:34,Price Code 1,TRUCK 1 MOBILE PANTRY,False,Food Bank of Northeast Georgia,01,30622.0,Bogart,PEACHES,Fruits
643,181193,1791,G-131,"Grace Fellowship Church, INC",483798,,FP/USDA,MOBILE PANTRY-Agency,USDA,N-50-10079,13,0,0,0.0,338,OCONEE,0.0,5/23/2024 14:24,5/28/2024 7:55,Price Code 1,TRUCK 1 MOBILE PANTRY,False,Food Bank of Northeast Georgia,01,30622.0,Bogart,USDA WALNUT HALVES AND PIECES,Proteins
768,178864,8940,L-110,Living Word Baptist Church,481478,,FP/USDA,MOBILE PANTRY-Agency,BLUE RECEIPT-SHL,C-28-90531,35,0,0,0.0,1820,OCONEE,0.0,4/16/2024 14:00,4/17/2024 11:06,Price Code 1,TRUCK 1 MOBILE PANTRY,False,Food Bank of Northeast Georgia,01,30622.0,Bogart,"CABBAGE, SHL 50#",Vegetables
768,177449,1047,L-110,Living Word Baptist Church,480069,,FP/USDA,MOBILE PANTRY-Agency,USDA,N-50-10041,25,0,0,0.0,1225,OCONEE,0.0,3/19/2024 14:00,3/19/2024 14:29,Price Code 1,TRUCK 1 MOBILE PANTRY,False,Food Bank of Northeast Georgia,01,30622.0,Bogart,USDA RICE,Grains
643,177729,842,G-131,"Grace Fellowship Church, INC",480348,,FP/USDA,MOBILE PANTRY-Agency,USDA,N-50-10021,13,0,0,0.0,351,OCONEE,0.0,3/28/2024 15:00,3/28/2024 14:25,Price Code 1,TRUCK 1 MOBILE PANTRY,False,Food Bank of Northeast Georgia,01,30622.0,Bogart,USDA DICED TOMATOES NO SALT CCC,Vegetables
768,180928,1791,L-110,Living Word Baptist Church,483534,,FP/USDA,MOBILE PANTRY-Agency,USDA,N-50-10079,10,0,0,0.0,260,OCONEE,0.0,5/21/2024 14:00,5/22/2024 7:07,Price Code 1,TRUCK 1 MOBILE PANTRY,False,Food Bank of Northeast Georgia,01,30622.0,Bogart,USDA WALNUT HALVES AND PIECES,Proteins
1019,176416,8957,F2KOconee County,F2K Oconee County,479040,,FOOD PANTRY,AT-RISK YOUTH-Agency,YELLOW RECEIPT - SHN,N-25-11956,10,0,0,0.0,40,OCONEE,0.0,3/5/2024 15:30,3/20/2024 11:43,Price Code 1,TRACTOR TRAILER 1 MOBILE PANTRY,False,Food Bank of Northeast Georgia,01,,,HONEYMAID GRAHAM CRACKERS,Grains
643,181193,3203,G-131,"Grace Fellowship Church, INC",483798,,FP/USDA,MOBILE PANTRY-Agency,USDA,N-50-10289,13,0,0,0.0,325,OCONEE,0.0,5/23/2024 14:24,5/28/2024 7:55,Price Code 1,TRUCK 1 MOBILE PANTRY,False,Food Bank of Northeast Georgia,01,30622.0,Bogart,USDA PECAN PIECES,Proteins
643,182518,3203,G-131,"Grace Fellowship Church, INC",485121,,FP/USDA,MOBILE PANTRY-Agency,USDA,N-50-10289,13,0,0,0.0,325,OCONEE,0.0,6/27/2024 15:00,6/27/2024 16:34,Price Code 1,TRUCK 1 MOBILE PANTRY,False,Food Bank of Northeast Georgia,01,30622.0,Bogart,USDA PECAN PIECES,Proteins
643,179440,9013,G-131,"Grace Fellowship Church, INC",482053,,FP/USDA,MOBILE PANTRY-Agency,USDA,N-50-10313,13,0,0,0.0,312,OCONEE,0.0,4/25/2024 15:00,4/25/2024 13:44,Price Code 1,TRUCK 1 MOBILE PANTRY,False,Food Bank of Northeast Georgia,01,30622.0,Bogart,USDA LIGHT RED KIDNEY BEANS 24/1LB,Proteins
643,177729,1521,G-131,"Grace Fellowship Church, INC",480348,,FP/USDA,MOBILE PANTRY-Agency,USDA,N-50-10104,25,0,0,0.0,625,OCONEE,0.0,3/28/2024 15:00,3/28/2024 14:25,Price Code 1,TRUCK 1 MOBILE PANTRY,False,Food Bank of Northeast Georgia,01,30622.0,Bogart,USDA LENTIL BEANS,Proteins
1019,178033,5681,F2KOconee County,F2K Oconee County,480652,,FOOD PANTRY,AT-RISK YOUTH-Agency,LOCAL - LL,C-16-10000,508,0,0,0.0,508,OCONEE,0.0,4/2/2024 15:00,4/11/2024 13:05,Price Code 1,CUSTOMER PICKUP,False,Food Bank of Northeast Georgia,01,,,"COOLER FOOD, MISC. LL",Food Misc.
643,175855,8672,G-131,"Grace Fellowship Church, INC",478483,,FP/USDA,MOBILE PANTRY-Agency,USDA,N-50-10301,25,0,0,0.0,600,OCONEE,0.0,2/22/2024 15:00,2/23/2024 7:08,Price Code 1,TRUCK 1 MOBILE PANTRY,False,Food Bank of Northeast Georgia,01,30622.0,Bogart,USDA YELLOW SPLIT PEAS,Proteins
768,177449,1521,L-110,Living Word Baptist Church,480069,,FP/USDA,MOBILE PANTRY-Agency,USDA,N-50-10104,25,0,0,0.0,625,OCONEE,0.0,3/19/2024 14:00,3/19/2024 14:29,Price Code 1,TRUCK 1 MOBILE PANTRY,False,Food Bank of Northeast Georgia,01,30622.0,Bogart,USDA LENTIL BEANS,Proteins
643,181193,8714,G-131,"Grace Fellowship Church, INC",483798,,FP/USDA,MOBILE PANTRY-Agency,USDA,N-50-10303,25,0,0,0.0,600,OCONEE,0.0,5/23/2024 14:24,5/28/2024 7:55,Price Code 1,TRUCK 1 MOBILE PANTRY,False,Food Bank of Northeast Georgia,01,30622.0,Bogart,USDA GREEN SPLIT PEAS,Proteins
643,181193,6780,G-131,"Grace Fellowship Church, INC",483798,,FP/USDA,MOBILE PANTRY-Agency,USDA,C-50-10024,42,0,0,0.0,1806,OCONEE,0.0,5/23/2024 14:24,5/28/2024 7:55,Price Code 1,TRUCK 1 MOBILE PANTRY,False,Food Bank of Northeast Georgia,01,30622.0,Bogart,USDA APPLES,Fruits
1019,173541,8725,F2KOconee County,F2K Oconee County,477170,,FOOD PANTRY,AT-RISK YOUTH-Agency,YELLOW RECEIPT - SHN,N-16-10170,1,0,0,0.0,8,OCONEE,0.0,2/6/2024 15:30,2/22/2024 11:14,Price Code 1,TRUCK 1 MOBILE PANTRY,False,Food Bank of Northeast Georgia,01,,,DUNCAN HINES COOKIE DOUGH FROSTING,Food Misc.
768,175500,2960,L-110,Living Word Baptist Church,478129,,FP/USDA,MOBILE PANTRY-Agency,USDA,N-50-10247,8,0,0,0.0,288,OCONEE,0.0,2/20/2024 14:00,2/23/2024 7:08,Price Code 1,TRUCK 1 MOBILE PANTRY,False,Food Bank of Northeast Georgia,01,30622.0,Bogart,USDA BEEF STEW POUCHES CCC,Prepared Meals
643,179440,1521,G-131,"Grace Fellowship Church, INC",482053,,FP/USDA,MOBILE PANTRY-Agency,USDA,N-50-10104,25,0,0,0.0,625,OCONEE,0.0,4/25/2024 15:00,4/25/2024 13:44,Price Code 1,TRUCK 1 MOBILE PANTRY,False,Food Bank of Northeast Georgia,01,30622.0,Bogart,USDA LENTIL BEANS,Proteins
768,177449,6920,L-110,Living Word Baptist Church,480069,,FP/USDA,MOBILE PANTRY-Agency,LOCAL - LL,C-28-90389,13,0,0,0.0,650,OCONEE,0.0,3/19/2024 14:00,3/19/2024 14:29,Price Code 1,TRUCK 1 MOBILE PANTRY,False,Food Bank of Northeast Georgia,01,30622.0,Bogart,ONIONS 50 LB,Vegetables
768,177449,8783,L-110,Living Word Baptist Church,480069,,FP/USDA,MOBILE PANTRY-Agency,USDA,N-50-10308,13,0,0,0.0,299,OCONEE,0.0,3/19/2024 14:00,3/19/2024 14:29,Price Code 1,TRUCK 1 MOBILE PANTRY,False,Food Bank of Northeast Georgia,01,30622.0,Bogart,USDA RAISINS,Fruits
768,177449,170,L-110,Living Word Baptist Church,480069,,FP/USDA,MOBILE PANTRY-Agency,USDA,N-50-10007,13,0,0,0.0,364,OCONEE,0.0,3/19/2024 14:00,3/19/2024 14:29,Price Code 1,TRUCK 1 MOBILE PANTRY,False,Food Bank of Northeast Georgia,01,30622.0,Bogart,"USDA CORN, WHOLE KERNEL NO SALT",Vegetables
643,177729,4327,G-131,"Grace Fellowship Church, INC",480348,,FP/USDA,MOBILE PANTRY-Agency,USDA,N-50-10277,25,0,0,0.0,675,OCONEE,0.0,3/28/2024 15:00,3/28/2024 14:25,Price Code 1,TRUCK 1 MOBILE PANTRY,False,Food Bank of Northeast Georgia,01,30622.0,Bogart,USDA GARBANZO BEANS,Proteins
768,175500,84,L-110,Living Word Baptist Church,478129,,FP/USDA,MOBILE PANTRY-Agency,USDA,N-50-10006,8,0,0,0.0,216,OCONEE,0.0,2/20/2024 14:00,2/23/2024 7:08,Price Code 1,TRUCK 1 MOBILE PANTRY,False,Food Bank of Northeast Georgia,01,30622.0,Bogart,USDA GREEN BEANS,Vegetables
1019,173488,2081,F2KOconee County,F2K Oconee County,477117,,FOOD PANTRY,AT-RISK YOUTH-Agency,BLUE RECEIPT-SHL,W-30-10002,395,0,0,0.0,395,OCONEE,0.0,1/23/2024 14:15,2/20/2024 13:41,Price Code 1,TRACTOR TRAILER 2 MOBILE PANTRY,False,Food Bank of Northeast Georgia,01,,,"UNSORTED SALVAGE, SHL",Unsorted Salvage
643,179440,1674,G-131,"Grace Fellowship Church, INC",482053,,FP/USDA,MOBILE PANTRY-Agency,USDA,N-50-10073,13,0,0,0.0,351,OCONEE,0.0,4/25/2024 15:00,4/25/2024 13:44,Price Code 1,TRUCK 1 MOBILE PANTRY,False,Food Bank of Northeast Georgia,01,30622.0,Bogart,USDA TOMATO SAUCE,Vegetables
643,175855,2960,G-131,"Grace Fellowship Church, INC",478483,,FP/USDA,MOBILE PANTRY-Agency,USDA,N-50-10247,13,0,0,0.0,468,OCONEE,0.0,2/22/2024 15:00,2/23/2024 7:08,Price Code 1,TRUCK 1 MOBILE PANTRY,False,Food Bank of Northeast Georgia,01,30622.0,Bogart,USDA BEEF STEW POUCHES CCC,Prepared Meals
643,181193,8997,G-131,"Grace Fellowship Church, INC",483798,,FP/USDA,MOBILE PANTRY-Agency,USDA,N-50-10312,25,0,0,0.0,300,OCONEE,0.0,5/23/2024 14:24,5/28/2024 7:55,Price Code 1,TRUCK 1 MOBILE PANTRY,False,Food Bank of Northeast Georgia,01,30622.0,Bogart,USDA CHILI W/ BEANS CCC,Prepared Meals
50,172785,92,C-111,Churches Homes Foundation,476416,,ON PREMISES (OP),YOUTH-Agency,LOCAL - LL,W-01-10002,31,0,0,5.58,31,OCONEE,0.18,1/9/2024 12:16,1/9/2024 9:15,Price Code 1,CUSTOMER PICKUP,False,Sharing Floor Athens,01-SH,30622.0,Bogart,"ASSORTED NON-FOOD ITEMS, LL",Non-Food Misc.
768,182205,5388,L-110,Living Word Baptist Church,484809,,FP/USDA,MOBILE PANTRY-Agency,BLUE RECEIPT-SHL,F-16-10001,441,0,0,0.0,441,OCONEE,0.0,6/18/2024 14:00,6/18/2024 13:35,Price Code 1,TRUCK 1 MOBILE PANTRY,False,Food Bank of Northeast Georgia,01,30622.0,Bogart,"ASSORTED FROZEN FOODS, SHL",Food Misc.
1019,176416,8940,F2KOconee County,F2K Oconee County,479040,,FOOD PANTRY,AT-RISK YOUTH-Agency,BLUE RECEIPT-SHL,C-28-90531,2,0,0,0.0,104,OCONEE,0.0,3/5/2024 15:30,3/20/2024 11:43,Price Code 1,TRACTOR TRAILER 1 MOBILE PANTRY,False,Food Bank of Northeast Georgia,01,,,"CABBAGE, SHL 50#",Vegetables
1019,173541,8903,F2KOconee County,F2K Oconee County,477170,,FOOD PANTRY,AT-RISK YOUTH-Agency,YELLOW RECEIPT - SHN,N-16-10181,1,0,0,0.0,5,OCONEE,0.0,2/6/2024 15:30,2/22/2024 11:14,Price Code 1,TRUCK 1 MOBILE PANTRY,False,Food Bank of Northeast Georgia,01,,,STOVE TOP STUFFING - TURKEY/CHICKEN/CORNBREAD,Prepared Meals
643,179440,842,G-131,"Grace Fellowship Church, INC",482053,,FP/USDA,MOBILE PANTRY-Agency,USDA,N-50-10021,13,0,0,0.0,351,OCONEE,0.0,4/25/2024 15:00,4/25/2024 13:44,Price Code 1,TRUCK 1 MOBILE PANTRY,False,Food Bank of Northeast Georgia,01,30622.0,Bogart,USDA DICED TOMATOES NO SALT CCC,Vegetables
768,172923,8761,L-110,Living Word Baptist Church,476554,,FP/USDA,MOBILE PANTRY-Agency,USDA,N-50-10306,13,0,0,0.0,325,OCONEE,0.0,1/16/2024 15:00,1/16/2024 13:18,Price Code 1,TRUCK 1 MOBILE PANTRY,False,Food Bank of Northeast Georgia,01,30622.0,Bogart,USDA WHOLE DEGLET DATES,Fruits
1019,173488,690,F2KOconee County,F2K Oconee County,477117,,FOOD PANTRY,AT-RISK YOUTH-Agency,BLUE RECEIPT-SHL,W-03-10013,1307,0,0,0.0,1307,OCONEE,0.0,1/23/2024 14:15,2/20/2024 13:41,Price Code 1,TRACTOR TRAILER 2 MOBILE PANTRY,False,Food Bank of Northeast Georgia,01,,,"ASSORTED BEVERAGES, SHL",Beverages
768,175500,1047,L-110,Living Word Baptist Church,478129,,FP/USDA,MOBILE PANTRY-Agency,USDA,N-50-10041,8,0,0,0.0,392,OCONEE,0.0,2/20/2024 14:00,2/23/2024 7:08,Price Code 1,TRUCK 1 MOBILE PANTRY,False,Food Bank of Northeast Georgia,01,30622.0,Bogart,USDA RICE,Grains
643,175855,1047,G-131,"Grace Fellowship Church, INC",478483,,FP/USDA,MOBILE PANTRY-Agency,USDA,N-50-10041,13,0,0,0.0,637,OCONEE,0.0,2/22/2024 15:00,2/23/2024 7:08,Price Code 1,TRUCK 1 MOBILE PANTRY,False,Food Bank of Northeast Georgia,01,30622.0,Bogart,USDA RICE,Grains
1019,172554,8851,F2KOconee County,F2K Oconee County,476185,,FOOD PANTRY,AT-RISK YOUTH-Agency,PURCH,N-11-11071,1,0,0,0.0,6,OCONEE,0.0,1/9/2024 16:00,1/11/2024 8:47,Price Code 1,TRUCK 2 MOBILE PANTRY,False,Food Bank of Northeast Georgia,01,,,"CHICKEN STUFFING, PREMIER PANTRY",Prepared Meals
1019,172554,8891,F2KOconee County,F2K Oconee County,476185,,FOOD PANTRY,AT-RISK YOUTH-Agency,LFB,N-01-90133,10,0,0,0.0,100,OCONEE,0.0,1/9/2024 16:00,1/11/2024 8:47,Price Code 1,TRUCK 2 MOBILE PANTRY,False,Food Bank of Northeast Georgia,01,,,PULUPS 4T/5T,Non-Food Misc.
1019,173541,8873,F2KOconee County,F2K Oconee County,477170,,FOOD PANTRY,AT-RISK YOUTH-Agency,YELLOW RECEIPT - SHN,F-10-10001,4,0,0,0.0,12,OCONEE,0.0,2/6/2024 15:30,2/22/2024 11:14,Price Code 1,TRUCK 1 MOBILE PANTRY,False,Food Bank of Northeast Georgia,01,,,OUTSHINE STRAWBERRY BANANA SMOOTHIE CUBES,Beverages
768,175500,875,L-110,Living Word Baptist Church,478129,,FP/USDA,MOBILE PANTRY-Agency,BLUE RECEIPT-SHL,W-04-10000,449,0,0,0.0,449,OCONEE,0.0,2/20/2024 14:00,2/23/2024 7:08,Price Code 1,TRUCK 1 MOBILE PANTRY,False,Food Bank of Northeast Georgia,01,30622.0,Bogart,"BREAD & BAKERY, ASSORTED SHL",Grains
643,173391,875,G-131,"Grace Fellowship Church, INC",477020,,FP/USDA,MOBILE PANTRY-Agency,BLUE RECEIPT-SHL,W-04-10000,361,0,0,0.0,361,OCONEE,0.0,1/25/2024 15:00,1/25/2024 14:29,Price Code 1,TRUCK 1 MOBILE PANTRY,False,Food Bank of Northeast Georgia,01,30622.0,Bogart,"BREAD & BAKERY, ASSORTED SHL",Grains
768,182205,8714,L-110,Living Word Baptist Church,484809,,FP/USDA,MOBILE PANTRY-Agency,USDA,N-50-10303,25,0,0,0.0,600,OCONEE,0.0,6/18/2024 14:00,6/18/2024 13:35,Price Code 1,TRUCK 1 MOBILE PANTRY,False,Food Bank of Northeast Georgia,01,30622.0,Bogart,USDA GREEN SPLIT PEAS,Proteins
768,172923,8765,L-110,Living Word Baptist Church,476554,,FP/USDA,MOBILE PANTRY-Agency,USDA,N-50-10307,13,0,0,0.0,351,OCONEE,0.0,1/16/2024 15:00,1/16/2024 13:18,Price Code 1,TRUCK 1 MOBILE PANTRY,False,Food Bank of Northeast Georgia,01,30622.0,Bogart,"USDA LIGHT RED KIDNEY BEANS, LOW SODIUM",Proteins
768,178864,2414,L-110,Living Word Baptist Church,481478,,FP/USDA,MOBILE PANTRY-Agency,USDA,N-50-10244,8,0,0,0.0,288,OCONEE,0.0,4/16/2024 14:00,4/17/2024 11:06,Price Code 1,TRUCK 1 MOBILE PANTRY,False,Food Bank of Northeast Georgia,01,30622.0,Bogart,USDA CANNED BEEF CCC,Proteins
768,175500,8949,L-110,Living Word Baptist Church,478129,,FP/USDA,MOBILE PANTRY-Agency,LOCAL - LL,C-28-90536,41,0,0,0.0,2050,OCONEE,0.0,2/20/2024 14:00,2/23/2024 7:08,Price Code 1,TRUCK 1 MOBILE PANTRY,False,Food Bank of Northeast Georgia,01,30622.0,Bogart,"CARROTS, 50#",Vegetables
768,178864,2202,L-110,Living Word Baptist Church,481478,,FP/USDA,MOBILE PANTRY-Agency,USDA,N-50-10240,10,0,0,0.0,220,OCONEE,0.0,4/16/2024 14:00,4/17/2024 11:06,Price Code 1,TRUCK 1 MOBILE PANTRY,False,Food Bank of Northeast Georgia,01,30622.0,Bogart,USDA SPAGHETTI,Grains
1019,172554,8852,F2KOconee County,F2K Oconee County,476185,,FOOD PANTRY,AT-RISK YOUTH-Agency,PURCH,N-23-10010,3,0,0,0.0,39,OCONEE,0.0,1/9/2024 16:00,1/11/2024 8:47,Price Code 1,TRUCK 2 MOBILE PANTRY,False,Food Bank of Northeast Georgia,01,,,NUT'N BETTER CREAMY PEANUT BUTTER - RED SUGAR & SODIUM,Proteins
768,180928,1674,L-110,Living Word Baptist Church,483534,,FP/USDA,MOBILE PANTRY-Agency,USDA,N-50-10073,10,0,0,0.0,270,OCONEE,0.0,5/21/2024 14:00,5/22/2024 7:07,Price Code 1,TRUCK 1 MOBILE PANTRY,False,Food Bank of Northeast Georgia,01,30622.0,Bogart,USDA TOMATO SAUCE,Vegetables
643,182518,4327,G-131,"Grace Fellowship Church, INC",485121,,FP/USDA,MOBILE PANTRY-Agency,USDA,N-50-10277,13,0,0,0.0,351,OCONEE,0.0,6/27/2024 15:00,6/27/2024 16:34,Price Code 1,TRUCK 1 MOBILE PANTRY,False,Food Bank of Northeast Georgia,01,30622.0,Bogart,USDA GARBANZO BEANS,Proteins
643,179440,4448,G-131,"Grace Fellowship Church, INC",482053,,FP/USDA,MOBILE PANTRY-Agency,USDA,F-50-90446,46,0,0,0.0,1288,OCONEE,0.0,4/25/2024 15:00,4/25/2024 13:44,Price Code 1,TRUCK 1 MOBILE PANTRY,False,Food Bank of Northeast Georgia,01,30622.0,Bogart,USDA FROZEN STRAWBERRY FRUIT CUPS,Fruits
768,178864,1047,L-110,Living Word Baptist Church,481478,,FP/USDA,MOBILE PANTRY-Agency,USDA,N-50-10041,16,0,0,0.0,784,OCONEE,0.0,4/16/2024 14:00,4/17/2024 11:06,Price Code 1,TRUCK 1 MOBILE PANTRY,False,Food Bank of Northeast Georgia,01,30622.0,Bogart,USDA RICE,Grains
643,181193,8991,G-131,"Grace Fellowship Church, INC",483798,,FP/USDA,MOBILE PANTRY-Agency,USDA,N-50-10311,13,0,0,0.0,312,OCONEE,0.0,5/23/2024 14:24,5/28/2024 7:55,Price Code 1,TRUCK 1 MOBILE PANTRY,False,Food Bank of Northeast Georgia,01,30622.0,Bogart,USDA HAZELNUTS CCC,Proteins
643,173391,8676,G-131,"Grace Fellowship Church, INC",477020,,FP/USDA,MOBILE PANTRY-Agency,LOCAL - LL,C-88-10000,2500,0,0,0.0,2500,OCONEE,0.0,1/25/2024 15:00,1/25/2024 14:29,Price Code 1,TRUCK 1 MOBILE PANTRY,False,Food Bank of Northeast Georgia,01,30622.0,Bogart,"LFPA PRODUCE, MISC",Mixed Produce
768,182205,8783,L-110,Living Word Baptist Church,484809,,FP/USDA,MOBILE PANTRY-Agency,USDA,N-50-10308,13,0,0,0.0,299,OCONEE,0.0,6/18/2024 14:00,6/18/2024 13:35,Price Code 1,TRUCK 1 MOBILE PANTRY,False,Food Bank of Northeast Georgia,01,30622.0,Bogart,USDA RAISINS,Fruits
643,182518,9015,G-131,"Grace Fellowship Church, INC",485121,,FP/USDA,MOBILE PANTRY-Agency,USDA,N-50-10314,13,0,0,0.0,637,OCONEE,0.0,6/27/2024 15:00,6/27/2024 16:34,Price Code 1,TRUCK 1 MOBILE PANTRY,False,Food Bank of Northeast Georgia,01,30622.0,Bogart,USDA RICE CCC,Grains
768,180928,8783,L-110,Living Word Baptist Church,483534,,FP/USDA,MOBILE PANTRY-Agency,USDA,N-50-10308,10,0,0,0.0,230,OCONEE,0.0,5/21/2024 14:00,5/22/2024 7:07,Price Code 1,TRUCK 1 MOBILE PANTRY,False,Food Bank of Northeast Georgia,01,30622.0,Bogart,USDA RAISINS,Fruits
643,173391,3139,G-131,"Grace Fellowship Church, INC",477020,,FP/USDA,MOBILE PANTRY-Agency,USDA,N-50-10290,25,0,0,0.0,625,OCONEE,0.0,1/25/2024 15:00,1/25/2024 14:29,Price Code 1,TRUCK 1 MOBILE PANTRY,False,Food Bank of Northeast Georgia,01,30622.0,Bogart,USDA WHOLE ALMONDS DRY ROASTED,Proteins
768,180928,6780,L-110,Living Word Baptist Church,483534,,FP/USDA,MOBILE PANTRY-Agency,USDA,C-50-10024,42,0,0,0.0,1806,OCONEE,0.0,5/21/2024 14:00,5/22/2024 7:07,Price Code 1,TRUCK 1 MOBILE PANTRY,False,Food Bank of Northeast Georgia,01,30622.0,Bogart,USDA APPLES,Fruits
768,180928,84,L-110,Living Word Baptist Church,483534,,FP/USDA,MOBILE PANTRY-Agency,USDA,N-50-10006,10,0,0,0.0,270,OCONEE,0.0,5/21/2024 14:00,5/22/2024 7:07,Price Code 1,TRUCK 1 MOBILE PANTRY,False,Food Bank of Northeast Georgia,01,30622.0,Bogart,USDA GREEN BEANS,Vegetables
643,177729,1791,G-131,"Grace Fellowship Church, INC",480348,,FP/USDA,MOBILE PANTRY-Agency,USDA,N-50-10079,13,0,0,0.0,338,OCONEE,0.0,3/28/2024 15:00,3/28/2024 14:25,Price Code 1,TRUCK 1 MOBILE PANTRY,False,Food Bank of Northeast Georgia,01,30622.0,Bogart,USDA WALNUT HALVES AND PIECES,Proteins
768,175500,1791,L-110,Living Word Baptist Church,478129,,FP/USDA,MOBILE PANTRY-Agency,USDA,N-50-10079,8,0,0,0.0,208,OCONEE,0.0,2/20/2024 14:00,2/23/2024 7:08,Price Code 1,TRUCK 1 MOBILE PANTRY,False,Food Bank of Northeast Georgia,01,30622.0,Bogart,USDA WALNUT HALVES AND PIECES,Proteins
1019,178033,5938,F2KOconee County,F2K Oconee County,480652,,FOOD PANTRY,AT-RISK YOUTH-Agency,BLUE RECEIPT-SHL,C-28-10001,752,0,0,0.0,752,OCONEE,0.0,4/2/2024 15:00,4/11/2024 13:05,Price Code 1,CUSTOMER PICKUP,False,Food Bank of Northeast Georgia,01,,,"PRODUCE, FRESH SHL",Mixed Produce
643,177729,170,G-131,"Grace Fellowship Church, INC",480348,,FP/USDA,MOBILE PANTRY-Agency,USDA,N-50-10007,13,0,0,0.0,364,OCONEE,0.0,3/28/2024 15:00,3/28/2024 14:25,Price Code 1,TRUCK 1 MOBILE PANTRY,False,Food Bank of Northeast Georgia,01,30622.0,Bogart,"USDA CORN, WHOLE KERNEL NO SALT",Vegetables
643,179440,6780,G-131,"Grace Fellowship Church, INC",482053,,FP/USDA,MOBILE PANTRY-Agency,USDA,C-50-10024,42,0,0,0.0,1806,OCONEE,0.0,4/25/2024 15:00,4/25/2024 13:44,Price Code 1,TRUCK 1 MOBILE PANTRY,False,Food Bank of Northeast Georgia,01,30622.0,Bogart,USDA APPLES,Fruits
643,182518,9084,G-131,"Grace Fellowship Church, INC",485121,,FP/USDA,MOBILE PANTRY-Agency,USDA,N-50-10315,13,0,0,0.0,351,OCONEE,0.0,6/27/2024 15:00,6/27/2024 16:34,Price Code 1,TRUCK 1 MOBILE PANTRY,False,Food Bank of Northeast Georgia,01,30622.0,Bogart,USDA CANNED SALMON,Proteins
643,181193,4327,G-131,"Grace Fellowship Church, INC",483798,,FP/USDA,MOBILE PANTRY-Agency,USDA,N-50-10277,13,0,0,0.0,351,OCONEE,0.0,5/23/2024 14:24,5/28/2024 7:55,Price Code 1,TRUCK 1 MOBILE PANTRY,False,Food Bank of Northeast Georgia,01,30622.0,Bogart,USDA GARBANZO BEANS,Proteins
768,177449,1791,L-110,Living Word Baptist Church,480069,,FP/USDA,MOBILE PANTRY-Agency,USDA,N-50-10079,13,0,0,0.0,338,OCONEE,0.0,3/19/2024 14:00,3/19/2024 14:29,Price Code 1,TRUCK 1 MOBILE PANTRY,False,Food Bank of Northeast Georgia,01,30622.0,Bogart,USDA WALNUT HALVES AND PIECES,Proteins
50,172785,5958,C-111,Churches Homes Foundation,476416,,ON PREMISES (OP),YOUTH-Agency,BLUE RECEIPT-SHL,C-16-10001,24,0,0,4.32,24,OCONEE,0.18,1/9/2024 12:16,1/9/2024 9:15,Price Code 1,CUSTOMER PICKUP,False,Sharing Floor Athens,01-SH,30622.0,Bogart,"COOLER FOOD, MISC. SHL",Food Misc.
1019,176416,6692,F2KOconee County,F2K Oconee County,479040,,FOOD PANTRY,AT-RISK YOUTH-Agency,LOCAL - LL,C-28-90422,2,0,0,0.0,100,OCONEE,0.0,3/5/2024 15:30,3/20/2024 11:43,Price Code 1,TRACTOR TRAILER 1 MOBILE PANTRY,False,Food Bank of Northeast Georgia,01,,,"APPLES, LL",Fruits
768,182205,4715,L-110,Living Word Baptist Church,484809,,FP/USDA,MOBILE PANTRY-Agency,USDA,F-50-90461,18,0,0,0.0,720,OCONEE,0.0,6/18/2024 14:00,6/18/2024 13:35,Price Code 1,TRUCK 1 MOBILE PANTRY,False,Food Bank of Northeast Georgia,01,30622.0,Bogart,USDA ALASKAN POLLACK FISH FILLETS,Proteins
1019,172554,8877,F2KOconee County,F2K Oconee County,476185,,FOOD PANTRY,AT-RISK YOUTH-Agency,YELLOW RECEIPT - SHN,N-03-11782,3,0,0,0.0,54,OCONEE,0.0,1/9/2024 16:00,1/11/2024 8:47,Price Code 1,TRUCK 2 MOBILE PANTRY,False,Food Bank of Northeast Georgia,01,,,CELSIUS LIVE FIT VAR PACK,Beverages
643,181193,800,G-131,"Grace Fellowship Church, INC",483798,,FP/USDA,MOBILE PANTRY-Agency,USDA,N-50-10065,13,0,0,0.0,351,OCONEE,0.0,5/23/2024 14:24,5/28/2024 7:55,Price Code 1,TRUCK 1 MOBILE PANTRY,False,Food Bank of Northeast Georgia,01,30622.0,Bogart,USDA APPLESAUCE,Fruits
768,177449,84,L-110,Living Word Baptist Church,480069,,FP/USDA,MOBILE PANTRY-Agency,USDA,N-50-10006,13,0,0,0.0,351,OCONEE,0.0,3/19/2024 14:00,3/19/2024 14:29,Price Code 1,TRUCK 1 MOBILE PANTRY,False,Food Bank of Northeast Georgia,01,30622.0,Bogart,USDA GREEN BEANS,Vegetables
1019,178033,8781,F2KOconee County,F2K Oconee County,480652,,FOOD PANTRY,AT-RISK YOUTH-Agency,BLUE RECEIPT-SHL,N-03-11753,50,0,0,0.0,1150,OCONEE,0.0,4/2/2024 15:00,4/11/2024 13:05,Price Code 1,CUSTOMER PICKUP,False,Food Bank of Northeast Georgia,01,,,PURE LEAF SWEET TEA,Beverages
643,179440,800,G-131,"Grace Fellowship Church, INC",482053,,FP/USDA,MOBILE PANTRY-Agency,USDA,N-50-10065,13,0,0,0.0,351,OCONEE,0.0,4/25/2024 15:00,4/25/2024 13:44,Price Code 1,TRUCK 1 MOBILE PANTRY,False,Food Bank of Northeast Georgia,01,30622.0,Bogart,USDA APPLESAUCE,Fruits
1019,173488,875,F2KOconee County,F2K Oconee County,477117,,FOOD PANTRY,AT-RISK YOUTH-Agency,BLUE RECEIPT-SHL,W-04-10000,286,0,0,0.0,286,OCONEE,0.0,1/23/2024 14:15,2/20/2024 13:41,Price Code 1,TRACTOR TRAILER 2 MOBILE PANTRY,False,Food Bank of Northeast Georgia,01,,,"BREAD & BAKERY, ASSORTED SHL",Grains
768,175500,842,L-110,Living Word Baptist Church,478129,,FP/USDA,MOBILE PANTRY-Agency,USDA,N-50-10021,8,0,0,0.0,216,OCONEE,0.0,2/20/2024 14:00,2/23/2024 7:08,Price Code 1,TRUCK 1 MOBILE PANTRY,False,Food Bank of Northeast Georgia,01,30622.0,Bogart,USDA DICED TOMATOES NO SALT CCC,Vegetables
643,182518,170,G-131,"Grace Fellowship Church, INC",485121,,FP/USDA,MOBILE PANTRY-Agency,USDA,N-50-10007,13,0,0,0.0,364,OCONEE,0.0,6/27/2024 15:00,6/27/2024 16:34,Price Code 1,TRUCK 1 MOBILE PANTRY,False,Food Bank of Northeast Georgia,01,30622.0,Bogart,"USDA CORN, WHOLE KERNEL NO SALT",Vegetables
1019,176416,8963,F2KOconee County,F2K Oconee County,479040,,FOOD PANTRY,AT-RISK YOUTH-Agency,YELLOW RECEIPT - SHN,N-25-11960,3,0,0,0.0,33,OCONEE,0.0,3/5/2024 15:30,3/20/2024 11:43,Price Code 1,TRACTOR TRAILER 1 MOBILE PANTRY,False,Food Bank of Northeast Georgia,01,,,"TAPIOCA PUDDING, BEST CHOICE",Food Misc.
643,175855,1521,G-131,"Grace Fellowship Church, INC",478483,,FP/USDA,MOBILE PANTRY-Agency,USDA,N-50-10104,25,0,0,0.0,625,OCONEE,0.0,2/22/2024 15:00,2/23/2024 7:08,Price Code 1,TRUCK 1 MOBILE PANTRY,False,Food Bank of Northeast Georgia,01,30622.0,Bogart,USDA LENTIL BEANS,Proteins
768,182205,6918,L-110,Living Word Baptist Church,484809,,FP/USDA,MOBILE PANTRY-Agency,BLUE RECEIPT-SHL,C-28-90382,31,0,0,0.0,1519,OCONEE,0.0,6/18/2024 14:00,6/18/2024 13:35,Price Code 1,TRUCK 1 MOBILE PANTRY,False,Food Bank of Northeast Georgia,01,30622.0,Bogart,BI COLOR SWEET CORN,Vegetables
768,182205,9084,L-110,Living Word Baptist Church,484809,,FP/USDA,MOBILE PANTRY-Agency,USDA,N-50-10315,13,0,0,0.0,351,OCONEE,0.0,6/18/2024 14:00,6/18/2024 13:35,Price Code 1,TRUCK 1 MOBILE PANTRY,False,Food Bank of Northeast Georgia,01,30622.0,Bogart,USDA CANNED SALMON,Proteins
643,175855,842,G-131,"Grace Fellowship Church, INC",478483,,FP/USDA,MOBILE PANTRY-Agency,USDA,N-50-10021,13,0,0,0.0,351,OCONEE,0.0,2/22/2024 15:00,2/23/2024 7:08,Price Code 1,TRUCK 1 MOBILE PANTRY,False,Food Bank of Northeast Georgia,01,30622.0,Bogart,USDA DICED TOMATOES NO SALT CCC,Vegetables
1019,176416,8946,F2KOconee County,F2K Oconee County,479040,,FOOD PANTRY,AT-RISK YOUTH-Agency,BLUE RECEIPT-SHL,N-03-11810,10,0,0,0.0,140,OCONEE,0.0,3/5/2024 15:30,3/20/2024 11:43,Price Code 1,TRACTOR TRAILER 1 MOBILE PANTRY,False,Food Bank of Northeast Georgia,01,,,PROPEL ORANGE RASPBERRY,Beverages
1019,172554,8869,F2KOconee County,F2K Oconee County,476185,,FOOD PANTRY,AT-RISK YOUTH-Agency,YELLOW RECEIPT - SHN,N-20-10004,4,0,0,0.0,12,OCONEE,0.0,1/9/2024 16:00,1/11/2024 8:47,Price Code 1,TRUCK 2 MOBILE PANTRY,False,Food Bank of Northeast Georgia,01,,,PAMPERS PREEMIE SWADDLERS,Non-Food Misc.
768,178864,1674,L-110,Living Word Baptist Church,481478,,FP/USDA,MOBILE PANTRY-Agency,USDA,N-50-10073,8,0,0,0.0,216,OCONEE,0.0,4/16/2024 14:00,4/17/2024 11:06,Price Code 1,TRUCK 1 MOBILE PANTRY,False,Food Bank of Northeast Georgia,01,30622.0,Bogart,USDA TOMATO SAUCE,Vegetables
768,172923,3139,L-110,Living Word Baptist Church,476554,,FP/USDA,MOBILE PANTRY-Agency,USDA,N-50-10290,25,0,0,0.0,625,OCONEE,0.0,1/16/2024 15:00,1/16/2024 13:18,Price Code 1,TRUCK 1 MOBILE PANTRY,False,Food Bank of Northeast Georgia,01,30622.0,Bogart,USDA WHOLE ALMONDS DRY ROASTED,Proteins
1019,176416,6925,F2KOconee County,F2K Oconee County,479040,,FOOD PANTRY,AT-RISK YOUTH-Agency,BLUE RECEIPT-SHL,C-28-90401,2,0,0,0.0,100,OCONEE,0.0,3/5/2024 15:30,3/20/2024 11:43,Price Code 1,TRACTOR TRAILER 1 MOBILE PANTRY,False,Food Bank of Northeast Georgia,01,,,POTATOES,Potatoes 
768,175500,4422,L-110,Living Word Baptist Church,478129,,FP/USDA,MOBILE PANTRY-Agency,USDA,F-50-90452,48,0,0,0.0,1536,OCONEE,0.0,2/20/2024 14:00,2/23/2024 7:08,Price Code 1,TRUCK 1 MOBILE PANTRY,False,Food Bank of Northeast Georgia,01,30622.0,Bogart,USDA PORK LOIN BONELESS ROAST,Proteins
643,179440,170,G-131,"Grace Fellowship Church, INC",482053,,FP/USDA,MOBILE PANTRY-Agency,USDA,N-50-10007,13,0,0,0.0,364,OCONEE,0.0,4/25/2024 15:00,4/25/2024 13:44,Price Code 1,TRUCK 1 MOBILE PANTRY,False,Food Bank of Northeast Georgia,01,30622.0,Bogart,"USDA CORN, WHOLE KERNEL NO SALT",Vegetables
768,172923,8783,L-110,Living Word Baptist Church,476554,,FP/USDA,MOBILE PANTRY-Agency,USDA,N-50-10308,13,0,0,0.0,299,OCONEE,0.0,1/16/2024 15:00,1/16/2024 13:18,Price Code 1,TRUCK 1 MOBILE PANTRY,False,Food Bank of Northeast Georgia,01,30622.0,Bogart,USDA RAISINS,Fruits
768,178864,842,L-110,Living Word Baptist Church,481478,,FP/USDA,MOBILE PANTRY-Agency,USDA,N-50-10021,8,0,0,0.0,216,OCONEE,0.0,4/16/2024 14:00,4/17/2024 11:06,Price Code 1,TRUCK 1 MOBILE PANTRY,False,Food Bank of Northeast Georgia,01,30622.0,Bogart,USDA DICED TOMATOES NO SALT CCC,Vegetables
768,175500,8940,L-110,Living Word Baptist Church,478129,,FP/USDA,MOBILE PANTRY-Agency,BLUE RECEIPT-SHL,C-28-90531,30,0,0,0.0,1560,OCONEE,0.0,2/20/2024 14:00,2/23/2024 7:08,Price Code 1,TRUCK 1 MOBILE PANTRY,False,Food Bank of Northeast Georgia,01,30622.0,Bogart,"CABBAGE, SHL 50#",Vegetables
768,182205,84,L-110,Living Word Baptist Church,484809,,FP/USDA,MOBILE PANTRY-Agency,USDA,N-50-10006,13,0,0,0.0,351,OCONEE,0.0,6/18/2024 14:00,6/18/2024 13:35,Price Code 1,TRUCK 1 MOBILE PANTRY,False,Food Bank of Northeast Georgia,01,30622.0,Bogart,USDA GREEN BEANS,Vegetables
643,179440,4422,G-131,"Grace Fellowship Church, INC",482053,,FP/USDA,MOBILE PANTRY-Agency,USDA,F-50-90452,50,0,0,0.0,1600,OCONEE,0.0,4/25/2024 15:00,4/25/2024 13:44,Price Code 1,TRUCK 1 MOBILE PANTRY,False,Food Bank of Northeast Georgia,01,30622.0,Bogart,USDA PORK LOIN BONELESS ROAST,Proteins
768,182205,1674,L-110,Living Word Baptist Church,484809,,FP/USDA,MOBILE PANTRY-Agency,USDA,N-50-10073,13,0,0,0.0,351,OCONEE,0.0,6/18/2024 14:00,6/18/2024 13:35,Price Code 1,TRUCK 1 MOBILE PANTRY,False,Food Bank of Northeast Georgia,01,30622.0,Bogart,USDA TOMATO SAUCE,Vegetables
643,177729,5637,G-131,"Grace Fellowship Church, INC",480348,,FP/USDA,MOBILE PANTRY-Agency,USDA,F-50-90019,20,0,0,0.0,600,OCONEE,0.0,3/28/2024 15:00,3/28/2024 14:25,Price Code 1,TRUCK 1 MOBILE PANTRY,False,Food Bank of Northeast Georgia,01,30622.0,Bogart,USDA FROZEN BLUEBERRIES CCC,Fruits
643,182518,2202,G-131,"Grace Fellowship Church, INC",485121,,FP/USDA,MOBILE PANTRY-Agency,USDA,N-50-10240,15,0,0,0.0,330,OCONEE,0.0,6/27/2024 15:00,6/27/2024 16:34,Price Code 1,TRUCK 1 MOBILE PANTRY,False,Food Bank of Northeast Georgia,01,30622.0,Bogart,USDA SPAGHETTI,Grains
643,173391,8914,G-131,"Grace Fellowship Church, INC",477020,,FP/USDA,MOBILE PANTRY-Agency,USDA,N-50-10310,13,0,0,0.0,351,OCONEE,0.0,1/25/2024 15:00,1/25/2024 14:29,Price Code 1,TRUCK 1 MOBILE PANTRY,False,Food Bank of Northeast Georgia,01,30622.0,Bogart,USDA DICED POTATOES,Potatoes 
643,182518,9013,G-131,"Grace Fellowship Church, INC",485121,,FP/USDA,MOBILE PANTRY-Agency,USDA,N-50-10313,13,0,0,0.0,312,OCONEE,0.0,6/27/2024 15:00,6/27/2024 16:34,Price Code 1,TRUCK 1 MOBILE PANTRY,False,Food Bank of Northeast Georgia,01,30622.0,Bogart,USDA LIGHT RED KIDNEY BEANS 24/1LB,Proteins
643,177729,84,G-131,"Grace Fellowship Church, INC",480348,,FP/USDA,MOBILE PANTRY-Agency,USDA,N-50-10006,13,0,0,0.0,351,OCONEE,0.0,3/28/2024 15:00,3/28/2024 14:25,Price Code 1,TRUCK 1 MOBILE PANTRY,False,Food Bank of Northeast Georgia,01,30622.0,Bogart,USDA GREEN BEANS,Vegetables
50,172785,683,C-111,Churches Homes Foundation,476416,,ON PREMISES (OP),YOUTH-Agency,BLUE RECEIPT-SHL,W-16-10001,30,0,0,5.4,30,OCONEE,0.18,1/9/2024 12:16,1/9/2024 9:15,Price Code 1,CUSTOMER PICKUP,False,Sharing Floor Athens,01-SH,30622.0,Bogart,MISC. FOOD BOX SHL,Food Misc.
768,180928,842,L-110,Living Word Baptist Church,483534,,FP/USDA,MOBILE PANTRY-Agency,USDA,N-50-10021,10,0,0,0.0,270,OCONEE,0.0,5/21/2024 14:00,5/22/2024 7:07,Price Code 1,TRUCK 1 MOBILE PANTRY,False,Food Bank of Northeast Georgia,01,30622.0,Bogart,USDA DICED TOMATOES NO SALT CCC,Vegetables
643,181193,842,G-131,"Grace Fellowship Church, INC",483798,,FP/USDA,MOBILE PANTRY-Agency,USDA,N-50-10021,13,0,0,0.0,351,OCONEE,0.0,5/23/2024 14:24,5/28/2024 7:55,Price Code 1,TRUCK 1 MOBILE PANTRY,False,Food Bank of Northeast Georgia,01,30622.0,Bogart,USDA DICED TOMATOES NO SALT CCC,Vegetables
163,173323,690,O-102,Oconee County Senior Center,476952,,ON PREMISES (OP),SENIOR-Agency,BLUE RECEIPT-SHL,W-03-10013,34,0,0,0.0,34,OCONEE,0.0,1/19/2024 13:38,1/19/2024 13:45,Price Code 1,CUSTOMER PICKUP,False,Sharing Floor Athens,01-SH,30622.0,Bogart,"ASSORTED BEVERAGES, SHL",Beverages
768,180928,4411,L-110,Living Word Baptist Church,483534,,FP/USDA,MOBILE PANTRY-Agency,USDA,F-50-90465,64,0,0,0.0,1344,OCONEE,0.0,5/21/2024 14:00,5/22/2024 7:07,Price Code 1,TRUCK 1 MOBILE PANTRY,False,Food Bank of Northeast Georgia,01,30622.0,Bogart,USDA WILD CAUGHT GULF SHRIMP,Proteins
1019,172554,8900,F2KOconee County,F2K Oconee County,476185,,FOOD PANTRY,AT-RISK YOUTH-Agency,BLUE RECEIPT-SHL,N-03-11791,6,0,0,0.0,162,OCONEE,0.0,1/9/2024 16:00,1/11/2024 8:47,Price Code 1,TRUCK 2 MOBILE PANTRY,False,Food Bank of Northeast Georgia,01,,,GATORADE G2 GRAPE 15 COUNT,Beverages
643,181193,84,G-131,"Grace Fellowship Church, INC",483798,,FP/USDA,MOBILE PANTRY-Agency,USDA,N-50-10006,13,0,0,0.0,351,OCONEE,0.0,5/23/2024 14:24,5/28/2024 7:55,Price Code 1,TRUCK 1 MOBILE PANTRY,False,Food Bank of Northeast Georgia,01,30622.0,Bogart,USDA GREEN BEANS,Vegetables
643,173391,7059,G-131,"Grace Fellowship Church, INC",477020,,FP/USDA,MOBILE PANTRY-Agency,USDA,C-50-10019,96,0,0,0.0,3456,OCONEE,0.0,1/25/2024 15:00,1/25/2024 14:29,Price Code 1,TRUCK 1 MOBILE PANTRY,False,Food Bank of Northeast Georgia,01,30622.0,Bogart,USDA 2% MILK CCC,Dairy
643,181193,9013,G-131,"Grace Fellowship Church, INC",483798,,FP/USDA,MOBILE PANTRY-Agency,USDA,N-50-10313,13,0,0,0.0,312,OCONEE,0.0,5/23/2024 14:24,5/28/2024 7:55,Price Code 1,TRUCK 1 MOBILE PANTRY,False,Food Bank of Northeast Georgia,01,30622.0,Bogart,USDA LIGHT RED KIDNEY BEANS 24/1LB,Proteins
643,182518,3712,G-131,"Grace Fellowship Church, INC",485121,,FP/USDA,MOBILE PANTRY-Agency,USDA,N-50-10266,13,0,0,0.0,351,OCONEE,0.0,6/27/2024 15:00,6/27/2024 16:34,Price Code 1,TRUCK 1 MOBILE PANTRY,False,Food Bank of Northeast Georgia,01,30622.0,Bogart,USDA CANNED PINTO BEANS,Proteins
768,180928,3139,L-110,Living Word Baptist Church,483534,,FP/USDA,MOBILE PANTRY-Agency,USDA,N-50-10290,20,0,0,0.0,500,OCONEE,0.0,5/21/2024 14:00,5/22/2024 7:07,Price Code 1,TRUCK 1 MOBILE PANTRY,False,Food Bank of Northeast Georgia,01,30622.0,Bogart,USDA WHOLE ALMONDS DRY ROASTED,Proteins
768,180928,2202,L-110,Living Word Baptist Church,483534,,FP/USDA,MOBILE PANTRY-Agency,USDA,N-50-10240,13,0,0,0.0,286,OCONEE,0.0,5/21/2024 14:00,5/22/2024 7:07,Price Code 1,TRUCK 1 MOBILE PANTRY,False,Food Bank of Northeast Georgia,01,30622.0,Bogart,USDA SPAGHETTI,Grains
768,178864,4449,L-110,Living Word Baptist Church,481478,,FP/USDA,MOBILE PANTRY-Agency,USDA,F-50-90445,48,0,0,0.0,1968,OCONEE,0.0,4/16/2024 14:00,4/17/2024 11:06,Price Code 1,TRUCK 1 MOBILE PANTRY,False,Food Bank of Northeast Georgia,01,30622.0,Bogart,USDA FULLY COOKED PULLED PORK CCC,Proteins
643,177729,3139,G-131,"Grace Fellowship Church, INC",480348,,FP/USDA,MOBILE PANTRY-Agency,USDA,N-50-10290,25,0,0,0.0,625,OCONEE,0.0,3/28/2024 15:00,3/28/2024 14:25,Price Code 1,TRUCK 1 MOBILE PANTRY,False,Food Bank of Northeast Georgia,01,30622.0,Bogart,USDA WHOLE ALMONDS DRY ROASTED,Proteins
643,182518,4406,G-131,"Grace Fellowship Church, INC",485121,,FP/USDA,MOBILE PANTRY-Agency,USDA,N-50-10288,13,0,0,0.0,299,OCONEE,0.0,6/27/2024 15:00,6/27/2024 16:34,Price Code 1,TRUCK 1 MOBILE PANTRY,False,Food Bank of Northeast Georgia,01,30622.0,Bogart,USDA PREMIUM WHITE CHICKEN IN POUCHES,Proteins
768,182205,3712,L-110,Living Word Baptist Church,484809,,FP/USDA,MOBILE PANTRY-Agency,USDA,N-50-10266,13,0,0,0.0,351,OCONEE,0.0,6/18/2024 14:00,6/18/2024 13:35,Price Code 1,TRUCK 1 MOBILE PANTRY,False,Food Bank of Northeast Georgia,01,30622.0,Bogart,USDA CANNED PINTO BEANS,Proteins
768,178864,9013,L-110,Living Word Baptist Church,481478,,FP/USDA,MOBILE PANTRY-Agency,USDA,N-50-10313,8,0,0,0.0,192,OCONEE,0.0,4/16/2024 14:00,4/17/2024 11:06,Price Code 1,TRUCK 1 MOBILE PANTRY,False,Food Bank of Northeast Georgia,01,30622.0,Bogart,USDA LIGHT RED KIDNEY BEANS 24/1LB,Proteins
768,175500,8512,L-110,Living Word Baptist Church,478129,,FP/USDA,MOBILE PANTRY-Agency,USDA,C-50-10049,55,0,0,0.0,2145,OCONEE,0.0,2/20/2024 14:00,2/23/2024 7:08,Price Code 1,TRUCK 1 MOBILE PANTRY,False,Food Bank of Northeast Georgia,01,30622.0,Bogart,USDA GRAPEFRUIT CCC,Fruits
768,182205,1791,L-110,Living Word Baptist Church,484809,,FP/USDA,MOBILE PANTRY-Agency,USDA,N-50-10079,13,0,0,0.0,338,OCONEE,0.0,6/18/2024 14:00,6/18/2024 13:35,Price Code 1,TRUCK 1 MOBILE PANTRY,False,Food Bank of Northeast Georgia,01,30622.0,Bogart,USDA WALNUT HALVES AND PIECES,Proteins
643,173391,4715,G-131,"Grace Fellowship Church, INC",477020,,FP/USDA,MOBILE PANTRY-Agency,USDA,F-50-90461,18,0,0,0.0,720,OCONEE,0.0,1/25/2024 15:00,1/25/2024 14:29,Price Code 1,TRUCK 1 MOBILE PANTRY,False,Food Bank of Northeast Georgia,01,30622.0,Bogart,USDA ALASKAN POLLACK FISH FILLETS,Proteins
768,178864,1791,L-110,Living Word Baptist Church,481478,,FP/USDA,MOBILE PANTRY-Agency,USDA,N-50-10079,8,0,0,0.0,208,OCONEE,0.0,4/16/2024 14:00,4/17/2024 11:06,Price Code 1,TRUCK 1 MOBILE PANTRY,False,Food Bank of Northeast Georgia,01,30622.0,Bogart,USDA WALNUT HALVES AND PIECES,Proteins
768,172923,4327,L-110,Living Word Baptist Church,476554,,FP/USDA,MOBILE PANTRY-Agency,USDA,N-50-10277,13,0,0,0.0,351,OCONEE,0.0,1/16/2024 15:00,1/16/2024 13:18,Price Code 1,TRUCK 1 MOBILE PANTRY,False,Food Bank of Northeast Georgia,01,30622.0,Bogart,USDA GARBANZO BEANS,Proteins
643,175855,1791,G-131,"Grace Fellowship Church, INC",478483,,FP/USDA,MOBILE PANTRY-Agency,USDA,N-50-10079,13,0,0,0.0,338,OCONEE,0.0,2/22/2024 15:00,2/23/2024 7:08,Price Code 1,TRUCK 1 MOBILE PANTRY,False,Food Bank of Northeast Georgia,01,30622.0,Bogart,USDA WALNUT HALVES AND PIECES,Proteins
1019,172554,8899,F2KOconee County,F2K Oconee County,476185,,FOOD PANTRY,AT-RISK YOUTH-Agency,BLUE RECEIPT-SHL,N-03-11790,6,0,0,0.0,78,OCONEE,0.0,1/9/2024 16:00,1/11/2024 8:47,Price Code 1,TRUCK 2 MOBILE PANTRY,False,Food Bank of Northeast Georgia,01,,,STARBUCKS DOUBLE SHOT ENERGY,Beverages
768,175500,8783,L-110,Living Word Baptist Church,478129,,FP/USDA,MOBILE PANTRY-Agency,USDA,N-50-10308,8,0,0,0.0,184,OCONEE,0.0,2/20/2024 14:00,2/23/2024 7:08,Price Code 1,TRUCK 1 MOBILE PANTRY,False,Food Bank of Northeast Georgia,01,30622.0,Bogart,USDA RAISINS,Fruits
768,177449,8497,L-110,Living Word Baptist Church,480069,,FP/USDA,MOBILE PANTRY-Agency,USDA,C-50-10048,60,0,0,0.0,1920,OCONEE,0.0,3/19/2024 14:00,3/19/2024 14:29,Price Code 1,TRUCK 1 MOBILE PANTRY,False,Food Bank of Northeast Georgia,01,30622.0,Bogart,USDA MANDARIN ORANGES,Fruits
1019,173541,8922,F2KOconee County,F2K Oconee County,477170,,FOOD PANTRY,AT-RISK YOUTH-Agency,LOCAL - LL,N-25-11954,6,0,0,0.0,30,OCONEE,0.0,2/6/2024 15:30,2/22/2024 11:14,Price Code 1,TRUCK 1 MOBILE PANTRY,False,Food Bank of Northeast Georgia,01,,,ATKINS VAR PACK CHOC PEANUT/CARAMEL,Food Misc.
643,179440,1791,G-131,"Grace Fellowship Church, INC",482053,,FP/USDA,MOBILE PANTRY-Agency,USDA,N-50-10079,13,0,0,0.0,338,OCONEE,0.0,4/25/2024 15:00,4/25/2024 13:44,Price Code 1,TRUCK 1 MOBILE PANTRY,False,Food Bank of Northeast Georgia,01,30622.0,Bogart,USDA WALNUT HALVES AND PIECES,Proteins
1019,172554,346,F2KOconee County,F2K Oconee County,476185,,FOOD PANTRY,AT-RISK YOUTH-Agency,YELLOW RECEIPT - SHN,N-25-10350,4,0,0,0.0,52,OCONEE,0.0,1/9/2024 16:00,1/11/2024 8:47,Price Code 1,TRUCK 2 MOBILE PANTRY,False,Food Bank of Northeast Georgia,01,,,"SALTINE CRACKERS, ZESTA ORIGINAL",Grains
1019,176416,7073,F2KOconee County,F2K Oconee County,479040,,FOOD PANTRY,AT-RISK YOUTH-Agency,BLUE RECEIPT-SHL,C-28-90494,36,0,0,0.0,36,OCONEE,0.0,3/5/2024 15:30,3/20/2024 11:43,Price Code 1,TRACTOR TRAILER 1 MOBILE PANTRY,False,Food Bank of Northeast Georgia,01,,,"CAULIFLOWER, SHL",Vegetables
1019,173488,5407,F2KOconee County,F2K Oconee County,477117,,FOOD PANTRY,AT-RISK YOUTH-Agency,BLUE RECEIPT-SHL,F-15-10000,693,0,0,0.0,693,OCONEE,0.0,1/23/2024 14:15,2/20/2024 13:41,Price Code 1,TRACTOR TRAILER 2 MOBILE PANTRY,False,Food Bank of Northeast Georgia,01,,,"MEAT & SEAFOOD, FROZEN SHL",Proteins
1019,182615,5772,F2KOconee County,F2K Oconee County,485218,,FOOD PANTRY,AT-RISK YOUTH-Agency,LOCAL - LL,C-28-10000,1254,0,0,0.0,1254,OCONEE,0.0,6/28/2024 8:29,7/22/2024 14:34,Price Code 1,CUSTOMER PICKUP,False,Food Bank of Northeast Georgia,01,,,"PRODUCE, FRESH LL",Mixed Produce
1019,173541,8874,F2KOconee County,F2K Oconee County,477170,,FOOD PANTRY,AT-RISK YOUTH-Agency,YELLOW RECEIPT - SHN,F-10-10002,4,0,0,0.0,12,OCONEE,0.0,2/6/2024 15:30,2/22/2024 11:14,Price Code 1,TRUCK 1 MOBILE PANTRY,False,Food Bank of Northeast Georgia,01,,,OUTSHINE TROPICAL SMOOTHIE CUBES,Beverages
643,179440,1047,G-131,"Grace Fellowship Church, INC",482053,,FP/USDA,MOBILE PANTRY-Agency,USDA,N-50-10041,25,0,0,0.0,1225,OCONEE,0.0,4/25/2024 15:00,4/25/2024 13:44,Price Code 1,TRUCK 1 MOBILE PANTRY,False,Food Bank of Northeast Georgia,01,30622.0,Bogart,USDA RICE,Grains
643,175855,4327,G-131,"Grace Fellowship Church, INC",478483,,FP/USDA,MOBILE PANTRY-Agency,USDA,N-50-10277,13,0,0,0.0,351,OCONEE,0.0,2/22/2024 15:00,2/23/2024 7:08,Price Code 1,TRUCK 1 MOBILE PANTRY,False,Food Bank of Northeast Georgia,01,30622.0,Bogart,USDA GARBANZO BEANS,Proteins
768,177449,800,L-110,Living Word Baptist Church,480069,,FP/USDA,MOBILE PANTRY-Agency,USDA,N-50-10065,13,0,0,0.0,351,OCONEE,0.0,3/19/2024 14:00,3/19/2024 14:29,Price Code 1,TRUCK 1 MOBILE PANTRY,False,Food Bank of Northeast Georgia,01,30622.0,Bogart,USDA APPLESAUCE,Fruits
643,179440,2202,G-131,"Grace Fellowship Church, INC",482053,,FP/USDA,MOBILE PANTRY-Agency,USDA,N-50-10240,15,0,0,0.0,330,OCONEE,0.0,4/25/2024 15:00,4/25/2024 13:44,Price Code 1,TRUCK 1 MOBILE PANTRY,False,Food Bank of Northeast Georgia,01,30622.0,Bogart,USDA SPAGHETTI,Grains
643,175855,8783,G-131,"Grace Fellowship Church, INC",478483,,FP/USDA,MOBILE PANTRY-Agency,USDA,N-50-10308,13,0,0,0.0,299,OCONEE,0.0,2/22/2024 15:00,2/23/2024 7:08,Price Code 1,TRUCK 1 MOBILE PANTRY,False,Food Bank of Northeast Georgia,01,30622.0,Bogart,USDA RAISINS,Fruits
768,177449,8714,L-110,Living Word Baptist Church,480069,,FP/USDA,MOBILE PANTRY-Agency,USDA,N-50-10303,25,0,0,0.0,600,OCONEE,0.0,3/19/2024 14:00,3/19/2024 14:29,Price Code 1,TRUCK 1 MOBILE PANTRY,False,Food Bank of Northeast Georgia,01,30622.0,Bogart,USDA GREEN SPLIT PEAS,Proteins
50,172785,5772,C-111,Churches Homes Foundation,476416,,ON PREMISES (OP),YOUTH-Agency,LOCAL - LL,C-28-10000,64,0,0,1.92,64,OCONEE,0.03,1/9/2024 12:16,1/9/2024 9:15,Price Code 1,CUSTOMER PICKUP,False,Sharing Floor Athens,01-SH,30622.0,Bogart,"PRODUCE, FRESH LL",Mixed Produce
643,177729,8714,G-131,"Grace Fellowship Church, INC",480348,,FP/USDA,MOBILE PANTRY-Agency,USDA,N-50-10303,25,0,0,0.0,600,OCONEE,0.0,3/28/2024 15:00,3/28/2024 14:25,Price Code 1,TRUCK 1 MOBILE PANTRY,False,Food Bank of Northeast Georgia,01,30622.0,Bogart,USDA GREEN SPLIT PEAS,Proteins
643,182518,6780,G-131,"Grace Fellowship Church, INC",485121,,FP/USDA,MOBILE PANTRY-Agency,USDA,C-50-10024,9,0,0,0.0,387,OCONEE,0.0,6/27/2024 15:00,6/27/2024 16:34,Price Code 1,TRUCK 1 MOBILE PANTRY,False,Food Bank of Northeast Georgia,01,30622.0,Bogart,USDA APPLES,Fruits
768,172923,84,L-110,Living Word Baptist Church,476554,,FP/USDA,MOBILE PANTRY-Agency,USDA,N-50-10006,13,0,0,0.0,351,OCONEE,0.0,1/16/2024 15:00,1/16/2024 13:18,Price Code 1,TRUCK 1 MOBILE PANTRY,False,Food Bank of Northeast Georgia,01,30622.0,Bogart,USDA GREEN BEANS,Vegetables
768,178864,6979,L-110,Living Word Baptist Church,481478,,FP/USDA,MOBILE PANTRY-Agency,USDA,C-50-10017,48,0,0,0.0,1920,OCONEE,0.0,4/16/2024 14:00,4/17/2024 11:06,Price Code 1,TRUCK 1 MOBILE PANTRY,False,Food Bank of Northeast Georgia,01,30622.0,Bogart,"USDA 2% MILK, FRESH CCC",Dairy
643,181193,8512,G-131,"Grace Fellowship Church, INC",483798,,FP/USDA,MOBILE PANTRY-Agency,USDA,C-50-10049,54,0,0,0.0,2106,OCONEE,0.0,5/23/2024 14:24,5/28/2024 7:55,Price Code 1,TRUCK 1 MOBILE PANTRY,False,Food Bank of Northeast Georgia,01,30622.0,Bogart,USDA GRAPEFRUIT CCC,Fruits
768,177449,842,L-110,Living Word Baptist Church,480069,,FP/USDA,MOBILE PANTRY-Agency,USDA,N-50-10021,13,0,0,0.0,351,OCONEE,0.0,3/19/2024 14:00,3/19/2024 14:29,Price Code 1,TRUCK 1 MOBILE PANTRY,False,Food Bank of Northeast Georgia,01,30622.0,Bogart,USDA DICED TOMATOES NO SALT CCC,Vegetables
643,181193,2202,G-131,"Grace Fellowship Church, INC",483798,,FP/USDA,MOBILE PANTRY-Agency,USDA,N-50-10240,15,0,0,0.0,330,OCONEE,0.0,5/23/2024 14:24,5/28/2024 7:55,Price Code 1,TRUCK 1 MOBILE PANTRY,False,Food Bank of Northeast Georgia,01,30622.0,Bogart,USDA SPAGHETTI,Grains
1019,176416,8874,F2KOconee County,F2K Oconee County,479040,,FOOD PANTRY,AT-RISK YOUTH-Agency,YELLOW RECEIPT - SHN,F-10-10002,5,0,0,0.0,15,OCONEE,0.0,3/5/2024 15:30,3/20/2024 11:43,Price Code 1,TRACTOR TRAILER 1 MOBILE PANTRY,False,Food Bank of Northeast Georgia,01,,,OUTSHINE TROPICAL SMOOTHIE CUBES,Beverages
1019,172554,7094,F2KOconee County,F2K Oconee County,476185,,FOOD PANTRY,AT-RISK YOUTH-Agency,PURCH,N-21-10056,3,0,0,0.0,36,OCONEE,0.0,1/9/2024 16:00,1/11/2024 8:47,Price Code 1,TRUCK 2 MOBILE PANTRY,False,Food Bank of Northeast Georgia,01,,,MACARONI & CHEESE,Prepared Meals
163,173662,875,O-102,Oconee County Senior Center,477291,,ON PREMISES (OP),SENIOR-Agency,BLUE RECEIPT-SHL,W-04-10000,30,0,0,0.0,30,OCONEE,0.0,1/26/2024 13:38,1/26/2024 9:19,Price Code 1,CUSTOMER PICKUP,False,Sharing Floor Athens,01-SH,30622.0,Bogart,"BREAD & BAKERY, ASSORTED SHL",Grains
1019,178033,8854,F2KOconee County,F2K Oconee County,480652,,FOOD PANTRY,AT-RISK YOUTH-Agency,BLUE RECEIPT-SHL,N-03-11776,25,0,0,0.0,825,OCONEE,0.0,4/2/2024 15:00,4/11/2024 13:05,Price Code 1,CUSTOMER PICKUP,False,Food Bank of Northeast Georgia,01,,,DR PEPPER STRAWBERRIES & CREAM,Beverages
643,173391,84,G-131,"Grace Fellowship Church, INC",477020,,FP/USDA,MOBILE PANTRY-Agency,USDA,N-50-10006,13,0,0,0.0,351,OCONEE,0.0,1/25/2024 15:00,1/25/2024 14:29,Price Code 1,TRUCK 1 MOBILE PANTRY,False,Food Bank of Northeast Georgia,01,30622.0,Bogart,USDA GREEN BEANS,Vegetables
1019,176416,8966,F2KOconee County,F2K Oconee County,479040,,FOOD PANTRY,AT-RISK YOUTH-Agency,YELLOW RECEIPT - SHN,N-15-10049,2,0,0,0.0,12,OCONEE,0.0,3/5/2024 15:30,3/20/2024 11:43,Price Code 1,TRACTOR TRAILER 1 MOBILE PANTRY,False,Food Bank of Northeast Georgia,01,,,FIRE CRACKER REDHOT PICKLED SAUSAGE,Proteins
768,172923,8512,L-110,Living Word Baptist Church,476554,,FP/USDA,MOBILE PANTRY-Agency,USDA,C-50-10049,47,0,0,0.0,1833,OCONEE,0.0,1/16/2024 15:00,1/16/2024 13:18,Price Code 1,TRUCK 1 MOBILE PANTRY,False,Food Bank of Northeast Georgia,01,30622.0,Bogart,USDA GRAPEFRUIT CCC,Fruits
643,182518,5938,G-131,"Grace Fellowship Church, INC",485121,,FP/USDA,MOBILE PANTRY-Agency,BLUE RECEIPT-SHL,C-28-10001,700,0,0,0.0,700,OCONEE,0.0,6/27/2024 15:00,6/27/2024 16:34,Price Code 1,TRUCK 1 MOBILE PANTRY,False,Food Bank of Northeast Georgia,01,30622.0,Bogart,"PRODUCE, FRESH SHL",Mixed Produce
1019,178033,8995,F2KOconee County,F2K Oconee County,480652,,FOOD PANTRY,AT-RISK YOUTH-Agency,BLUE RECEIPT-SHL,N-21-10067,11,0,0,0.0,55,OCONEE,0.0,4/2/2024 15:00,4/11/2024 13:05,Price Code 1,CUSTOMER PICKUP,False,Food Bank of Northeast Georgia,01,,,"RAMEN, MARUCHAN SHRIMP",Prepared Meals
643,175855,6477,G-131,"Grace Fellowship Church, INC",478483,,FP/USDA,MOBILE PANTRY-Agency,LOCAL - LL,C-28-90151,1000,0,0,0.0,1000,OCONEE,0.0,2/22/2024 15:00,2/23/2024 7:08,Price Code 1,TRUCK 1 MOBILE PANTRY,False,Food Bank of Northeast Georgia,01,30622.0,Bogart,GNAP WATERMELONS,Fruits
768,180928,8997,L-110,Living Word Baptist Church,483534,,FP/USDA,MOBILE PANTRY-Agency,USDA,N-50-10312,20,0,0,0.0,240,OCONEE,0.0,5/21/2024 14:00,5/22/2024 7:07,Price Code 1,TRUCK 1 MOBILE PANTRY,False,Food Bank of Northeast Georgia,01,30622.0,Bogart,USDA CHILI W/ BEANS CCC,Prepared Meals
163,172699,688,O-102,Oconee County Senior Center,476330,,ON PREMISES (OP),SENIOR-Agency,BLUE RECEIPT-SHL,W-01-10000,17,0,0,3.06,17,OCONEE,0.18,1/8/2024 13:38,1/8/2024 9:19,Price Code 1,CUSTOMER PICKUP,False,Sharing Floor Athens,01-SH,30622.0,Bogart,"ASSORTED NON-FOOD ITEMS, SHL",Non-Food Misc.
643,173391,1047,G-131,"Grace Fellowship Church, INC",477020,,FP/USDA,MOBILE PANTRY-Agency,USDA,N-50-10041,13,0,0,0.0,637,OCONEE,0.0,1/25/2024 15:00,1/25/2024 14:29,Price Code 1,TRUCK 1 MOBILE PANTRY,False,Food Bank of Northeast Georgia,01,30622.0,Bogart,USDA RICE,Grains
768,177449,7284,L-110,Living Word Baptist Church,480069,,FP/USDA,MOBILE PANTRY-Agency,USDA,C-50-10043,85,0,0,0.0,2210,OCONEE,0.0,3/19/2024 14:00,3/19/2024 14:29,Price Code 1,TRUCK 1 MOBILE PANTRY,False,Food Bank of Northeast Georgia,01,30622.0,Bogart,USDA RED FAT AMERICAN CHEESE CCC,Dairy
768,180928,7414,L-110,Living Word Baptist Church,483534,,FP/USDA,MOBILE PANTRY-Agency,PURCH,C-28-90525,56,0,0,0.0,1232,OCONEE,0.0,5/21/2024 14:00,5/22/2024 7:07,Price Code 1,TRUCK 1 MOBILE PANTRY,False,Food Bank of Northeast Georgia,01,30622.0,Bogart,BROCCOLI CROWNS,Vegetables
1019,173541,8940,F2KOconee County,F2K Oconee County,477170,,FOOD PANTRY,AT-RISK YOUTH-Agency,BLUE RECEIPT-SHL,C-28-90531,2,0,0,0.0,104,OCONEE,0.0,2/6/2024 15:30,2/22/2024 11:14,Price Code 1,TRUCK 1 MOBILE PANTRY,False,Food Bank of Northeast Georgia,01,,,"CABBAGE, SHL 50#",Vegetables
768,178864,8991,L-110,Living Word Baptist Church,481478,,FP/USDA,MOBILE PANTRY-Agency,USDA,N-50-10311,8,0,0,0.0,192,OCONEE,0.0,4/16/2024 14:00,4/17/2024 11:06,Price Code 1,TRUCK 1 MOBILE PANTRY,False,Food Bank of Northeast Georgia,01,30622.0,Bogart,USDA HAZELNUTS CCC,Proteins
1019,173541,8856,F2KOconee County,F2K Oconee County,477170,,FOOD PANTRY,AT-RISK YOUTH-Agency,LOCAL - LL,N-25-11936,5,0,0,0.0,20,OCONEE,0.0,2/6/2024 15:30,2/22/2024 11:14,Price Code 1,TRUCK 1 MOBILE PANTRY,False,Food Bank of Northeast Georgia,01,,,"CHUM FRUIT BITES, STRAWBERRY/MANGO",Fruits
1019,173541,8944,F2KOconee County,F2K Oconee County,477170,,FOOD PANTRY,AT-RISK YOUTH-Agency,YELLOW RECEIPT - SHN,C-28-90535,1,0,0,0.0,52,OCONEE,0.0,2/6/2024 15:30,2/22/2024 11:14,Price Code 1,TRUCK 1 MOBILE PANTRY,False,Food Bank of Northeast Georgia,01,,,"TURNIP, SHL",Vegetables
643,177729,8497,G-131,"Grace Fellowship Church, INC",480348,,FP/USDA,MOBILE PANTRY-Agency,USDA,C-50-10048,38,0,0,0.0,1216,OCONEE,0.0,3/28/2024 15:00,3/28/2024 14:25,Price Code 1,TRUCK 1 MOBILE PANTRY,False,Food Bank of Northeast Georgia,01,30622.0,Bogart,USDA MANDARIN ORANGES,Fruits
1019,173541,8939,F2KOconee County,F2K Oconee County,477170,,FOOD PANTRY,AT-RISK YOUTH-Agency,BLUE RECEIPT-SHL,C-28-90530,4,0,0,0.0,168,OCONEE,0.0,2/6/2024 15:30,2/22/2024 11:14,Price Code 1,TRUCK 1 MOBILE PANTRY,False,Food Bank of Northeast Georgia,01,,,"APPLES, SHL",Fruits
643,179440,8783,G-131,"Grace Fellowship Church, INC",482053,,FP/USDA,MOBILE PANTRY-Agency,USDA,N-50-10308,25,0,0,0.0,575,OCONEE,0.0,4/25/2024 15:00,4/25/2024 13:44,Price Code 1,TRUCK 1 MOBILE PANTRY,False,Food Bank of Northeast Georgia,01,30622.0,Bogart,USDA RAISINS,Fruits
768,175500,8672,L-110,Living Word Baptist Church,478129,,FP/USDA,MOBILE PANTRY-Agency,USDA,N-50-10301,16,0,0,0.0,384,OCONEE,0.0,2/20/2024 14:00,2/23/2024 7:08,Price Code 1,TRUCK 1 MOBILE PANTRY,False,Food Bank of Northeast Georgia,01,30622.0,Bogart,USDA YELLOW SPLIT PEAS,Proteins
643,181193,4422,G-131,"Grace Fellowship Church, INC",483798,,FP/USDA,MOBILE PANTRY-Agency,USDA,F-50-90452,55,0,0,0.0,1760,OCONEE,0.0,5/23/2024 14:24,5/28/2024 7:55,Price Code 1,TRUCK 1 MOBILE PANTRY,False,Food Bank of Northeast Georgia,01,30622.0,Bogart,USDA PORK LOIN BONELESS ROAST,Proteins
1019,173541,2098,F2KOconee County,F2K Oconee County,477170,,FOOD PANTRY,AT-RISK YOUTH-Agency,BLUE RECEIPT-SHL,N-03-10677,4,0,0,0.0,88,OCONEE,0.0,2/6/2024 15:30,2/22/2024 11:14,Price Code 1,TRUCK 1 MOBILE PANTRY,False,Food Bank of Northeast Georgia,01,,,GATORADE ORANGE,Beverages
