Agency Id,Order Id,Product Id,Agency Ref,Agency Name,Order Ref,Agency Activity,Agency Group,Agency Type,Product Category,Product Ref,Quantity,Total Purchased,Total Cost,Total Service Fee,Weight,County,Service Fee,Pickup Delivery Date,Confirmed Date,Service Fee Name,Shipping Method,Is Non Food,Warehouse Name,Warehouse Ref,Agency Postal Code,Agency City,Product Name,Food Category
411,173514,1045,M-103,Mt. Zion Ministries - The Refuge,477143,,FP/USDA,FAITH-BASED-Agency,BLUE RECEIPT-SHL,W-25-10009,23,0,0,4.14,23,TOWNS,0.18,1/24/2024 14:31,1/24/2024 8:30,Price Code 1,CUSTOMER PICKUP,False,Sharing Floor Rabun,02-SH,30546.0,Hiawassee,"ASSORTED SNACK ITEMS, SHL",Dry Food Misc.
526,173706,8914,T-118,Towns County Food Pantry,477335,,FP/GNAP/USDA,FOOD PANTRY-Agency,USDA,N-50-10310,20,0,0,97.2,540,TOWNS,0.18,1/30/2024 15:21,1/30/2024 13:27,Price Code 1,CUSTOMER PICKUP,False,Rabun Warehouse,02,30582.0,Young Harris,USDA DICED POTATOES,Dry Potatoes
526,181091,3203,T-118,Towns County Food Pantry,483696,,FP/GNAP/USDA,FOOD PANTRY-Agency,USDA,N-50-10289,10,0,0,45.0,250,TOWNS,0.18,5/23/2024 8:00,5/23/2024 7:17,Price Code 1,CUSTOMER PICKUP,False,Rabun Warehouse,02,30582.0,Young Harris,USDA PECAN PIECES,Dry Proteins
411,175603,690,M-103,Mt. Zion Ministries - The Refuge,478231,,FP/USDA,FAITH-BASED-Agency,BLUE RECEIPT-SHL,W-03-10013,133,0,0,3.99,133,TOWNS,0.03,2/14/2024 14:31,2/14/2024 8:27,Price Code 1,CUSTOMER PICKUP,False,Sharing Floor Rabun,02-SH,30546.0,Hiawassee,"ASSORTED BEVERAGES, SHL",Dry Beverages
411,181175,5388,M-103,Mt. Zion Ministries - The Refuge,483780,,FP/USDA,FAITH-BASED-Agency,BLUE RECEIPT-SHL,F-16-10001,122,0,0,21.96,122,TOWNS,0.18,5/22/2024 14:31,5/22/2024 8:24,Price Code 1,CUSTOMER PICKUP,False,Sharing Floor Rabun,02-SH,30546.0,Hiawassee,"ASSORTED FROZEN FOODS, SHL",Frozen Food Misc.
411,177178,690,M-103,Mt. Zion Ministries - The Refuge,479799,,FP/USDA,FAITH-BASED-Agency,BLUE RECEIPT-SHL,W-03-10013,65,0,0,1.95,65,TOWNS,0.03,3/13/2024 14:31,3/13/2024 8:33,Price Code 1,CUSTOMER PICKUP,False,Sharing Floor Rabun,02-SH,30546.0,Hiawassee,"ASSORTED BEVERAGES, SHL",Dry Beverages
526,178642,9013,T-118,Towns County Food Pantry,481258,,FP/GNAP/USDA,FOOD PANTRY-Agency,USDA,N-50-10313,15,0,0,64.8,360,TOWNS,0.18,4/15/2024 15:21,4/15/2024 15:11,Price Code 1,CUSTOMER PICKUP,False,Rabun Warehouse,02,30582.0,Young Harris,USDA LIGHT RED KIDNEY BEANS 24/1LB,Dry Proteins
526,181091,8714,T-118,Towns County Food Pantry,483696,,FP/GNAP/USDA,FOOD PANTRY-Agency,USDA,N-50-10303,10,0,0,0.0,240,TOWNS,0.0,5/23/2024 8:00,5/23/2024 7:17,Price Code 1,CUSTOMER PICKUP,False,Rabun Warehouse,02,30582.0,Young Harris,USDA GREEN SPLIT PEAS,Dry Proteins
526,177621,170,T-118,Towns County Food Pantry,480241,,FP/GNAP/USDA,FOOD PANTRY-Agency,USDA,N-50-10007,20,0,0,100.8,560,TOWNS,0.18,3/26/2024 15:21,3/26/2024 7:25,Price Code 1,CUSTOMER PICKUP,False,Rabun Warehouse,02,30582.0,Young Harris,"USDA CORN, WHOLE KERNEL NO SALT",Dry Vegetables
526,173364,8714,T-118,Towns County Food Pantry,476993,,FP/GNAP/USDA,FOOD PANTRY-Agency,USDA,N-50-10303,10,0,0,43.2,240,TOWNS,0.18,1/24/2024 15:21,1/24/2024 7:09,Price Code 1,CUSTOMER PICKUP,False,Rabun Warehouse,02,30582.0,Young Harris,USDA GREEN SPLIT PEAS,Dry Proteins
411,176736,688,M-103,Mt. Zion Ministries - The Refuge,479359,,FP/USDA,FAITH-BASED-Agency,BLUE RECEIPT-SHL,W-01-10000,9,0,0,1.62,9,TOWNS,0.18,3/6/2024 14:31,3/6/2024 8:24,Price Code 1,CUSTOMER PICKUP,False,Sharing Floor Rabun,02-SH,30546.0,Hiawassee,"ASSORTED NON-FOOD ITEMS, SHL",Dry Non-Food Misc.
526,177119,4327,T-118,Towns County Food Pantry,479740,,FP/GNAP/USDA,FOOD PANTRY-Agency,USDA,N-50-10277,10,0,0,48.6,270,TOWNS,0.18,3/13/2024 15:21,3/13/2024 7:25,Price Code 1,CUSTOMER PICKUP,False,Rabun Warehouse,02,30582.0,Young Harris,USDA GARBANZO BEANS,Dry Proteins
526,181423,8997,T-118,Towns County Food Pantry,484027,,FP/GNAP/USDA,FOOD PANTRY-Agency,USDA,N-50-10312,12,0,0,25.92,144,TOWNS,0.18,5/31/2024 8:00,5/31/2024 7:04,Price Code 1,CUSTOMER PICKUP,False,Rabun Warehouse,02,30582.0,Young Harris,USDA CHILI W/ BEANS CCC,Dry Prepared Meals
411,176736,5388,M-103,Mt. Zion Ministries - The Refuge,479359,,FP/USDA,FAITH-BASED-Agency,BLUE RECEIPT-SHL,F-16-10001,75,0,0,13.5,75,TOWNS,0.18,3/6/2024 14:31,3/6/2024 8:24,Price Code 1,CUSTOMER PICKUP,False,Sharing Floor Rabun,02-SH,30546.0,Hiawassee,"ASSORTED FROZEN FOODS, SHL",Frozen Food Misc.
526,177975,8682,T-118,Towns County Food Pantry,480594,,FP/GNAP/USDA,FOOD PANTRY-Agency,BLUE RECEIPT-SHL,N-03-11727,13,0,0,0.0,364,TOWNS,0.0,4/3/2024 15:21,4/3/2024 9:41,Price Code 1,CUSTOMER PICKUP,False,Rabun Warehouse,02,30582.0,Young Harris,LIPTON DIET GREEN TEA CITRUS,Dry Beverages
526,173364,8783,T-118,Towns County Food Pantry,476993,,FP/GNAP/USDA,FOOD PANTRY-Agency,USDA,N-50-10308,10,0,0,41.4,230,TOWNS,0.18,1/24/2024 15:21,1/24/2024 7:09,Price Code 1,CUSTOMER PICKUP,False,Rabun Warehouse,02,30582.0,Young Harris,USDA RAISINS,Dry Fruits
526,173706,842,T-118,Towns County Food Pantry,477335,,FP/GNAP/USDA,FOOD PANTRY-Agency,USDA,N-50-10021,10,0,0,48.6,270,TOWNS,0.18,1/30/2024 15:21,1/30/2024 13:27,Price Code 1,CUSTOMER PICKUP,False,Rabun Warehouse,02,30582.0,Young Harris,USDA DICED TOMATOES NO SALT CCC,Dry Vegetables
526,181091,7083,T-118,Towns County Food Pantry,483696,,FP/GNAP/USDA,FOOD PANTRY-Agency,USDA,C-50-10029,8,0,0,17.28,96,TOWNS,0.18,5/23/2024 8:00,5/23/2024 7:17,Price Code 1,CUSTOMER PICKUP,False,Rabun Warehouse,02,30582.0,Young Harris,"USDA MILD CHEDDAR CHEESE, BLOCK CCC",Cooled Dairy
526,180530,4411,T-118,Towns County Food Pantry,483136,,FP/GNAP/USDA,FOOD PANTRY-Agency,USDA,F-50-90465,15,0,0,56.7,315,TOWNS,0.18,5/14/2024 9:15,5/14/2024 7:27,Price Code 1,CUSTOMER PICKUP,False,Rabun Warehouse,02,30582.0,Young Harris,USDA WILD CAUGHT GULF SHRIMP,Frozen Proteins
526,173364,4788,T-118,Towns County Food Pantry,476993,,FP/GNAP/USDA,FOOD PANTRY-Agency,USDA,F-50-90039,12,0,0,86.4,480,TOWNS,0.18,1/24/2024 15:21,1/24/2024 7:09,Price Code 1,CUSTOMER PICKUP,False,Rabun Warehouse,02,30582.0,Young Harris,USDA CATFISH FILLETS CCC,Frozen Proteins
526,175810,3943,T-118,Towns County Food Pantry,478438,,FP/GNAP/USDA,FOOD PANTRY-Agency,USDA,N-50-10268,15,0,0,17.1,570,TOWNS,0.03,2/22/2024 15:21,2/23/2024 7:40,Price Code 1,CUSTOMER PICKUP,False,Rabun Warehouse,02,30582.0,Young Harris,USDA APPLE JUICE,Dry Beverages
411,173514,690,M-103,Mt. Zion Ministries - The Refuge,477143,,FP/USDA,FAITH-BASED-Agency,BLUE RECEIPT-SHL,W-03-10013,171,0,0,5.13,171,TOWNS,0.03,1/24/2024 14:31,1/24/2024 8:30,Price Code 1,CUSTOMER PICKUP,False,Sharing Floor Rabun,02-SH,30546.0,Hiawassee,"ASSORTED BEVERAGES, SHL",Dry Beverages
526,179705,2202,T-118,Towns County Food Pantry,482318,,FP/GNAP/USDA,FOOD PANTRY-Agency,USDA,N-50-10240,10,0,0,39.6,220,TOWNS,0.18,5/1/2024 15:21,5/1/2024 7:02,Price Code 1,CUSTOMER PICKUP,False,Rabun Warehouse,02,30582.0,Young Harris,USDA SPAGHETTI,Dry Grains
411,176736,690,M-103,Mt. Zion Ministries - The Refuge,479359,,FP/USDA,FAITH-BASED-Agency,BLUE RECEIPT-SHL,W-03-10013,129,0,0,3.87,129,TOWNS,0.03,3/6/2024 14:31,3/6/2024 8:24,Price Code 1,CUSTOMER PICKUP,False,Sharing Floor Rabun,02-SH,30546.0,Hiawassee,"ASSORTED BEVERAGES, SHL",Dry Beverages
411,180838,5938,M-103,Mt. Zion Ministries - The Refuge,483444,,FP/USDA,FAITH-BASED-Agency,BLUE RECEIPT-SHL,C-28-10001,227,0,0,6.81,227,TOWNS,0.03,5/15/2024 14:31,5/15/2024 8:28,Price Code 1,CUSTOMER PICKUP,False,Sharing Floor Rabun,02-SH,30546.0,Hiawassee,"PRODUCE, FRESH SHL",Cooled Mixed Produce
526,177119,3943,T-118,Towns County Food Pantry,479740,,FP/GNAP/USDA,FOOD PANTRY-Agency,USDA,N-50-10268,12,0,0,13.68,456,TOWNS,0.03,3/13/2024 15:21,3/13/2024 7:25,Price Code 1,CUSTOMER PICKUP,False,Rabun Warehouse,02,30582.0,Young Harris,USDA APPLE JUICE,Dry Beverages
526,177621,4715,T-118,Towns County Food Pantry,480241,,FP/GNAP/USDA,FOOD PANTRY-Agency,USDA,F-50-90461,5,0,0,20.0,200,TOWNS,0.1,3/26/2024 15:21,3/26/2024 7:25,Price Code 1,CUSTOMER PICKUP,False,Rabun Warehouse,02,30582.0,Young Harris,USDA ALASKAN POLLACK FISH FILLETS,Frozen Proteins
526,173039,3868,T-118,Towns County Food Pantry,476669,,FP/GNAP/USDA,FOOD PANTRY-Agency,USDA,N-50-10267,10,0,0,72.0,400,TOWNS,0.18,1/18/2024 15:21,1/18/2024 7:15,Price Code 1,CUSTOMER PICKUP,False,Rabun Warehouse,02,30582.0,Young Harris,USDA ALL PURPOSE FLOUR,Dry Grains
411,176736,683,M-103,Mt. Zion Ministries - The Refuge,479359,,FP/USDA,FAITH-BASED-Agency,BLUE RECEIPT-SHL,W-16-10001,398,0,0,71.64,398,TOWNS,0.18,3/6/2024 14:31,3/6/2024 8:24,Price Code 1,CUSTOMER PICKUP,False,Sharing Floor Rabun,02-SH,30546.0,Hiawassee,MISC. FOOD BOX SHL,Dry Food Misc.
526,173364,8720,T-118,Towns County Food Pantry,476993,,FP/GNAP/USDA,FOOD PANTRY-Agency,USDA,N-50-10305,15,0,0,37.8,210,TOWNS,0.18,1/24/2024 15:21,1/24/2024 7:09,Price Code 1,CUSTOMER PICKUP,False,Rabun Warehouse,02,30582.0,Young Harris,USDA MIXED VegetablesCCC,Dry Vegetables
411,179082,6831,M-103,Mt. Zion Ministries - The Refuge,481696,,FP/USDA,FAITH-BASED-Agency,USDA,C-50-10025,49,0,0,0.0,2058,TOWNS,0.0,4/17/2024 14:31,4/18/2024 8:52,Price Code 1,CUSTOMER PICKUP,False,Rabun Warehouse,02,30546.0,Hiawassee,USDA APPLES,Cooled Fruits
526,180530,8783,T-118,Towns County Food Pantry,483136,,FP/GNAP/USDA,FOOD PANTRY-Agency,USDA,N-50-10308,10,0,0,41.4,230,TOWNS,0.18,5/14/2024 9:15,5/14/2024 7:27,Price Code 1,CUSTOMER PICKUP,False,Rabun Warehouse,02,30582.0,Young Harris,USDA RAISINS,Dry Fruits
411,179082,170,M-103,Mt. Zion Ministries - The Refuge,481696,,FP/USDA,FAITH-BASED-Agency,USDA,N-50-10007,13,0,0,0.0,364,TOWNS,0.0,4/17/2024 14:31,4/18/2024 8:52,Price Code 1,CUSTOMER PICKUP,False,Rabun Warehouse,02,30546.0,Hiawassee,"USDA CORN, WHOLE KERNEL NO SALT",Dry Vegetables
526,179705,1674,T-118,Towns County Food Pantry,482318,,FP/GNAP/USDA,FOOD PANTRY-Agency,USDA,N-50-10073,15,0,0,72.9,405,TOWNS,0.18,5/1/2024 15:21,5/1/2024 7:02,Price Code 1,CUSTOMER PICKUP,False,Rabun Warehouse,02,30582.0,Young Harris,USDA TOMATO SAUCE,Dry Vegetables
411,181175,690,M-103,Mt. Zion Ministries - The Refuge,483780,,FP/USDA,FAITH-BASED-Agency,BLUE RECEIPT-SHL,W-03-10013,372,0,0,11.16,372,TOWNS,0.03,5/22/2024 14:31,5/22/2024 8:24,Price Code 1,CUSTOMER PICKUP,False,Sharing Floor Rabun,02-SH,30546.0,Hiawassee,"ASSORTED BEVERAGES, SHL",Dry Beverages
411,175260,5388,M-103,Mt. Zion Ministries - The Refuge,477889,,FP/USDA,FAITH-BASED-Agency,BLUE RECEIPT-SHL,F-16-10001,100,0,0,18.0,100,TOWNS,0.18,2/7/2024 14:31,2/7/2024 8:26,Price Code 1,CUSTOMER PICKUP,False,Sharing Floor Rabun,02-SH,30546.0,Hiawassee,"ASSORTED FROZEN FOODS, SHL",Frozen Food Misc.
526,179153,8995,T-118,Towns County Food Pantry,481766,,FP/GNAP/USDA,FOOD PANTRY-Agency,BLUE RECEIPT-SHL,N-21-10067,10,0,0,9.0,50,TOWNS,0.18,4/23/2024 15:21,4/23/2024 7:10,Price Code 1,CUSTOMER PICKUP,False,Rabun Warehouse,02,30582.0,Young Harris,"RAMEN, MARUCHAN SHRIMP",Dry Prepared Meals
526,177621,6831,T-118,Towns County Food Pantry,480241,,FP/GNAP/USDA,FOOD PANTRY-Agency,USDA,C-50-10025,7,0,0,29.4,294,TOWNS,0.1,3/26/2024 15:21,3/26/2024 7:25,Price Code 1,CUSTOMER PICKUP,False,Rabun Warehouse,02,30582.0,Young Harris,USDA APPLES,Cooled Fruits
411,175603,5388,M-103,Mt. Zion Ministries - The Refuge,478231,,FP/USDA,FAITH-BASED-Agency,BLUE RECEIPT-SHL,F-16-10001,103,0,0,18.54,103,TOWNS,0.18,2/14/2024 14:31,2/14/2024 8:27,Price Code 1,CUSTOMER PICKUP,False,Sharing Floor Rabun,02-SH,30546.0,Hiawassee,"ASSORTED FROZEN FOODS, SHL",Frozen Food Misc.
411,181911,5938,M-103,Mt. Zion Ministries - The Refuge,484515,,FP/USDA,FAITH-BASED-Agency,BLUE RECEIPT-SHL,C-28-10001,248,0,0,7.44,248,TOWNS,0.03,6/5/2024 14:31,6/5/2024 8:33,Price Code 1,CUSTOMER PICKUP,False,Sharing Floor Rabun,02-SH,30546.0,Hiawassee,"PRODUCE, FRESH SHL",Cooled Mixed Produce
526,178642,8720,T-118,Towns County Food Pantry,481258,,FP/GNAP/USDA,FOOD PANTRY-Agency,USDA,N-50-10305,15,0,0,37.8,210,TOWNS,0.18,4/15/2024 15:21,4/15/2024 15:11,Price Code 1,CUSTOMER PICKUP,False,Rabun Warehouse,02,30582.0,Young Harris,USDA MIXED VegetablesCCC,Dry Vegetables
526,181423,3712,T-118,Towns County Food Pantry,484027,,FP/GNAP/USDA,FOOD PANTRY-Agency,USDA,N-50-10266,10,0,0,48.6,270,TOWNS,0.18,5/31/2024 8:00,5/31/2024 7:04,Price Code 1,CUSTOMER PICKUP,False,Rabun Warehouse,02,30582.0,Young Harris,USDA CANNED PINTO BEANS,Dry Proteins
526,181423,6676,T-118,Towns County Food Pantry,484027,,FP/GNAP/USDA,FOOD PANTRY-Agency,USDA,C-50-10009,3,0,0,24.3,135,TOWNS,0.18,5/31/2024 8:00,5/31/2024 7:04,Price Code 1,CUSTOMER PICKUP,False,Rabun Warehouse,02,30582.0,Young Harris,"USDA APPLES, FRESH",Cooled Fruits
526,181793,1674,T-118,Towns County Food Pantry,484397,,FP/GNAP/USDA,FOOD PANTRY-Agency,USDA,N-50-10073,12,0,0,58.32,324,TOWNS,0.18,6/6/2024 8:00,6/6/2024 7:00,Price Code 1,CUSTOMER PICKUP,False,Rabun Warehouse,02,30582.0,Young Harris,USDA TOMATO SAUCE,Dry Vegetables
411,181489,5388,M-103,Mt. Zion Ministries - The Refuge,484093,,FP/USDA,FAITH-BASED-Agency,BLUE RECEIPT-SHL,F-16-10001,101,0,0,18.18,101,TOWNS,0.18,5/29/2024 14:31,5/29/2024 8:26,Price Code 1,CUSTOMER PICKUP,False,Sharing Floor Rabun,02-SH,30546.0,Hiawassee,"ASSORTED FROZEN FOODS, SHL",Frozen Food Misc.
526,177119,6831,T-118,Towns County Food Pantry,479740,,FP/GNAP/USDA,FOOD PANTRY-Agency,USDA,C-50-10025,5,0,0,21.0,210,TOWNS,0.1,3/13/2024 15:21,3/13/2024 7:25,Price Code 1,CUSTOMER PICKUP,False,Rabun Warehouse,02,30582.0,Young Harris,USDA APPLES,Cooled Fruits
411,173514,5407,M-103,Mt. Zion Ministries - The Refuge,477143,,FP/USDA,FAITH-BASED-Agency,BLUE RECEIPT-SHL,F-15-10000,54,0,0,9.72,54,TOWNS,0.18,1/24/2024 14:31,1/24/2024 8:30,Price Code 1,CUSTOMER PICKUP,False,Sharing Floor Rabun,02-SH,30546.0,Hiawassee,"MEAT & SEAFOOD, FROZEN SHL",Frozen Proteins
411,179081,690,M-103,Mt. Zion Ministries - The Refuge,481695,,FP/USDA,FAITH-BASED-Agency,BLUE RECEIPT-SHL,W-03-10013,229,0,0,6.87,229,TOWNS,0.03,4/17/2024 14:31,4/17/2024 8:23,Price Code 1,CUSTOMER PICKUP,False,Sharing Floor Rabun,02-SH,30546.0,Hiawassee,"ASSORTED BEVERAGES, SHL",Dry Beverages
411,179082,8720,M-103,Mt. Zion Ministries - The Refuge,481696,,FP/USDA,FAITH-BASED-Agency,USDA,N-50-10305,26,0,0,0.0,364,TOWNS,0.0,4/17/2024 14:31,4/18/2024 8:52,Price Code 1,CUSTOMER PICKUP,False,Rabun Warehouse,02,30546.0,Hiawassee,USDA MIXED VegetablesCCC,Dry Vegetables
526,176122,3943,T-118,Towns County Food Pantry,478749,,FP/GNAP/USDA,FOOD PANTRY-Agency,USDA,N-50-10268,10,0,0,11.4,380,TOWNS,0.03,2/27/2024 15:21,2/27/2024 13:44,Price Code 1,CUSTOMER PICKUP,False,Rabun Warehouse,02,30582.0,Young Harris,USDA APPLE JUICE,Dry Beverages
411,178163,690,M-103,Mt. Zion Ministries - The Refuge,480782,,FP/USDA,FAITH-BASED-Agency,BLUE RECEIPT-SHL,W-03-10013,153,0,0,4.59,153,TOWNS,0.03,4/3/2024 14:31,4/3/2024 8:36,Price Code 1,CUSTOMER PICKUP,False,Sharing Floor Rabun,02-SH,30546.0,Hiawassee,"ASSORTED BEVERAGES, SHL",Dry Beverages
411,178163,5388,M-103,Mt. Zion Ministries - The Refuge,480782,,FP/USDA,FAITH-BASED-Agency,BLUE RECEIPT-SHL,F-16-10001,142,0,0,25.56,142,TOWNS,0.18,4/3/2024 14:31,4/3/2024 8:36,Price Code 1,CUSTOMER PICKUP,False,Sharing Floor Rabun,02-SH,30546.0,Hiawassee,"ASSORTED FROZEN FOODS, SHL",Frozen Food Misc.
411,177178,1045,M-103,Mt. Zion Ministries - The Refuge,479799,,FP/USDA,FAITH-BASED-Agency,BLUE RECEIPT-SHL,W-25-10009,161,0,0,28.98,161,TOWNS,0.18,3/13/2024 14:31,3/13/2024 8:33,Price Code 1,CUSTOMER PICKUP,False,Sharing Floor Rabun,02-SH,30546.0,Hiawassee,"ASSORTED SNACK ITEMS, SHL",Dry Food Misc.
411,175260,688,M-103,Mt. Zion Ministries - The Refuge,477889,,FP/USDA,FAITH-BASED-Agency,BLUE RECEIPT-SHL,W-01-10000,84,0,0,15.12,84,TOWNS,0.18,2/7/2024 14:31,2/7/2024 8:26,Price Code 1,CUSTOMER PICKUP,False,Sharing Floor Rabun,02-SH,30546.0,Hiawassee,"ASSORTED NON-FOOD ITEMS, SHL",Dry Non-Food Misc.
411,181911,690,M-103,Mt. Zion Ministries - The Refuge,484515,,FP/USDA,FAITH-BASED-Agency,BLUE RECEIPT-SHL,W-03-10013,400,0,0,12.0,400,TOWNS,0.03,6/5/2024 14:31,6/5/2024 8:33,Price Code 1,CUSTOMER PICKUP,False,Sharing Floor Rabun,02-SH,30546.0,Hiawassee,"ASSORTED BEVERAGES, SHL",Dry Beverages
526,178926,1047,T-118,Towns County Food Pantry,481540,,FP/GNAP/USDA,FOOD PANTRY-Agency,USDA,N-50-10041,10,0,0,88.2,490,TOWNS,0.18,4/15/2024 15:21,4/15/2024 15:11,Price Code 1,CUSTOMER PICKUP,False,Rabun Warehouse,02,30582.0,Young Harris,USDA RICE,Dry Grains
411,175260,683,M-103,Mt. Zion Ministries - The Refuge,477889,,FP/USDA,FAITH-BASED-Agency,BLUE RECEIPT-SHL,W-16-10001,190,0,0,34.2,190,TOWNS,0.18,2/7/2024 14:31,2/7/2024 8:26,Price Code 1,CUSTOMER PICKUP,False,Sharing Floor Rabun,02-SH,30546.0,Hiawassee,MISC. FOOD BOX SHL,Dry Food Misc.
526,179153,1047,T-118,Towns County Food Pantry,481766,,FP/GNAP/USDA,FOOD PANTRY-Agency,USDA,N-50-10041,10,0,0,88.2,490,TOWNS,0.18,4/23/2024 15:21,4/23/2024 7:10,Price Code 1,CUSTOMER PICKUP,False,Rabun Warehouse,02,30582.0,Young Harris,USDA RICE,Dry Grains
526,176122,4449,T-118,Towns County Food Pantry,478749,,FP/GNAP/USDA,FOOD PANTRY-Agency,USDA,F-50-90445,10,0,0,41.0,410,TOWNS,0.1,2/27/2024 15:21,2/27/2024 13:44,Price Code 1,CUSTOMER PICKUP,False,Rabun Warehouse,02,30582.0,Young Harris,USDA FULLY COOKED PULLED PORK CCC,Frozen Proteins
411,182198,5388,M-103,Mt. Zion Ministries - The Refuge,484802,,FP/USDA,FAITH-BASED-Agency,BLUE RECEIPT-SHL,F-16-10001,109,0,0,19.62,109,TOWNS,0.18,6/14/2024 14:31,6/14/2024 7:07,Price Code 1,CUSTOMER PICKUP,False,Sharing Floor Rabun,02-SH,30546.0,Hiawassee,"ASSORTED FROZEN FOODS, SHL",Frozen Food Misc.
526,177621,8720,T-118,Towns County Food Pantry,480241,,FP/GNAP/USDA,FOOD PANTRY-Agency,USDA,N-50-10305,10,0,0,25.2,140,TOWNS,0.18,3/26/2024 15:21,3/26/2024 7:25,Price Code 1,CUSTOMER PICKUP,False,Rabun Warehouse,02,30582.0,Young Harris,USDA MIXED VegetablesCCC,Dry Vegetables
526,173407,8720,T-118,Towns County Food Pantry,477036,,FP/GNAP/USDA,FOOD PANTRY-Agency,USDA,N-50-10305,20,0,0,50.4,280,TOWNS,0.18,1/24/2024 15:21,1/24/2024 7:08,Price Code 1,CUSTOMER PICKUP,False,Rabun Warehouse,02,30582.0,Young Harris,USDA MIXED VegetablesCCC,Dry Vegetables
411,172841,1045,M-103,Mt. Zion Ministries - The Refuge,476472,,FP/USDA,FAITH-BASED-Agency,BLUE RECEIPT-SHL,W-25-10009,149,0,0,26.82,149,TOWNS,0.18,1/10/2024 14:31,1/10/2024 9:10,Price Code 1,CUSTOMER PICKUP,False,Sharing Floor Rabun,02-SH,30546.0,Hiawassee,"ASSORTED SNACK ITEMS, SHL",Dry Food Misc.
411,179082,8783,M-103,Mt. Zion Ministries - The Refuge,481696,,FP/USDA,FAITH-BASED-Agency,USDA,N-50-10308,13,0,0,0.0,299,TOWNS,0.0,4/17/2024 14:31,4/18/2024 8:52,Price Code 1,CUSTOMER PICKUP,False,Rabun Warehouse,02,30546.0,Hiawassee,USDA RAISINS,Dry Fruits
526,178642,8783,T-118,Towns County Food Pantry,481258,,FP/GNAP/USDA,FOOD PANTRY-Agency,USDA,N-50-10308,8,0,0,33.12,184,TOWNS,0.18,4/15/2024 15:21,4/15/2024 15:11,Price Code 1,CUSTOMER PICKUP,False,Rabun Warehouse,02,30582.0,Young Harris,USDA RAISINS,Dry Fruits
526,181423,3943,T-118,Towns County Food Pantry,484027,,FP/GNAP/USDA,FOOD PANTRY-Agency,USDA,N-50-10268,12,0,0,13.68,456,TOWNS,0.03,5/31/2024 8:00,5/31/2024 7:04,Price Code 1,CUSTOMER PICKUP,False,Rabun Warehouse,02,30582.0,Young Harris,USDA APPLE JUICE,Dry Beverages
526,173039,8765,T-118,Towns County Food Pantry,476669,,FP/GNAP/USDA,FOOD PANTRY-Agency,USDA,N-50-10307,10,0,0,48.6,270,TOWNS,0.18,1/18/2024 15:21,1/18/2024 7:15,Price Code 1,CUSTOMER PICKUP,False,Rabun Warehouse,02,30582.0,Young Harris,"USDA LIGHT RED KIDNEY BEANS, LOW SODIUM",Dry Proteins
526,173407,8783,T-118,Towns County Food Pantry,477036,,FP/GNAP/USDA,FOOD PANTRY-Agency,USDA,N-50-10308,10,0,0,41.4,230,TOWNS,0.18,1/24/2024 15:21,1/24/2024 7:08,Price Code 1,CUSTOMER PICKUP,False,Rabun Warehouse,02,30582.0,Young Harris,USDA RAISINS,Dry Fruits
411,179081,5388,M-103,Mt. Zion Ministries - The Refuge,481695,,FP/USDA,FAITH-BASED-Agency,BLUE RECEIPT-SHL,F-16-10001,104,0,0,18.72,104,TOWNS,0.18,4/17/2024 14:31,4/17/2024 8:23,Price Code 1,CUSTOMER PICKUP,False,Sharing Floor Rabun,02-SH,30546.0,Hiawassee,"ASSORTED FROZEN FOODS, SHL",Frozen Food Misc.
526,177975,842,T-118,Towns County Food Pantry,480594,,FP/GNAP/USDA,FOOD PANTRY-Agency,USDA,N-50-10021,15,0,0,72.9,405,TOWNS,0.18,4/3/2024 15:21,4/3/2024 9:41,Price Code 1,CUSTOMER PICKUP,False,Rabun Warehouse,02,30582.0,Young Harris,USDA DICED TOMATOES NO SALT CCC,Dry Vegetables
526,177119,4715,T-118,Towns County Food Pantry,479740,,FP/GNAP/USDA,FOOD PANTRY-Agency,USDA,F-50-90461,5,0,0,20.0,200,TOWNS,0.1,3/13/2024 15:21,3/13/2024 7:25,Price Code 1,CUSTOMER PICKUP,False,Rabun Warehouse,02,30582.0,Young Harris,USDA ALASKAN POLLACK FISH FILLETS,Frozen Proteins
526,178642,1674,T-118,Towns County Food Pantry,481258,,FP/GNAP/USDA,FOOD PANTRY-Agency,USDA,N-50-10073,15,0,0,72.9,405,TOWNS,0.18,4/15/2024 15:21,4/15/2024 15:11,Price Code 1,CUSTOMER PICKUP,False,Rabun Warehouse,02,30582.0,Young Harris,USDA TOMATO SAUCE,Dry Vegetables
526,179705,8997,T-118,Towns County Food Pantry,482318,,FP/GNAP/USDA,FOOD PANTRY-Agency,USDA,N-50-10312,16,0,0,34.56,192,TOWNS,0.18,5/1/2024 15:21,5/1/2024 7:02,Price Code 1,CUSTOMER PICKUP,False,Rabun Warehouse,02,30582.0,Young Harris,USDA CHILI W/ BEANS CCC,Dry Prepared Meals
411,179082,800,M-103,Mt. Zion Ministries - The Refuge,481696,,FP/USDA,FAITH-BASED-Agency,USDA,N-50-10065,13,0,0,0.0,351,TOWNS,0.0,4/17/2024 14:31,4/18/2024 8:52,Price Code 1,CUSTOMER PICKUP,False,Rabun Warehouse,02,30546.0,Hiawassee,USDA APPLESAUCE,Dry Fruits
526,175810,1481,T-118,Towns County Food Pantry,478438,,FP/GNAP/USDA,FOOD PANTRY-Agency,USDA,N-50-10105,10,0,0,30.6,170,TOWNS,0.18,2/22/2024 15:21,2/23/2024 7:40,Price Code 1,CUSTOMER PICKUP,False,Rabun Warehouse,02,30582.0,Young Harris,USDA DRIED CHERRIES CCC,Dry Fruits
411,178163,5938,M-103,Mt. Zion Ministries - The Refuge,480782,,FP/USDA,FAITH-BASED-Agency,BLUE RECEIPT-SHL,C-28-10001,196,0,0,5.88,196,TOWNS,0.03,4/3/2024 14:31,4/3/2024 8:36,Price Code 1,CUSTOMER PICKUP,False,Sharing Floor Rabun,02-SH,30546.0,Hiawassee,"PRODUCE, FRESH SHL",Cooled Mixed Produce
526,176122,8714,T-118,Towns County Food Pantry,478749,,FP/GNAP/USDA,FOOD PANTRY-Agency,USDA,N-50-10303,14,0,0,0.0,336,TOWNS,0.0,2/27/2024 15:21,2/27/2024 13:44,Price Code 1,CUSTOMER PICKUP,False,Rabun Warehouse,02,30582.0,Young Harris,USDA GREEN SPLIT PEAS,Dry Proteins
526,181793,4269,T-118,Towns County Food Pantry,484397,,FP/GNAP/USDA,FOOD PANTRY-Agency,USDA,N-50-10273,16,0,0,69.12,384,TOWNS,0.18,6/6/2024 8:00,6/6/2024 7:00,Price Code 1,CUSTOMER PICKUP,False,Rabun Warehouse,02,30582.0,Young Harris,USDA DRY NAVY BEANS CCC,Dry Proteins
411,179082,84,M-103,Mt. Zion Ministries - The Refuge,481696,,FP/USDA,FAITH-BASED-Agency,USDA,N-50-10006,13,0,0,0.0,351,TOWNS,0.0,4/17/2024 14:31,4/18/2024 8:52,Price Code 1,CUSTOMER PICKUP,False,Rabun Warehouse,02,30546.0,Hiawassee,USDA GREEN BEANS,Dry Vegetables
526,179705,4449,T-118,Towns County Food Pantry,482318,,FP/GNAP/USDA,FOOD PANTRY-Agency,USDA,F-50-90445,8,0,0,32.8,328,TOWNS,0.1,5/1/2024 15:21,5/1/2024 7:02,Price Code 1,CUSTOMER PICKUP,False,Rabun Warehouse,02,30582.0,Young Harris,USDA FULLY COOKED PULLED PORK CCC,Frozen Proteins
526,176122,4715,T-118,Towns County Food Pantry,478749,,FP/GNAP/USDA,FOOD PANTRY-Agency,USDA,F-50-90461,10,0,0,40.0,400,TOWNS,0.1,2/27/2024 15:21,2/27/2024 13:44,Price Code 1,CUSTOMER PICKUP,False,Rabun Warehouse,02,30582.0,Young Harris,USDA ALASKAN POLLACK FISH FILLETS,Frozen Proteins
411,182198,690,M-103,Mt. Zion Ministries - The Refuge,484802,,FP/USDA,FAITH-BASED-Agency,BLUE RECEIPT-SHL,W-03-10013,369,0,0,11.07,369,TOWNS,0.03,6/14/2024 14:31,6/14/2024 7:07,Price Code 1,CUSTOMER PICKUP,False,Sharing Floor Rabun,02-SH,30546.0,Hiawassee,"ASSORTED BEVERAGES, SHL",Dry Beverages
411,179082,1047,M-103,Mt. Zion Ministries - The Refuge,481696,,FP/USDA,FAITH-BASED-Agency,USDA,N-50-10041,13,0,0,0.0,637,TOWNS,0.0,4/17/2024 14:31,4/18/2024 8:52,Price Code 1,CUSTOMER PICKUP,False,Rabun Warehouse,02,30546.0,Hiawassee,USDA RICE,Dry Grains
526,179153,6831,T-118,Towns County Food Pantry,481766,,FP/GNAP/USDA,FOOD PANTRY-Agency,USDA,C-50-10025,10,0,0,42.0,420,TOWNS,0.1,4/23/2024 15:21,4/23/2024 7:10,Price Code 1,CUSTOMER PICKUP,False,Rabun Warehouse,02,30582.0,Young Harris,USDA APPLES,Cooled Fruits
526,175810,7061,T-118,Towns County Food Pantry,478438,,FP/GNAP/USDA,FOOD PANTRY-Agency,USDA,C-50-10021,5,0,0,21.0,210,TOWNS,0.1,2/22/2024 15:21,2/23/2024 7:40,Price Code 1,CUSTOMER PICKUP,False,Rabun Warehouse,02,30582.0,Young Harris,USDA FRESH ORANGES,Cooled Fruits
526,172350,170,T-118,Towns County Food Pantry,475981,,FP/GNAP/USDA,FOOD PANTRY-Agency,USDA,N-50-10007,10,0,0,50.4,280,TOWNS,0.18,1/4/2024 15:21,1/4/2024 7:10,Price Code 1,CUSTOMER PICKUP,False,Rabun Warehouse,02,30582.0,Young Harris,"USDA CORN, WHOLE KERNEL NO SALT",Dry Vegetables
526,179153,1481,T-118,Towns County Food Pantry,481766,,FP/GNAP/USDA,FOOD PANTRY-Agency,USDA,N-50-10105,24,0,0,73.44,408,TOWNS,0.18,4/23/2024 15:21,4/23/2024 7:10,Price Code 1,CUSTOMER PICKUP,False,Rabun Warehouse,02,30582.0,Young Harris,USDA DRIED CHERRIES CCC,Dry Fruits
526,172350,8628,T-118,Towns County Food Pantry,475981,,FP/GNAP/USDA,FOOD PANTRY-Agency,YELLOW RECEIPT - SHN,N-27-10129,15,0,0,21.6,120,TOWNS,0.18,1/4/2024 15:21,1/4/2024 7:10,Price Code 1,CUSTOMER PICKUP,False,Rabun Warehouse,02,30582.0,Young Harris,HUNTS DICED TOMATOES,Dry Vegetables
526,177621,7059,T-118,Towns County Food Pantry,480241,,FP/GNAP/USDA,FOOD PANTRY-Agency,USDA,C-50-10019,20,0,0,36.0,720,TOWNS,0.05,3/26/2024 15:21,3/26/2024 7:25,Price Code 1,CUSTOMER PICKUP,False,Rabun Warehouse,02,30582.0,Young Harris,USDA 2% MILK CCC,Cooled Dairy
411,179926,50,M-103,Mt. Zion Ministries - The Refuge,482537,,FP/USDA,FAITH-BASED-Agency,LOCAL - LL,W-16-10002,307,0,0,55.26,307,TOWNS,0.18,5/1/2024 14:31,5/1/2024 8:22,Price Code 1,CUSTOMER PICKUP,False,Sharing Floor Rabun,02-SH,30546.0,Hiawassee,MISC. FOOD BOX LL,Dry Food Misc.
526,181091,8690,T-118,Towns County Food Pantry,483696,,FP/GNAP/USDA,FOOD PANTRY-Agency,USDA,N-50-10302,15,0,0,37.8,210,TOWNS,0.18,5/23/2024 8:00,5/23/2024 7:17,Price Code 1,CUSTOMER PICKUP,False,Rabun Warehouse,02,30582.0,Young Harris,USDA GREEN BEANS CCC,Dry Vegetables
526,178642,8497,T-118,Towns County Food Pantry,481258,,FP/GNAP/USDA,FOOD PANTRY-Agency,USDA,C-50-10048,20,0,0,32.0,640,TOWNS,0.05,4/15/2024 15:21,4/15/2024 15:11,Price Code 1,CUSTOMER PICKUP,False,Rabun Warehouse,02,30582.0,Young Harris,USDA MANDARIN ORANGES,Cooled Fruits
526,181091,170,T-118,Towns County Food Pantry,483696,,FP/GNAP/USDA,FOOD PANTRY-Agency,USDA,N-50-10007,15,0,0,75.6,420,TOWNS,0.18,5/23/2024 8:00,5/23/2024 7:17,Price Code 1,CUSTOMER PICKUP,False,Rabun Warehouse,02,30582.0,Young Harris,"USDA CORN, WHOLE KERNEL NO SALT",Dry Vegetables
411,180838,5388,M-103,Mt. Zion Ministries - The Refuge,483444,,FP/USDA,FAITH-BASED-Agency,BLUE RECEIPT-SHL,F-16-10001,117,0,0,21.06,117,TOWNS,0.18,5/15/2024 14:31,5/15/2024 8:28,Price Code 1,CUSTOMER PICKUP,False,Sharing Floor Rabun,02-SH,30546.0,Hiawassee,"ASSORTED FROZEN FOODS, SHL",Frozen Food Misc.
526,178642,1791,T-118,Towns County Food Pantry,481258,,FP/GNAP/USDA,FOOD PANTRY-Agency,USDA,N-50-10079,10,0,0,46.8,260,TOWNS,0.18,4/15/2024 15:21,4/15/2024 15:11,Price Code 1,CUSTOMER PICKUP,False,Rabun Warehouse,02,30582.0,Young Harris,USDA WALNUT HALVES AND PIECES,Dry Proteins
526,180530,7083,T-118,Towns County Food Pantry,483136,,FP/GNAP/USDA,FOOD PANTRY-Agency,USDA,C-50-10029,10,0,0,21.6,120,TOWNS,0.18,5/14/2024 9:15,5/14/2024 7:27,Price Code 1,CUSTOMER PICKUP,False,Rabun Warehouse,02,30582.0,Young Harris,"USDA MILD CHEDDAR CHEESE, BLOCK CCC",Cooled Dairy
526,173039,7082,T-118,Towns County Food Pantry,476669,,FP/GNAP/USDA,FOOD PANTRY-Agency,USDA,C-50-10033,15,0,0,0.0,180,TOWNS,0.0,1/18/2024 15:21,1/18/2024 7:15,Price Code 1,CUSTOMER PICKUP,False,Rabun Warehouse,02,30582.0,Young Harris,USDA SHREDDED YELLOW CHEDDAR CHEESE CCC,Cooled Dairy
526,181423,4715,T-118,Towns County Food Pantry,484027,,FP/GNAP/USDA,FOOD PANTRY-Agency,USDA,F-50-90461,10,0,0,40.0,400,TOWNS,0.1,5/31/2024 8:00,5/31/2024 7:04,Price Code 1,CUSTOMER PICKUP,False,Rabun Warehouse,02,30582.0,Young Harris,USDA ALASKAN POLLACK FISH FILLETS,Frozen Proteins
526,173407,1791,T-118,Towns County Food Pantry,477036,,FP/GNAP/USDA,FOOD PANTRY-Agency,USDA,N-50-10079,10,0,0,46.8,260,TOWNS,0.18,1/24/2024 15:21,1/24/2024 7:08,Price Code 1,CUSTOMER PICKUP,False,Rabun Warehouse,02,30582.0,Young Harris,USDA WALNUT HALVES AND PIECES,Dry Proteins
526,177975,8714,T-118,Towns County Food Pantry,480594,,FP/GNAP/USDA,FOOD PANTRY-Agency,USDA,N-50-10303,10,0,0,0.0,240,TOWNS,0.0,4/3/2024 15:21,4/3/2024 9:41,Price Code 1,CUSTOMER PICKUP,False,Rabun Warehouse,02,30582.0,Young Harris,USDA GREEN SPLIT PEAS,Dry Proteins
411,176062,683,M-103,Mt. Zion Ministries - The Refuge,478689,,FP/USDA,FAITH-BASED-Agency,BLUE RECEIPT-SHL,W-16-10001,179,0,0,32.22,179,TOWNS,0.18,2/23/2024 14:31,2/23/2024 7:19,Price Code 1,CUSTOMER PICKUP,False,Sharing Floor Rabun,02-SH,30546.0,Hiawassee,MISC. FOOD BOX SHL,Dry Food Misc.
526,173407,8714,T-118,Towns County Food Pantry,477036,,FP/GNAP/USDA,FOOD PANTRY-Agency,USDA,N-50-10303,15,0,0,64.8,360,TOWNS,0.18,1/24/2024 15:21,1/24/2024 7:08,Price Code 1,CUSTOMER PICKUP,False,Rabun Warehouse,02,30582.0,Young Harris,USDA GREEN SPLIT PEAS,Dry Proteins
526,173039,8714,T-118,Towns County Food Pantry,476669,,FP/GNAP/USDA,FOOD PANTRY-Agency,USDA,N-50-10303,20,0,0,86.4,480,TOWNS,0.18,1/18/2024 15:21,1/18/2024 7:15,Price Code 1,CUSTOMER PICKUP,False,Rabun Warehouse,02,30582.0,Young Harris,USDA GREEN SPLIT PEAS,Dry Proteins
526,175810,4327,T-118,Towns County Food Pantry,478438,,FP/GNAP/USDA,FOOD PANTRY-Agency,USDA,N-50-10277,10,0,0,48.6,270,TOWNS,0.18,2/22/2024 15:21,2/23/2024 7:40,Price Code 1,CUSTOMER PICKUP,False,Rabun Warehouse,02,30582.0,Young Harris,USDA GARBANZO BEANS,Dry Proteins
526,181793,3139,T-118,Towns County Food Pantry,484397,,FP/GNAP/USDA,FOOD PANTRY-Agency,USDA,N-50-10290,8,0,0,36.0,200,TOWNS,0.18,6/6/2024 8:00,6/6/2024 7:00,Price Code 1,CUSTOMER PICKUP,False,Rabun Warehouse,02,30582.0,Young Harris,USDA WHOLE ALMONDS DRY ROASTED,Dry Proteins
526,179705,9026,T-118,Towns County Food Pantry,482318,,FP/GNAP/USDA,FOOD PANTRY-Agency,YELLOW RECEIPT - SHN,N-27-10138,12,0,0,47.52,264,TOWNS,0.18,5/1/2024 15:21,5/1/2024 7:02,Price Code 1,CUSTOMER PICKUP,False,Rabun Warehouse,02,30582.0,Young Harris,"HUNTS DICED TOMATOES BASIL, GARLIC, OREGANO",Dry Vegetables
526,179705,1047,T-118,Towns County Food Pantry,482318,,FP/GNAP/USDA,FOOD PANTRY-Agency,USDA,N-50-10041,10,0,0,88.2,490,TOWNS,0.18,5/1/2024 15:21,5/1/2024 7:02,Price Code 1,CUSTOMER PICKUP,False,Rabun Warehouse,02,30582.0,Young Harris,USDA RICE,Dry Grains
411,179082,4788,M-103,Mt. Zion Ministries - The Refuge,481696,,FP/USDA,FAITH-BASED-Agency,USDA,F-50-90039,40,0,0,0.0,1600,TOWNS,0.0,4/17/2024 14:31,4/18/2024 8:52,Price Code 1,CUSTOMER PICKUP,False,Rabun Warehouse,02,30546.0,Hiawassee,USDA CATFISH FILLETS CCC,Frozen Proteins
526,173706,2862,T-118,Towns County Food Pantry,477335,,FP/GNAP/USDA,FOOD PANTRY-Agency,USDA,N-50-10115,4,0,0,19.44,108,TOWNS,0.18,1/30/2024 15:21,1/30/2024 13:27,Price Code 1,CUSTOMER PICKUP,False,Rabun Warehouse,02,30582.0,Young Harris,USDA DARK RED KIDNEY BEANS CCC,Dry Proteins
526,179153,8997,T-118,Towns County Food Pantry,481766,,FP/GNAP/USDA,FOOD PANTRY-Agency,USDA,N-50-10312,12,0,0,25.92,144,TOWNS,0.18,4/23/2024 15:21,4/23/2024 7:10,Price Code 1,CUSTOMER PICKUP,False,Rabun Warehouse,02,30582.0,Young Harris,USDA CHILI W/ BEANS CCC,Dry Prepared Meals
526,175810,2960,T-118,Towns County Food Pantry,478438,,FP/GNAP/USDA,FOOD PANTRY-Agency,USDA,N-50-10247,15,0,0,97.2,540,TOWNS,0.18,2/22/2024 15:21,2/23/2024 7:40,Price Code 1,CUSTOMER PICKUP,False,Rabun Warehouse,02,30582.0,Young Harris,USDA BEEF STEW POUCHES CCC,Dry Prepared Meals
411,181175,1045,M-103,Mt. Zion Ministries - The Refuge,483780,,FP/USDA,FAITH-BASED-Agency,BLUE RECEIPT-SHL,W-25-10009,104,0,0,18.72,104,TOWNS,0.18,5/22/2024 14:31,5/22/2024 8:24,Price Code 1,CUSTOMER PICKUP,False,Sharing Floor Rabun,02-SH,30546.0,Hiawassee,"ASSORTED SNACK ITEMS, SHL",Dry Food Misc.
411,176736,5938,M-103,Mt. Zion Ministries - The Refuge,479359,,FP/USDA,FAITH-BASED-Agency,BLUE RECEIPT-SHL,C-28-10001,61,0,0,1.83,61,TOWNS,0.03,3/6/2024 14:31,3/6/2024 8:24,Price Code 1,CUSTOMER PICKUP,False,Sharing Floor Rabun,02-SH,30546.0,Hiawassee,"PRODUCE, FRESH SHL",Cooled Mixed Produce
411,179926,5388,M-103,Mt. Zion Ministries - The Refuge,482537,,FP/USDA,FAITH-BASED-Agency,BLUE RECEIPT-SHL,F-16-10001,35,0,0,6.3,35,TOWNS,0.18,5/1/2024 14:31,5/1/2024 8:22,Price Code 1,CUSTOMER PICKUP,False,Sharing Floor Rabun,02-SH,30546.0,Hiawassee,"ASSORTED FROZEN FOODS, SHL",Frozen Food Misc.
526,181091,1481,T-118,Towns County Food Pantry,483696,,FP/GNAP/USDA,FOOD PANTRY-Agency,USDA,N-50-10105,12,0,0,36.72,204,TOWNS,0.18,5/23/2024 8:00,5/23/2024 7:17,Price Code 1,CUSTOMER PICKUP,False,Rabun Warehouse,02,30582.0,Young Harris,USDA DRIED CHERRIES CCC,Dry Fruits
526,172350,8627,T-118,Towns County Food Pantry,475981,,FP/GNAP/USDA,FOOD PANTRY-Agency,USDA,N-50-10300,20,0,0,50.4,280,TOWNS,0.18,1/4/2024 15:21,1/4/2024 7:10,Price Code 1,CUSTOMER PICKUP,False,Rabun Warehouse,02,30582.0,Young Harris,USDA CANNED COLLARD GREENS CCC,Dry Vegetables
526,181091,9013,T-118,Towns County Food Pantry,483696,,FP/GNAP/USDA,FOOD PANTRY-Agency,USDA,N-50-10313,8,0,0,34.56,192,TOWNS,0.18,5/23/2024 8:00,5/23/2024 7:17,Price Code 1,CUSTOMER PICKUP,False,Rabun Warehouse,02,30582.0,Young Harris,USDA LIGHT RED KIDNEY BEANS 24/1LB,Dry Proteins
526,180530,3203,T-118,Towns County Food Pantry,483136,,FP/GNAP/USDA,FOOD PANTRY-Agency,USDA,N-50-10289,10,0,0,45.0,250,TOWNS,0.18,5/14/2024 9:15,5/14/2024 7:27,Price Code 1,CUSTOMER PICKUP,False,Rabun Warehouse,02,30582.0,Young Harris,USDA PECAN PIECES,Dry Proteins
526,181091,1521,T-118,Towns County Food Pantry,483696,,FP/GNAP/USDA,FOOD PANTRY-Agency,USDA,N-50-10104,15,0,0,0.0,375,TOWNS,0.0,5/23/2024 8:00,5/23/2024 7:17,Price Code 1,CUSTOMER PICKUP,False,Rabun Warehouse,02,30582.0,Young Harris,USDA LENTIL BEANS,Dry Proteins
411,173514,5938,M-103,Mt. Zion Ministries - The Refuge,477143,,FP/USDA,FAITH-BASED-Agency,BLUE RECEIPT-SHL,C-28-10001,188,0,0,5.64,188,TOWNS,0.03,1/24/2024 14:31,1/24/2024 8:30,Price Code 1,CUSTOMER PICKUP,False,Sharing Floor Rabun,02-SH,30546.0,Hiawassee,"PRODUCE, FRESH SHL",Cooled Mixed Produce
411,180838,1045,M-103,Mt. Zion Ministries - The Refuge,483444,,FP/USDA,FAITH-BASED-Agency,BLUE RECEIPT-SHL,W-25-10009,167,0,0,30.06,167,TOWNS,0.18,5/15/2024 14:31,5/15/2024 8:28,Price Code 1,CUSTOMER PICKUP,False,Sharing Floor Rabun,02-SH,30546.0,Hiawassee,"ASSORTED SNACK ITEMS, SHL",Dry Food Misc.
526,173039,8720,T-118,Towns County Food Pantry,476669,,FP/GNAP/USDA,FOOD PANTRY-Agency,USDA,N-50-10305,20,0,0,50.4,280,TOWNS,0.18,1/18/2024 15:21,1/18/2024 7:15,Price Code 1,CUSTOMER PICKUP,False,Rabun Warehouse,02,30582.0,Young Harris,USDA MIXED VegetablesCCC,Dry Vegetables
526,181793,7083,T-118,Towns County Food Pantry,484397,,FP/GNAP/USDA,FOOD PANTRY-Agency,USDA,C-50-10029,10,0,0,21.6,120,TOWNS,0.18,6/6/2024 8:00,6/6/2024 7:00,Price Code 1,CUSTOMER PICKUP,False,Rabun Warehouse,02,30582.0,Young Harris,"USDA MILD CHEDDAR CHEESE, BLOCK CCC",Cooled Dairy
526,179705,1791,T-118,Towns County Food Pantry,482318,,FP/GNAP/USDA,FOOD PANTRY-Agency,USDA,N-50-10079,10,0,0,46.8,260,TOWNS,0.18,5/1/2024 15:21,5/1/2024 7:02,Price Code 1,CUSTOMER PICKUP,False,Rabun Warehouse,02,30582.0,Young Harris,USDA WALNUT HALVES AND PIECES,Dry Proteins
526,177621,3943,T-118,Towns County Food Pantry,480241,,FP/GNAP/USDA,FOOD PANTRY-Agency,USDA,N-50-10268,20,0,0,22.8,760,TOWNS,0.03,3/26/2024 15:21,3/26/2024 7:25,Price Code 1,CUSTOMER PICKUP,False,Rabun Warehouse,02,30582.0,Young Harris,USDA APPLE JUICE,Dry Beverages
526,177975,1481,T-118,Towns County Food Pantry,480594,,FP/GNAP/USDA,FOOD PANTRY-Agency,USDA,N-50-10105,14,0,0,42.84,238,TOWNS,0.18,4/3/2024 15:21,4/3/2024 9:41,Price Code 1,CUSTOMER PICKUP,False,Rabun Warehouse,02,30582.0,Young Harris,USDA DRIED CHERRIES CCC,Dry Fruits
526,173364,170,T-118,Towns County Food Pantry,476993,,FP/GNAP/USDA,FOOD PANTRY-Agency,USDA,N-50-10007,15,0,0,75.6,420,TOWNS,0.18,1/24/2024 15:21,1/24/2024 7:09,Price Code 1,CUSTOMER PICKUP,False,Rabun Warehouse,02,30582.0,Young Harris,"USDA CORN, WHOLE KERNEL NO SALT",Dry Vegetables
411,176062,5388,M-103,Mt. Zion Ministries - The Refuge,478689,,FP/USDA,FAITH-BASED-Agency,BLUE RECEIPT-SHL,F-16-10001,126,0,0,22.68,126,TOWNS,0.18,2/23/2024 14:31,2/23/2024 7:19,Price Code 1,CUSTOMER PICKUP,False,Sharing Floor Rabun,02-SH,30546.0,Hiawassee,"ASSORTED FROZEN FOODS, SHL",Frozen Food Misc.
411,179082,1674,M-103,Mt. Zion Ministries - The Refuge,481696,,FP/USDA,FAITH-BASED-Agency,USDA,N-50-10073,13,0,0,0.0,351,TOWNS,0.0,4/17/2024 14:31,4/18/2024 8:52,Price Code 1,CUSTOMER PICKUP,False,Rabun Warehouse,02,30546.0,Hiawassee,USDA TOMATO SAUCE,Dry Vegetables
526,173039,84,T-118,Towns County Food Pantry,476669,,FP/GNAP/USDA,FOOD PANTRY-Agency,USDA,N-50-10006,15,0,0,72.9,405,TOWNS,0.18,1/18/2024 15:21,1/18/2024 7:15,Price Code 1,CUSTOMER PICKUP,False,Rabun Warehouse,02,30582.0,Young Harris,USDA GREEN BEANS,Dry Vegetables
526,172350,8784,T-118,Towns County Food Pantry,475981,,FP/GNAP/USDA,FOOD PANTRY-Agency,USDA,N-50-10309,10,0,0,48.6,270,TOWNS,0.18,1/4/2024 15:21,1/4/2024 7:10,Price Code 1,CUSTOMER PICKUP,False,Rabun Warehouse,02,30582.0,Young Harris,USDA CANNED SALMON CCC,Dry Proteins
526,178642,3139,T-118,Towns County Food Pantry,481258,,FP/GNAP/USDA,FOOD PANTRY-Agency,USDA,N-50-10290,10,0,0,45.0,250,TOWNS,0.18,4/15/2024 15:21,4/15/2024 15:11,Price Code 1,CUSTOMER PICKUP,False,Rabun Warehouse,02,30582.0,Young Harris,USDA WHOLE ALMONDS DRY ROASTED,Dry Proteins
526,173407,84,T-118,Towns County Food Pantry,477036,,FP/GNAP/USDA,FOOD PANTRY-Agency,USDA,N-50-10006,15,0,0,72.9,405,TOWNS,0.18,1/24/2024 15:21,1/24/2024 7:08,Price Code 1,CUSTOMER PICKUP,False,Rabun Warehouse,02,30582.0,Young Harris,USDA GREEN BEANS,Dry Vegetables
526,178642,2202,T-118,Towns County Food Pantry,481258,,FP/GNAP/USDA,FOOD PANTRY-Agency,USDA,N-50-10240,10,0,0,39.6,220,TOWNS,0.18,4/15/2024 15:21,4/15/2024 15:11,Price Code 1,CUSTOMER PICKUP,False,Rabun Warehouse,02,30582.0,Young Harris,USDA SPAGHETTI,Dry Grains
526,172350,84,T-118,Towns County Food Pantry,475981,,FP/GNAP/USDA,FOOD PANTRY-Agency,USDA,N-50-10006,10,0,0,48.6,270,TOWNS,0.18,1/4/2024 15:21,1/4/2024 7:10,Price Code 1,CUSTOMER PICKUP,False,Rabun Warehouse,02,30582.0,Young Harris,USDA GREEN BEANS,Dry Vegetables
526,179153,842,T-118,Towns County Food Pantry,481766,,FP/GNAP/USDA,FOOD PANTRY-Agency,USDA,N-50-10021,15,0,0,72.9,405,TOWNS,0.18,4/23/2024 15:21,4/23/2024 7:10,Price Code 1,CUSTOMER PICKUP,False,Rabun Warehouse,02,30582.0,Young Harris,USDA DICED TOMATOES NO SALT CCC,Dry Vegetables
526,181091,4449,T-118,Towns County Food Pantry,483696,,FP/GNAP/USDA,FOOD PANTRY-Agency,USDA,F-50-90445,10,0,0,41.0,410,TOWNS,0.1,5/23/2024 8:00,5/23/2024 7:17,Price Code 1,CUSTOMER PICKUP,False,Rabun Warehouse,02,30582.0,Young Harris,USDA FULLY COOKED PULLED PORK CCC,Frozen Proteins
526,172350,4555,T-118,Towns County Food Pantry,475981,,FP/GNAP/USDA,FOOD PANTRY-Agency,USDA,F-50-90042,10,0,0,72.0,400,TOWNS,0.18,1/4/2024 15:21,1/4/2024 7:10,Price Code 1,CUSTOMER PICKUP,False,Rabun Warehouse,02,30582.0,Young Harris,USDA CHICKEN DRUMSTICKS CCC,Frozen Proteins
526,181091,4327,T-118,Towns County Food Pantry,483696,,FP/GNAP/USDA,FOOD PANTRY-Agency,USDA,N-50-10277,10,0,0,48.6,270,TOWNS,0.18,5/23/2024 8:00,5/23/2024 7:17,Price Code 1,CUSTOMER PICKUP,False,Rabun Warehouse,02,30582.0,Young Harris,USDA GARBANZO BEANS,Dry Proteins
411,177178,5388,M-103,Mt. Zion Ministries - The Refuge,479799,,FP/USDA,FAITH-BASED-Agency,BLUE RECEIPT-SHL,F-16-10001,154,0,0,27.72,154,TOWNS,0.18,3/13/2024 14:31,3/13/2024 8:33,Price Code 1,CUSTOMER PICKUP,False,Sharing Floor Rabun,02-SH,30546.0,Hiawassee,"ASSORTED FROZEN FOODS, SHL",Frozen Food Misc.
411,182198,683,M-103,Mt. Zion Ministries - The Refuge,484802,,FP/USDA,FAITH-BASED-Agency,BLUE RECEIPT-SHL,W-16-10001,190,0,0,34.2,190,TOWNS,0.18,6/14/2024 14:31,6/14/2024 7:07,Price Code 1,CUSTOMER PICKUP,False,Sharing Floor Rabun,02-SH,30546.0,Hiawassee,MISC. FOOD BOX SHL,Dry Food Misc.
526,175810,8914,T-118,Towns County Food Pantry,478438,,FP/GNAP/USDA,FOOD PANTRY-Agency,USDA,N-50-10310,10,0,0,48.6,270,TOWNS,0.18,2/22/2024 15:21,2/23/2024 7:40,Price Code 1,CUSTOMER PICKUP,False,Rabun Warehouse,02,30582.0,Young Harris,USDA DICED POTATOES,Dry Potatoes
411,181911,683,M-103,Mt. Zion Ministries - The Refuge,484515,,FP/USDA,FAITH-BASED-Agency,BLUE RECEIPT-SHL,W-16-10001,133,0,0,23.94,133,TOWNS,0.18,6/5/2024 14:31,6/5/2024 8:33,Price Code 1,CUSTOMER PICKUP,False,Sharing Floor Rabun,02-SH,30546.0,Hiawassee,MISC. FOOD BOX SHL,Dry Food Misc.
526,181793,9013,T-118,Towns County Food Pantry,484397,,FP/GNAP/USDA,FOOD PANTRY-Agency,USDA,N-50-10313,12,0,0,51.84,288,TOWNS,0.18,6/6/2024 8:00,6/6/2024 7:00,Price Code 1,CUSTOMER PICKUP,False,Rabun Warehouse,02,30582.0,Young Harris,USDA LIGHT RED KIDNEY BEANS 24/1LB,Dry Proteins
526,179153,8714,T-118,Towns County Food Pantry,481766,,FP/GNAP/USDA,FOOD PANTRY-Agency,USDA,N-50-10303,16,0,0,0.0,384,TOWNS,0.0,4/23/2024 15:21,4/23/2024 7:10,Price Code 1,CUSTOMER PICKUP,False,Rabun Warehouse,02,30582.0,Young Harris,USDA GREEN SPLIT PEAS,Dry Proteins
411,176062,690,M-103,Mt. Zion Ministries - The Refuge,478689,,FP/USDA,FAITH-BASED-Agency,BLUE RECEIPT-SHL,W-03-10013,102,0,0,3.06,102,TOWNS,0.03,2/23/2024 14:31,2/23/2024 7:19,Price Code 1,CUSTOMER PICKUP,False,Sharing Floor Rabun,02-SH,30546.0,Hiawassee,"ASSORTED BEVERAGES, SHL",Dry Beverages
526,179705,800,T-118,Towns County Food Pantry,482318,,FP/GNAP/USDA,FOOD PANTRY-Agency,USDA,N-50-10065,12,0,0,58.32,324,TOWNS,0.18,5/1/2024 15:21,5/1/2024 7:02,Price Code 1,CUSTOMER PICKUP,False,Rabun Warehouse,02,30582.0,Young Harris,USDA APPLESAUCE,Dry Fruits
411,179082,2202,M-103,Mt. Zion Ministries - The Refuge,481696,,FP/USDA,FAITH-BASED-Agency,USDA,N-50-10240,15,0,0,0.0,330,TOWNS,0.0,4/17/2024 14:31,4/18/2024 8:52,Price Code 1,CUSTOMER PICKUP,False,Rabun Warehouse,02,30546.0,Hiawassee,USDA SPAGHETTI,Dry Grains
411,178163,683,M-103,Mt. Zion Ministries - The Refuge,480782,,FP/USDA,FAITH-BASED-Agency,BLUE RECEIPT-SHL,W-16-10001,192,0,0,34.56,192,TOWNS,0.18,4/3/2024 14:31,4/3/2024 8:36,Price Code 1,CUSTOMER PICKUP,False,Sharing Floor Rabun,02-SH,30546.0,Hiawassee,MISC. FOOD BOX SHL,Dry Food Misc.
526,173407,4788,T-118,Towns County Food Pantry,477036,,FP/GNAP/USDA,FOOD PANTRY-Agency,USDA,F-50-90039,15,0,0,108.0,600,TOWNS,0.18,1/24/2024 15:21,1/24/2024 7:08,Price Code 1,CUSTOMER PICKUP,False,Rabun Warehouse,02,30582.0,Young Harris,USDA CATFISH FILLETS CCC,Frozen Proteins
526,176122,84,T-118,Towns County Food Pantry,478749,,FP/GNAP/USDA,FOOD PANTRY-Agency,USDA,N-50-10006,10,0,0,48.6,270,TOWNS,0.18,2/27/2024 15:21,2/27/2024 13:44,Price Code 1,CUSTOMER PICKUP,False,Rabun Warehouse,02,30582.0,Young Harris,USDA GREEN BEANS,Dry Vegetables
411,172841,5938,M-103,Mt. Zion Ministries - The Refuge,476472,,FP/USDA,FAITH-BASED-Agency,BLUE RECEIPT-SHL,C-28-10001,145,0,0,4.35,145,TOWNS,0.03,1/10/2024 14:31,1/10/2024 9:10,Price Code 1,CUSTOMER PICKUP,False,Sharing Floor Rabun,02-SH,30546.0,Hiawassee,"PRODUCE, FRESH SHL",Cooled Mixed Produce
526,177119,4449,T-118,Towns County Food Pantry,479740,,FP/GNAP/USDA,FOOD PANTRY-Agency,USDA,F-50-90445,5,0,0,20.5,205,TOWNS,0.1,3/13/2024 15:21,3/13/2024 7:25,Price Code 1,CUSTOMER PICKUP,False,Rabun Warehouse,02,30582.0,Young Harris,USDA FULLY COOKED PULLED PORK CCC,Frozen Proteins
411,172841,50,M-103,Mt. Zion Ministries - The Refuge,476472,,FP/USDA,FAITH-BASED-Agency,LOCAL - LL,W-16-10002,383,0,0,68.94,383,TOWNS,0.18,1/10/2024 14:31,1/10/2024 9:10,Price Code 1,CUSTOMER PICKUP,False,Sharing Floor Rabun,02-SH,30546.0,Hiawassee,MISC. FOOD BOX LL,Dry Food Misc.
411,173514,683,M-103,Mt. Zion Ministries - The Refuge,477143,,FP/USDA,FAITH-BASED-Agency,BLUE RECEIPT-SHL,W-16-10001,263,0,0,47.34,263,TOWNS,0.18,1/24/2024 14:31,1/24/2024 8:30,Price Code 1,CUSTOMER PICKUP,False,Sharing Floor Rabun,02-SH,30546.0,Hiawassee,MISC. FOOD BOX SHL,Dry Food Misc.
411,181489,683,M-103,Mt. Zion Ministries - The Refuge,484093,,FP/USDA,FAITH-BASED-Agency,BLUE RECEIPT-SHL,W-16-10001,364,0,0,65.52,364,TOWNS,0.18,5/29/2024 14:31,5/29/2024 8:26,Price Code 1,CUSTOMER PICKUP,False,Sharing Floor Rabun,02-SH,30546.0,Hiawassee,MISC. FOOD BOX SHL,Dry Food Misc.
778,172416,8852,TH-131,Allens United Methodist Church,476047,,DIRECT ASSISTANCE,MOBILE PANTRY-Agency,PURCH,N-23-10010,300,0,0,702.0,3900,TOWNS,0.18,1/5/2024 8:57,1/10/2024 9:56,Price Code 1,TRACTOR TRAILER 1,False,Food Bank of Northeast Georgia,01,30557.0,Martin,NUT'N BETTER CREAMY PEANUT BUTTER - RED SUGAR & SODIUM,Dry Proteins
411,179082,8497,M-103,Mt. Zion Ministries - The Refuge,481696,,FP/USDA,FAITH-BASED-Agency,USDA,C-50-10048,60,0,0,0.0,1920,TOWNS,0.0,4/17/2024 14:31,4/18/2024 8:52,Price Code 1,CUSTOMER PICKUP,False,Rabun Warehouse,02,30546.0,Hiawassee,USDA MANDARIN ORANGES,Cooled Fruits
411,181489,688,M-103,Mt. Zion Ministries - The Refuge,484093,,FP/USDA,FAITH-BASED-Agency,BLUE RECEIPT-SHL,W-01-10000,108,0,0,19.44,108,TOWNS,0.18,5/29/2024 14:31,5/29/2024 8:26,Price Code 1,CUSTOMER PICKUP,False,Sharing Floor Rabun,02-SH,30546.0,Hiawassee,"ASSORTED NON-FOOD ITEMS, SHL",Dry Non-Food Misc.
411,179081,683,M-103,Mt. Zion Ministries - The Refuge,481695,,FP/USDA,FAITH-BASED-Agency,BLUE RECEIPT-SHL,W-16-10001,378,0,0,68.04,378,TOWNS,0.18,4/17/2024 14:31,4/17/2024 8:23,Price Code 1,CUSTOMER PICKUP,False,Sharing Floor Rabun,02-SH,30546.0,Hiawassee,MISC. FOOD BOX SHL,Dry Food Misc.
526,173706,1047,T-118,Towns County Food Pantry,477335,,FP/GNAP/USDA,FOOD PANTRY-Agency,USDA,N-50-10041,10,0,0,88.2,490,TOWNS,0.18,1/30/2024 15:21,1/30/2024 13:27,Price Code 1,CUSTOMER PICKUP,False,Rabun Warehouse,02,30582.0,Young Harris,USDA RICE,Dry Grains
411,181911,688,M-103,Mt. Zion Ministries - The Refuge,484515,,FP/USDA,FAITH-BASED-Agency,BLUE RECEIPT-SHL,W-01-10000,96,0,0,17.28,96,TOWNS,0.18,6/5/2024 14:31,6/5/2024 8:33,Price Code 1,CUSTOMER PICKUP,False,Sharing Floor Rabun,02-SH,30546.0,Hiawassee,"ASSORTED NON-FOOD ITEMS, SHL",Dry Non-Food Misc.
526,173364,1791,T-118,Towns County Food Pantry,476993,,FP/GNAP/USDA,FOOD PANTRY-Agency,USDA,N-50-10079,10,0,0,46.8,260,TOWNS,0.18,1/24/2024 15:21,1/24/2024 7:09,Price Code 1,CUSTOMER PICKUP,False,Rabun Warehouse,02,30582.0,Young Harris,USDA WALNUT HALVES AND PIECES,Dry Proteins
526,173364,84,T-118,Towns County Food Pantry,476993,,FP/GNAP/USDA,FOOD PANTRY-Agency,USDA,N-50-10006,20,0,0,97.2,540,TOWNS,0.18,1/24/2024 15:21,1/24/2024 7:09,Price Code 1,CUSTOMER PICKUP,False,Rabun Warehouse,02,30582.0,Young Harris,USDA GREEN BEANS,Dry Vegetables
411,175260,5960,M-103,Mt. Zion Ministries - The Refuge,477889,,FP/USDA,FAITH-BASED-Agency,BLUE RECEIPT-SHL,C-07-10001,93,0,0,16.74,93,TOWNS,0.18,2/7/2024 14:31,2/7/2024 8:26,Price Code 1,CUSTOMER PICKUP,False,Sharing Floor Rabun,02-SH,30546.0,Hiawassee,"DAIRY PRODUCT, ASSORTED SHL",Cooled Dairy
526,181423,1481,T-118,Towns County Food Pantry,484027,,FP/GNAP/USDA,FOOD PANTRY-Agency,USDA,N-50-10105,15,0,0,45.9,255,TOWNS,0.18,5/31/2024 8:00,5/31/2024 7:04,Price Code 1,CUSTOMER PICKUP,False,Rabun Warehouse,02,30582.0,Young Harris,USDA DRIED CHERRIES CCC,Dry Fruits
411,175603,683,M-103,Mt. Zion Ministries - The Refuge,478231,,FP/USDA,FAITH-BASED-Agency,BLUE RECEIPT-SHL,W-16-10001,264,0,0,47.52,264,TOWNS,0.18,2/14/2024 14:31,2/14/2024 8:27,Price Code 1,CUSTOMER PICKUP,False,Sharing Floor Rabun,02-SH,30546.0,Hiawassee,MISC. FOOD BOX SHL,Dry Food Misc.
411,177178,683,M-103,Mt. Zion Ministries - The Refuge,479799,,FP/USDA,FAITH-BASED-Agency,BLUE RECEIPT-SHL,W-16-10001,195,0,0,35.1,195,TOWNS,0.18,3/13/2024 14:31,3/13/2024 8:33,Price Code 1,CUSTOMER PICKUP,False,Sharing Floor Rabun,02-SH,30546.0,Hiawassee,MISC. FOOD BOX SHL,Dry Food Misc.
526,177119,7059,T-118,Towns County Food Pantry,479740,,FP/GNAP/USDA,FOOD PANTRY-Agency,USDA,C-50-10019,24,0,0,43.2,864,TOWNS,0.05,3/13/2024 15:21,3/13/2024 7:25,Price Code 1,CUSTOMER PICKUP,False,Rabun Warehouse,02,30582.0,Young Harris,USDA 2% MILK CCC,Cooled Dairy
