Agency,Time,dist_volume,delta,pct_change
Alto C.H. Church Benevolent- The Grace House,2022-07,0.0,0.0,
Alto C.H. Church Benevolent- The Grace House,2022-08,3712.0,3712.0,inf
Alto C.H. Church Benevolent- The Grace House,2022-09,0.0,-3712.0,-1.0
Alto C.H. Church Benevolent- The Grace House,2022-10,0.0,0.0,0.0
Alto C.H. Church Benevolent- The Grace House,2022-11,3715.0,3715.0,inf
Alto C.H. Church Benevolent- The Grace House,2022-12,0.0,-3715.0,-1.0
Alto C.H. Church Benevolent- The Grace House,2023-01,0.0,0.0,0.0
Alto C.H. Church Benevolent- The Grace House,2023-02,2424.0,2424.0,inf
Alto C.H. Church Benevolent- The Grace House,2023-03,0.0,-2424.0,-1.0
Alto C.H. Church Benevolent- The Grace House,2023-04,0.0,0.0,0.0
Alto C.H. Church Benevolent- The Grace House,2023-05,2053.0,2053.0,inf
Alto C.H. Church Benevolent- The Grace House,2023-06,0.0,-2053.0,-1.0
Alto C.H. Church Benevolent- The Grace House,2023-07,0.0,0.0,0.0
Alto C.H. Church Benevolent- The Grace House,2023-08,5503.0,5503.0,inf
Alto C.H. Church Benevolent- The Grace House,2023-09,0.0,-5503.0,-1.0
Alto C.H. Church Benevolent- The Grace House,2023-10,3941.0,3941.0,inf
Alto C.H. Church Benevolent- The Grace House,2023-11,0.0,-3941.0,-1.0
Alto C.H. Church Benevolent- The Grace House,2023-12,0.0,0.0,0.0
Alto C.H. Church Benevolent- The Grace House,2024-01,0.0,0.0,0.0
Alto C.H. Church Benevolent- The Grace House,2024-02,3387.0,3387.0,inf
Alto C.H. Church Benevolent- The Grace House,2024-03,0.0,-3387.0,-1.0
Alto C.H. Church Benevolent- The Grace House,2024-04,4782.0,4782.0,inf
Alto C.H. Church Benevolent- The Grace House,2024-05,0.0,-4782.0,-1.0
Alto C.H. Church Benevolent- The Grace House,2024-06,0.0,0.0,0.0
Alto C.H. Church Benevolent- The Grace House,2024-07,4874.0,4874.0,inf
Alto C.H. Church Benevolent- The Grace House,2024-08,0.0,-4874.0,-1.0
Alto C.H. Church Benevolent- The Grace House,2024-09,0.0,0.0,0.0
Alto C.H. Church Benevolent- The Grace House,2024-10,0.0,0.0,0.0
Alto C.H. Church Benevolent- The Grace House,2024-11,6361.0,6361.0,inf
Alto C.H. Church Benevolent- The Grace House,2024-12,0.0,-6361.0,-1.0
Alto C.H. Church Benevolent- The Grace House,2025-01,0.0,0.0,0.0
Alto C.H. Church Benevolent- The Grace House,2025-02,0.0,0.0,0.0
Alto C.H. Church Benevolent- The Grace House,2025-03,4976.0,4976.0,inf
Alto C.H. Church Benevolent- The Grace House,2025-04,0.0,-4976.0,-1.0
Alto C.H. Church Benevolent- The Grace House,2025-05,4752.0,4752.0,inf
Alto C.H. Church Benevolent- The Grace House,2025-06,0.0,-4752.0,-1.0
"Banks County Family Connection, Inc.",2022-07,0.0,0.0,
"Banks County Family Connection, Inc.",2022-08,0.0,0.0,0.0
"Banks County Family Connection, Inc.",2022-09,0.0,0.0,0.0
"Banks County Family Connection, Inc.",2022-10,0.0,0.0,0.0
"Banks County Family Connection, Inc.",2022-11,0.0,0.0,0.0
"Banks County Family Connection, Inc.",2022-12,0.0,0.0,0.0
"Banks County Family Connection, Inc.",2023-01,0.0,0.0,0.0
"Banks County Family Connection, Inc.",2023-02,0.0,0.0,0.0
"Banks County Family Connection, Inc.",2023-03,0.0,0.0,0.0
"Banks County Family Connection, Inc.",2023-04,0.0,0.0,0.0
"Banks County Family Connection, Inc.",2023-05,0.0,0.0,0.0
"Banks County Family Connection, Inc.",2023-06,0.0,0.0,0.0
"Banks County Family Connection, Inc.",2023-07,0.0,0.0,0.0
"Banks County Family Connection, Inc.",2023-08,0.0,0.0,0.0
"Banks County Family Connection, Inc.",2023-09,0.0,0.0,0.0
"Banks County Family Connection, Inc.",2023-10,124.0,124.0,inf
"Banks County Family Connection, Inc.",2023-11,226.0,102.0,0.8225806451612904
"Banks County Family Connection, Inc.",2023-12,76.0,-150.0,-0.6637168141592921
"Banks County Family Connection, Inc.",2024-01,624.0,548.0,7.2105263157894735
"Banks County Family Connection, Inc.",2024-02,1189.0,565.0,0.905448717948718
"Banks County Family Connection, Inc.",2024-03,1152.0,-37.0,-0.031118587047939444
"Banks County Family Connection, Inc.",2024-04,436.0,-716.0,-0.6215277777777778
"Banks County Family Connection, Inc.",2024-05,1688.0,1252.0,2.871559633027523
"Banks County Family Connection, Inc.",2024-06,0.0,-1688.0,-1.0
"Banks County Family Connection, Inc.",2024-07,0.0,0.0,0.0
"Banks County Family Connection, Inc.",2024-08,562.0,562.0,inf
"Banks County Family Connection, Inc.",2024-09,8186.0,7624.0,13.565836298932384
"Banks County Family Connection, Inc.",2024-10,10050.0,1864.0,0.22770583923772295
"Banks County Family Connection, Inc.",2024-11,8784.0,-1266.0,-0.12597014925373134
"Banks County Family Connection, Inc.",2024-12,14821.0,6037.0,0.6872723132969034
"Banks County Family Connection, Inc.",2025-01,509.0,-14312.0,-0.9656568382700222
"Banks County Family Connection, Inc.",2025-02,1234.0,725.0,1.424361493123772
"Banks County Family Connection, Inc.",2025-03,806.0,-428.0,-0.34683954619124796
"Banks County Family Connection, Inc.",2025-04,983.0,177.0,0.2196029776674938
"Banks County Family Connection, Inc.",2025-05,557.0,-426.0,-0.4333672431332655
"Banks County Family Connection, Inc.",2025-06,0.0,-557.0,-1.0
Banks: Homer UMC Senior Staples Program,2022-07,2342.0,0.0,
Banks: Homer UMC Senior Staples Program,2022-08,1038.0,-1304.0,-0.5567890691716482
Banks: Homer UMC Senior Staples Program,2022-09,0.0,-1038.0,-1.0
Banks: Homer UMC Senior Staples Program,2022-10,2250.0,2250.0,inf
Banks: Homer UMC Senior Staples Program,2022-11,1140.0,-1110.0,-0.49333333333333335
Banks: Homer UMC Senior Staples Program,2022-12,0.0,-1140.0,-1.0
Banks: Homer UMC Senior Staples Program,2023-01,1014.0,1014.0,inf
Banks: Homer UMC Senior Staples Program,2023-02,900.0,-114.0,-0.11242603550295859
Banks: Homer UMC Senior Staples Program,2023-03,216.0,-684.0,-0.76
Banks: Homer UMC Senior Staples Program,2023-04,1981.0,1765.0,8.171296296296296
Banks: Homer UMC Senior Staples Program,2023-05,0.0,-1981.0,-1.0
Banks: Homer UMC Senior Staples Program,2023-06,0.0,0.0,0.0
Banks: Homer UMC Senior Staples Program,2023-07,1598.0,1598.0,inf
Banks: Homer UMC Senior Staples Program,2023-08,0.0,-1598.0,-1.0
Banks: Homer UMC Senior Staples Program,2023-09,0.0,0.0,0.0
Banks: Homer UMC Senior Staples Program,2023-10,0.0,0.0,0.0
Banks: Homer UMC Senior Staples Program,2023-11,0.0,0.0,0.0
Banks: Homer UMC Senior Staples Program,2023-12,262.0,262.0,inf
Banks: Homer UMC Senior Staples Program,2024-01,166.0,-96.0,-0.366412213740458
Banks: Homer UMC Senior Staples Program,2024-02,0.0,-166.0,-1.0
Banks: Homer UMC Senior Staples Program,2024-03,0.0,0.0,0.0
Banks: Homer UMC Senior Staples Program,2024-04,0.0,0.0,0.0
Banks: Homer UMC Senior Staples Program,2024-05,0.0,0.0,0.0
Banks: Homer UMC Senior Staples Program,2024-06,0.0,0.0,0.0
Banks: Homer UMC Senior Staples Program,2024-07,0.0,0.0,0.0
Banks: Homer UMC Senior Staples Program,2024-08,0.0,0.0,0.0
Banks: Homer UMC Senior Staples Program,2024-09,0.0,0.0,0.0
Banks: Homer UMC Senior Staples Program,2024-10,0.0,0.0,0.0
Banks: Homer UMC Senior Staples Program,2024-11,0.0,0.0,0.0
Banks: Homer UMC Senior Staples Program,2024-12,0.0,0.0,0.0
Banks: Homer UMC Senior Staples Program,2025-01,0.0,0.0,0.0
Banks: Homer UMC Senior Staples Program,2025-02,0.0,0.0,0.0
Banks: Homer UMC Senior Staples Program,2025-03,0.0,0.0,0.0
Banks: Homer UMC Senior Staples Program,2025-04,0.0,0.0,0.0
Banks: Homer UMC Senior Staples Program,2025-05,0.0,0.0,0.0
Banks: Homer UMC Senior Staples Program,2025-06,0.0,0.0,0.0
DECAL Grant Banks Elementary School  ,2022-07,0.0,0.0,
DECAL Grant Banks Elementary School  ,2022-08,0.0,0.0,0.0
DECAL Grant Banks Elementary School  ,2022-09,0.0,0.0,0.0
DECAL Grant Banks Elementary School  ,2022-10,0.0,0.0,0.0
DECAL Grant Banks Elementary School  ,2022-11,0.0,0.0,0.0
DECAL Grant Banks Elementary School  ,2022-12,0.0,0.0,0.0
DECAL Grant Banks Elementary School  ,2023-01,0.0,0.0,0.0
DECAL Grant Banks Elementary School  ,2023-02,0.0,0.0,0.0
DECAL Grant Banks Elementary School  ,2023-03,0.0,0.0,0.0
DECAL Grant Banks Elementary School  ,2023-04,0.0,0.0,0.0
DECAL Grant Banks Elementary School  ,2023-05,0.0,0.0,0.0
DECAL Grant Banks Elementary School  ,2023-06,0.0,0.0,0.0
DECAL Grant Banks Elementary School  ,2023-07,0.0,0.0,0.0
DECAL Grant Banks Elementary School  ,2023-08,0.0,0.0,0.0
DECAL Grant Banks Elementary School  ,2023-09,0.0,0.0,0.0
DECAL Grant Banks Elementary School  ,2023-10,0.0,0.0,0.0
DECAL Grant Banks Elementary School  ,2023-11,0.0,0.0,0.0
DECAL Grant Banks Elementary School  ,2023-12,0.0,0.0,0.0
DECAL Grant Banks Elementary School  ,2024-01,0.0,0.0,0.0
DECAL Grant Banks Elementary School  ,2024-02,0.0,0.0,0.0
DECAL Grant Banks Elementary School  ,2024-03,0.0,0.0,0.0
DECAL Grant Banks Elementary School  ,2024-04,0.0,0.0,0.0
DECAL Grant Banks Elementary School  ,2024-05,0.0,0.0,0.0
DECAL Grant Banks Elementary School  ,2024-06,0.0,0.0,0.0
DECAL Grant Banks Elementary School  ,2024-07,0.0,0.0,0.0
DECAL Grant Banks Elementary School  ,2024-08,3262.0,3262.0,inf
DECAL Grant Banks Elementary School  ,2024-09,699.0,-2563.0,-0.7857142857142857
DECAL Grant Banks Elementary School  ,2024-10,0.0,-699.0,-1.0
DECAL Grant Banks Elementary School  ,2024-11,1345.0,1345.0,inf
DECAL Grant Banks Elementary School  ,2024-12,988.0,-357.0,-0.2654275092936803
DECAL Grant Banks Elementary School  ,2025-01,1280.0,292.0,0.29554655870445345
DECAL Grant Banks Elementary School  ,2025-02,932.0,-348.0,-0.271875
DECAL Grant Banks Elementary School  ,2025-03,1732.0,800.0,0.8583690987124464
DECAL Grant Banks Elementary School  ,2025-04,1367.0,-365.0,-0.2107390300230947
DECAL Grant Banks Elementary School  ,2025-05,1049.0,-318.0,-0.232626188734455
DECAL Grant Banks Elementary School  ,2025-06,0.0,-1049.0,-1.0
DECAL Grant Banks Head Start,2022-07,0.0,0.0,
DECAL Grant Banks Head Start,2022-08,0.0,0.0,0.0
DECAL Grant Banks Head Start,2022-09,0.0,0.0,0.0
DECAL Grant Banks Head Start,2022-10,0.0,0.0,0.0
DECAL Grant Banks Head Start,2022-11,0.0,0.0,0.0
DECAL Grant Banks Head Start,2022-12,0.0,0.0,0.0
DECAL Grant Banks Head Start,2023-01,0.0,0.0,0.0
DECAL Grant Banks Head Start,2023-02,0.0,0.0,0.0
DECAL Grant Banks Head Start,2023-03,0.0,0.0,0.0
DECAL Grant Banks Head Start,2023-04,0.0,0.0,0.0
DECAL Grant Banks Head Start,2023-05,0.0,0.0,0.0
DECAL Grant Banks Head Start,2023-06,0.0,0.0,0.0
DECAL Grant Banks Head Start,2023-07,0.0,0.0,0.0
DECAL Grant Banks Head Start,2023-08,0.0,0.0,0.0
DECAL Grant Banks Head Start,2023-09,0.0,0.0,0.0
DECAL Grant Banks Head Start,2023-10,0.0,0.0,0.0
DECAL Grant Banks Head Start,2023-11,0.0,0.0,0.0
DECAL Grant Banks Head Start,2023-12,0.0,0.0,0.0
DECAL Grant Banks Head Start,2024-01,0.0,0.0,0.0
DECAL Grant Banks Head Start,2024-02,0.0,0.0,0.0
DECAL Grant Banks Head Start,2024-03,0.0,0.0,0.0
DECAL Grant Banks Head Start,2024-04,0.0,0.0,0.0
DECAL Grant Banks Head Start,2024-05,0.0,0.0,0.0
DECAL Grant Banks Head Start,2024-06,0.0,0.0,0.0
DECAL Grant Banks Head Start,2024-07,0.0,0.0,0.0
DECAL Grant Banks Head Start,2024-08,410.0,410.0,inf
DECAL Grant Banks Head Start,2024-09,1398.0,988.0,2.4097560975609755
DECAL Grant Banks Head Start,2024-10,658.0,-740.0,-0.5293276108726752
DECAL Grant Banks Head Start,2024-11,1380.0,722.0,1.0972644376899696
DECAL Grant Banks Head Start,2024-12,988.0,-392.0,-0.28405797101449276
DECAL Grant Banks Head Start,2025-01,1318.0,330.0,0.3340080971659919
DECAL Grant Banks Head Start,2025-02,1538.0,220.0,0.1669195751138088
DECAL Grant Banks Head Start,2025-03,1705.0,167.0,0.10858257477243173
DECAL Grant Banks Head Start,2025-04,1219.0,-486.0,-0.2850439882697947
DECAL Grant Banks Head Start,2025-05,1523.0,304.0,0.24938474159146842
DECAL Grant Banks Head Start,2025-06,0.0,-1523.0,-1.0
DECAL Grant Banks High School,2022-07,0.0,0.0,
DECAL Grant Banks High School,2022-08,0.0,0.0,0.0
DECAL Grant Banks High School,2022-09,0.0,0.0,0.0
DECAL Grant Banks High School,2022-10,0.0,0.0,0.0
DECAL Grant Banks High School,2022-11,0.0,0.0,0.0
DECAL Grant Banks High School,2022-12,0.0,0.0,0.0
DECAL Grant Banks High School,2023-01,0.0,0.0,0.0
DECAL Grant Banks High School,2023-02,0.0,0.0,0.0
DECAL Grant Banks High School,2023-03,0.0,0.0,0.0
DECAL Grant Banks High School,2023-04,0.0,0.0,0.0
DECAL Grant Banks High School,2023-05,0.0,0.0,0.0
DECAL Grant Banks High School,2023-06,0.0,0.0,0.0
DECAL Grant Banks High School,2023-07,0.0,0.0,0.0
DECAL Grant Banks High School,2023-08,0.0,0.0,0.0
DECAL Grant Banks High School,2023-09,0.0,0.0,0.0
DECAL Grant Banks High School,2023-10,0.0,0.0,0.0
DECAL Grant Banks High School,2023-11,0.0,0.0,0.0
DECAL Grant Banks High School,2023-12,0.0,0.0,0.0
DECAL Grant Banks High School,2024-01,0.0,0.0,0.0
DECAL Grant Banks High School,2024-02,0.0,0.0,0.0
DECAL Grant Banks High School,2024-03,0.0,0.0,0.0
DECAL Grant Banks High School,2024-04,0.0,0.0,0.0
DECAL Grant Banks High School,2024-05,0.0,0.0,0.0
DECAL Grant Banks High School,2024-06,0.0,0.0,0.0
DECAL Grant Banks High School,2024-07,0.0,0.0,0.0
DECAL Grant Banks High School,2024-08,3262.0,3262.0,inf
DECAL Grant Banks High School,2024-09,887.0,-2375.0,-0.7280809319435929
DECAL Grant Banks High School,2024-10,0.0,-887.0,-1.0
DECAL Grant Banks High School,2024-11,1303.0,1303.0,inf
DECAL Grant Banks High School,2024-12,892.0,-411.0,-0.31542594013814274
DECAL Grant Banks High School,2025-01,1280.0,388.0,0.4349775784753363
DECAL Grant Banks High School,2025-02,1389.0,109.0,0.08515625
DECAL Grant Banks High School,2025-03,1732.0,343.0,0.24694024478041757
DECAL Grant Banks High School,2025-04,1357.0,-375.0,-0.21651270207852194
DECAL Grant Banks High School,2025-05,2918.0,1561.0,1.15033161385409
DECAL Grant Banks High School,2025-06,0.0,-2918.0,-1.0
DECAL Grant Banks Primary School,2022-07,0.0,0.0,
DECAL Grant Banks Primary School,2022-08,0.0,0.0,0.0
DECAL Grant Banks Primary School,2022-09,0.0,0.0,0.0
DECAL Grant Banks Primary School,2022-10,0.0,0.0,0.0
DECAL Grant Banks Primary School,2022-11,0.0,0.0,0.0
DECAL Grant Banks Primary School,2022-12,0.0,0.0,0.0
DECAL Grant Banks Primary School,2023-01,0.0,0.0,0.0
DECAL Grant Banks Primary School,2023-02,0.0,0.0,0.0
DECAL Grant Banks Primary School,2023-03,0.0,0.0,0.0
DECAL Grant Banks Primary School,2023-04,0.0,0.0,0.0
DECAL Grant Banks Primary School,2023-05,0.0,0.0,0.0
DECAL Grant Banks Primary School,2023-06,0.0,0.0,0.0
DECAL Grant Banks Primary School,2023-07,0.0,0.0,0.0
DECAL Grant Banks Primary School,2023-08,0.0,0.0,0.0
DECAL Grant Banks Primary School,2023-09,0.0,0.0,0.0
DECAL Grant Banks Primary School,2023-10,0.0,0.0,0.0
DECAL Grant Banks Primary School,2023-11,0.0,0.0,0.0
DECAL Grant Banks Primary School,2023-12,0.0,0.0,0.0
DECAL Grant Banks Primary School,2024-01,0.0,0.0,0.0
DECAL Grant Banks Primary School,2024-02,0.0,0.0,0.0
DECAL Grant Banks Primary School,2024-03,0.0,0.0,0.0
DECAL Grant Banks Primary School,2024-04,0.0,0.0,0.0
DECAL Grant Banks Primary School,2024-05,0.0,0.0,0.0
DECAL Grant Banks Primary School,2024-06,0.0,0.0,0.0
DECAL Grant Banks Primary School,2024-07,0.0,0.0,0.0
DECAL Grant Banks Primary School,2024-08,3262.0,3262.0,inf
DECAL Grant Banks Primary School,2024-09,887.0,-2375.0,-0.7280809319435929
DECAL Grant Banks Primary School,2024-10,0.0,-887.0,-1.0
DECAL Grant Banks Primary School,2024-11,1303.0,1303.0,inf
DECAL Grant Banks Primary School,2024-12,1015.0,-288.0,-0.2210283960092095
DECAL Grant Banks Primary School,2025-01,1280.0,265.0,0.26108374384236455
DECAL Grant Banks Primary School,2025-02,1538.0,258.0,0.2015625
DECAL Grant Banks Primary School,2025-03,1722.0,184.0,0.11963589076723016
DECAL Grant Banks Primary School,2025-04,1568.0,-154.0,-0.08943089430894309
DECAL Grant Banks Primary School,2025-05,2090.0,522.0,0.33290816326530615
DECAL Grant Banks Primary School,2025-06,0.0,-2090.0,-1.0
Damascus Baptist Church,2022-07,707.0,0.0,
Damascus Baptist Church,2022-08,1412.0,705.0,0.9971711456859972
Damascus Baptist Church,2022-09,1431.0,19.0,0.013456090651558074
Damascus Baptist Church,2022-10,2059.0,628.0,0.4388539482879106
Damascus Baptist Church,2022-11,1819.0,-240.0,-0.11656143759106362
Damascus Baptist Church,2022-12,1349.0,-470.0,-0.25838372732270476
Damascus Baptist Church,2023-01,1353.0,4.0,0.0029651593773165306
Damascus Baptist Church,2023-02,524.0,-829.0,-0.6127124907612712
Damascus Baptist Church,2023-03,1200.0,676.0,1.2900763358778626
Damascus Baptist Church,2023-04,774.0,-426.0,-0.355
Damascus Baptist Church,2023-05,412.0,-362.0,-0.46770025839793283
Damascus Baptist Church,2023-06,967.0,555.0,1.3470873786407767
Damascus Baptist Church,2023-07,1045.0,78.0,0.08066184074457083
Damascus Baptist Church,2023-08,785.0,-260.0,-0.24880382775119617
Damascus Baptist Church,2023-09,1174.0,389.0,0.49554140127388535
Damascus Baptist Church,2023-10,884.0,-290.0,-0.24701873935264054
Damascus Baptist Church,2023-11,1316.0,432.0,0.48868778280542985
Damascus Baptist Church,2023-12,1414.0,98.0,0.07446808510638298
Damascus Baptist Church,2024-01,1120.0,-294.0,-0.2079207920792079
Damascus Baptist Church,2024-02,1449.0,329.0,0.29375
Damascus Baptist Church,2024-03,1533.0,84.0,0.057971014492753624
Damascus Baptist Church,2024-04,963.0,-570.0,-0.37181996086105673
Damascus Baptist Church,2024-05,3053.0,2090.0,2.1703011422637593
Damascus Baptist Church,2024-06,1505.0,-1548.0,-0.5070422535211268
Damascus Baptist Church,2024-07,1416.0,-89.0,-0.05913621262458472
Damascus Baptist Church,2024-08,1666.0,250.0,0.1765536723163842
Damascus Baptist Church,2024-09,1531.0,-135.0,-0.08103241296518607
Damascus Baptist Church,2024-10,2652.0,1121.0,0.7322011757021555
Damascus Baptist Church,2024-11,1933.0,-719.0,-0.27111613876319757
Damascus Baptist Church,2024-12,2690.0,757.0,0.3916192446973616
Damascus Baptist Church,2025-01,0.0,-2690.0,-1.0
Damascus Baptist Church,2025-02,540.0,540.0,inf
Damascus Baptist Church,2025-03,2034.0,1494.0,2.7666666666666666
Damascus Baptist Church,2025-04,1462.0,-572.0,-0.28121927236971483
Damascus Baptist Church,2025-05,923.0,-539.0,-0.3686730506155951
Damascus Baptist Church,2025-06,1620.0,697.0,0.7551462621885157
Food 2 Kids Banks County,2022-07,0.0,0.0,
Food 2 Kids Banks County,2022-08,6000.0,6000.0,inf
Food 2 Kids Banks County,2022-09,0.0,-6000.0,-1.0
Food 2 Kids Banks County,2022-10,2490.0,2490.0,inf
Food 2 Kids Banks County,2022-11,2425.0,-65.0,-0.02610441767068273
Food 2 Kids Banks County,2022-12,3250.0,825.0,0.3402061855670103
Food 2 Kids Banks County,2023-01,1950.0,-1300.0,-0.4
Food 2 Kids Banks County,2023-02,2600.0,650.0,0.3333333333333333
Food 2 Kids Banks County,2023-03,2600.0,0.0,0.0
Food 2 Kids Banks County,2023-04,3900.0,1300.0,0.5
Food 2 Kids Banks County,2023-05,1950.0,-1950.0,-0.5
Food 2 Kids Banks County,2023-06,2600.0,650.0,0.3333333333333333
Food 2 Kids Banks County,2023-07,0.0,-2600.0,-1.0
Food 2 Kids Banks County,2023-08,0.0,0.0,0.0
Food 2 Kids Banks County,2023-09,16946.0,16946.0,inf
Food 2 Kids Banks County,2023-10,10244.0,-6702.0,-0.3954915614304261
Food 2 Kids Banks County,2023-11,20768.0,10524.0,1.0273330730183523
Food 2 Kids Banks County,2023-12,14862.0,-5906.0,-0.2843798151001541
Food 2 Kids Banks County,2024-01,21948.0,7086.0,0.47678643520387565
Food 2 Kids Banks County,2024-02,17153.0,-4795.0,-0.21847093129214507
Food 2 Kids Banks County,2024-03,18059.0,906.0,0.05281874890689675
Food 2 Kids Banks County,2024-04,14334.0,-3725.0,-0.20626834265463204
Food 2 Kids Banks County,2024-05,8707.0,-5627.0,-0.3925631365982978
Food 2 Kids Banks County,2024-06,20145.5,11438.5,1.3137131043987595
Food 2 Kids Banks County,2024-07,24772.0,4626.5,0.2296542652205207
Food 2 Kids Banks County,2024-08,26179.0,1407.0,0.056797997739383176
Food 2 Kids Banks County,2024-09,0.0,-26179.0,-1.0
Food 2 Kids Banks County,2024-10,0.0,0.0,0.0
Food 2 Kids Banks County,2024-11,0.0,0.0,0.0
Food 2 Kids Banks County,2024-12,0.0,0.0,0.0
Food 2 Kids Banks County,2025-01,0.0,0.0,0.0
Food 2 Kids Banks County,2025-02,0.0,0.0,0.0
Food 2 Kids Banks County,2025-03,0.0,0.0,0.0
Food 2 Kids Banks County,2025-04,0.0,0.0,0.0
Food 2 Kids Banks County,2025-05,10043.0,10043.0,inf
Food 2 Kids Banks County,2025-06,35172.0,25129.0,2.502140794583292
"Get Real Ministries, Inc.",2022-07,7936.0,0.0,
"Get Real Ministries, Inc.",2022-08,8563.0,627.0,0.0790070564516129
"Get Real Ministries, Inc.",2022-09,9283.0,720.0,0.08408268130328156
"Get Real Ministries, Inc.",2022-10,8264.0,-1019.0,-0.10977054831412258
"Get Real Ministries, Inc.",2022-11,7810.0,-454.0,-0.054937076476282674
"Get Real Ministries, Inc.",2022-12,7849.0,39.0,0.00499359795134443
"Get Real Ministries, Inc.",2023-01,6081.0,-1768.0,-0.22525162441075297
"Get Real Ministries, Inc.",2023-02,7715.0,1634.0,0.26870580496628843
"Get Real Ministries, Inc.",2023-03,4256.0,-3459.0,-0.44834737524303303
"Get Real Ministries, Inc.",2023-04,7426.0,3170.0,0.7448308270676691
"Get Real Ministries, Inc.",2023-05,8168.0,742.0,0.09991920280096957
"Get Real Ministries, Inc.",2023-06,6349.0,-1819.0,-0.2226983349657199
"Get Real Ministries, Inc.",2023-07,5494.0,-855.0,-0.1346668766734919
"Get Real Ministries, Inc.",2023-08,5752.0,258.0,0.04696032034947215
"Get Real Ministries, Inc.",2023-09,6677.0,925.0,0.1608136300417246
"Get Real Ministries, Inc.",2023-10,9061.0,2384.0,0.3570465778044032
"Get Real Ministries, Inc.",2023-11,4304.0,-4757.0,-0.5249972409226354
"Get Real Ministries, Inc.",2023-12,6328.0,2024.0,0.47026022304832715
"Get Real Ministries, Inc.",2024-01,4014.0,-2314.0,-0.3656763590391909
"Get Real Ministries, Inc.",2024-02,8290.0,4276.0,1.0652715495764824
"Get Real Ministries, Inc.",2024-03,8698.0,408.0,0.04921592279855247
"Get Real Ministries, Inc.",2024-04,8027.0,-671.0,-0.07714417107381007
"Get Real Ministries, Inc.",2024-05,8099.0,72.0,0.008969727170798554
"Get Real Ministries, Inc.",2024-06,3058.0,-5041.0,-0.6224225212989258
"Get Real Ministries, Inc.",2024-07,8318.0,5260.0,1.7200784826684108
"Get Real Ministries, Inc.",2024-08,8012.0,-306.0,-0.036787689348401056
"Get Real Ministries, Inc.",2024-09,6981.0,-1031.0,-0.12868197703444834
"Get Real Ministries, Inc.",2024-10,4133.0,-2848.0,-0.40796447500358113
"Get Real Ministries, Inc.",2024-11,7065.0,2932.0,0.7094120493588193
"Get Real Ministries, Inc.",2024-12,6012.0,-1053.0,-0.14904458598726114
"Get Real Ministries, Inc.",2025-01,3386.0,-2626.0,-0.43679308050565535
"Get Real Ministries, Inc.",2025-02,6340.0,2954.0,0.8724158298877732
"Get Real Ministries, Inc.",2025-03,10807.0,4467.0,0.7045741324921135
"Get Real Ministries, Inc.",2025-04,7604.0,-3203.0,-0.29638197464606275
"Get Real Ministries, Inc.",2025-05,6246.0,-1358.0,-0.17859021567596003
"Get Real Ministries, Inc.",2025-06,8025.0,1779.0,0.28482228626320844
Gillsville Baptist Church INC,2022-07,0.0,0.0,
Gillsville Baptist Church INC,2022-08,0.0,0.0,0.0
Gillsville Baptist Church INC,2022-09,0.0,0.0,0.0
Gillsville Baptist Church INC,2022-10,0.0,0.0,0.0
Gillsville Baptist Church INC,2022-11,0.0,0.0,0.0
Gillsville Baptist Church INC,2022-12,0.0,0.0,0.0
Gillsville Baptist Church INC,2023-01,0.0,0.0,0.0
Gillsville Baptist Church INC,2023-02,222.0,222.0,inf
Gillsville Baptist Church INC,2023-03,558.0,336.0,1.5135135135135136
Gillsville Baptist Church INC,2023-04,316.0,-242.0,-0.4336917562724014
Gillsville Baptist Church INC,2023-05,0.0,-316.0,-1.0
Gillsville Baptist Church INC,2023-06,613.0,613.0,inf
Gillsville Baptist Church INC,2023-07,6975.0,6362.0,10.378466557911908
Gillsville Baptist Church INC,2023-08,322.0,-6653.0,-0.9538351254480286
Gillsville Baptist Church INC,2023-09,10422.0,10100.0,31.366459627329192
Gillsville Baptist Church INC,2023-10,1259.0,-9163.0,-0.8791978507004413
Gillsville Baptist Church INC,2023-11,565.0,-694.0,-0.551231135822081
Gillsville Baptist Church INC,2023-12,12647.0,12082.0,21.384070796460176
Gillsville Baptist Church INC,2024-01,0.0,-12647.0,-1.0
Gillsville Baptist Church INC,2024-02,0.0,0.0,0.0
Gillsville Baptist Church INC,2024-03,2423.0,2423.0,inf
Gillsville Baptist Church INC,2024-04,0.0,-2423.0,-1.0
Gillsville Baptist Church INC,2024-05,988.0,988.0,inf
Gillsville Baptist Church INC,2024-06,1456.0,468.0,0.47368421052631576
Gillsville Baptist Church INC,2024-07,10779.0,9323.0,6.40315934065934
Gillsville Baptist Church INC,2024-08,0.0,-10779.0,-1.0
Gillsville Baptist Church INC,2024-09,2074.0,2074.0,inf
Gillsville Baptist Church INC,2024-10,5183.0,3109.0,1.4990356798457087
Gillsville Baptist Church INC,2024-11,5377.0,194.0,0.03743005981092032
Gillsville Baptist Church INC,2024-12,6591.0,1214.0,0.22577645527245677
Gillsville Baptist Church INC,2025-01,0.0,-6591.0,-1.0
Gillsville Baptist Church INC,2025-02,0.0,0.0,0.0
Gillsville Baptist Church INC,2025-03,2414.0,2414.0,inf
Gillsville Baptist Church INC,2025-04,3113.0,699.0,0.2895608947804474
Gillsville Baptist Church INC,2025-05,0.0,-3113.0,-1.0
Gillsville Baptist Church INC,2025-06,0.0,0.0,0.0
"Homer Methodist Church, Inc.",2022-07,3286.0,0.0,
"Homer Methodist Church, Inc.",2022-08,1805.0,-1481.0,-0.4506999391357273
"Homer Methodist Church, Inc.",2022-09,2634.0,829.0,0.4592797783933518
"Homer Methodist Church, Inc.",2022-10,2098.0,-536.0,-0.2034927866362946
"Homer Methodist Church, Inc.",2022-11,3170.0,1072.0,0.5109628217349858
"Homer Methodist Church, Inc.",2022-12,1940.0,-1230.0,-0.38801261829652994
"Homer Methodist Church, Inc.",2023-01,4360.0,2420.0,1.2474226804123711
"Homer Methodist Church, Inc.",2023-02,1685.0,-2675.0,-0.6135321100917431
"Homer Methodist Church, Inc.",2023-03,1728.0,43.0,0.025519287833827894
"Homer Methodist Church, Inc.",2023-04,1445.0,-283.0,-0.16377314814814814
"Homer Methodist Church, Inc.",2023-05,1488.0,43.0,0.02975778546712803
"Homer Methodist Church, Inc.",2023-06,1398.0,-90.0,-0.06048387096774194
"Homer Methodist Church, Inc.",2023-07,2105.0,707.0,0.505722460658083
"Homer Methodist Church, Inc.",2023-08,2704.0,599.0,0.2845605700712589
"Homer Methodist Church, Inc.",2023-09,2318.0,-386.0,-0.14275147928994084
"Homer Methodist Church, Inc.",2023-10,2677.0,359.0,0.1548748921484038
"Homer Methodist Church, Inc.",2023-11,1459.0,-1218.0,-0.45498692566305565
"Homer Methodist Church, Inc.",2023-12,723.0,-736.0,-0.5044551062371487
"Homer Methodist Church, Inc.",2024-01,2626.0,1903.0,2.632088520055325
"Homer Methodist Church, Inc.",2024-02,4183.0,1557.0,0.5929169840060929
"Homer Methodist Church, Inc.",2024-03,3759.0,-424.0,-0.10136265837915372
"Homer Methodist Church, Inc.",2024-04,3623.0,-136.0,-0.036179835062516624
"Homer Methodist Church, Inc.",2024-05,3871.0,248.0,0.06845155948109302
"Homer Methodist Church, Inc.",2024-06,3713.0,-158.0,-0.04081632653061224
"Homer Methodist Church, Inc.",2024-07,1959.0,-1754.0,-0.4723942903312685
"Homer Methodist Church, Inc.",2024-08,4106.0,2147.0,1.0959673302705462
"Homer Methodist Church, Inc.",2024-09,3965.0,-141.0,-0.034339990258158794
"Homer Methodist Church, Inc.",2024-10,3756.0,-209.0,-0.05271122320302648
"Homer Methodist Church, Inc.",2024-11,4947.0,1191.0,0.3170926517571885
"Homer Methodist Church, Inc.",2024-12,6102.0,1155.0,0.23347483323226198
"Homer Methodist Church, Inc.",2025-01,5711.0,-391.0,-0.06407735168797116
"Homer Methodist Church, Inc.",2025-02,5772.0,61.0,0.01068114165645246
"Homer Methodist Church, Inc.",2025-03,5357.0,-415.0,-0.0718988218988219
"Homer Methodist Church, Inc.",2025-04,6349.0,992.0,0.18517827142057122
"Homer Methodist Church, Inc.",2025-05,5291.0,-1058.0,-0.16664041581351394
"Homer Methodist Church, Inc.",2025-06,3560.0,-1731.0,-0.32715932715932716
New Life Fellowship,2022-07,1480.0,0.0,
New Life Fellowship,2022-08,993.0,-487.0,-0.3290540540540541
New Life Fellowship,2022-09,1347.0,354.0,0.3564954682779456
New Life Fellowship,2022-10,1432.0,85.0,0.06310319227913883
New Life Fellowship,2022-11,885.0,-547.0,-0.3819832402234637
New Life Fellowship,2022-12,327.0,-558.0,-0.6305084745762712
New Life Fellowship,2023-01,1411.0,1084.0,3.314984709480122
New Life Fellowship,2023-02,1230.0,-181.0,-0.12827781715095676
New Life Fellowship,2023-03,1197.0,-33.0,-0.026829268292682926
New Life Fellowship,2023-04,0.0,-1197.0,-1.0
New Life Fellowship,2023-05,2143.0,2143.0,inf
New Life Fellowship,2023-06,855.0,-1288.0,-0.6010265982267848
New Life Fellowship,2023-07,1428.0,573.0,0.6701754385964912
New Life Fellowship,2023-08,991.0,-437.0,-0.30602240896358546
New Life Fellowship,2023-09,368.0,-623.0,-0.6286579212916246
New Life Fellowship,2023-10,1201.0,833.0,2.2635869565217392
New Life Fellowship,2023-11,1465.0,264.0,0.21981681931723562
New Life Fellowship,2023-12,751.0,-714.0,-0.48737201365187716
New Life Fellowship,2024-01,2237.0,1486.0,1.9786950732356858
New Life Fellowship,2024-02,1062.0,-1175.0,-0.5252570406794814
New Life Fellowship,2024-03,489.0,-573.0,-0.53954802259887
New Life Fellowship,2024-04,1187.0,698.0,1.427402862985685
New Life Fellowship,2024-05,935.0,-252.0,-0.21229991575400167
New Life Fellowship,2024-06,683.0,-252.0,-0.2695187165775401
New Life Fellowship,2024-07,842.0,159.0,0.232796486090776
New Life Fellowship,2024-08,895.0,53.0,0.06294536817102138
New Life Fellowship,2024-09,643.0,-252.0,-0.28156424581005585
New Life Fellowship,2024-10,1805.0,1162.0,1.807153965785381
New Life Fellowship,2024-11,422.0,-1383.0,-0.7662049861495844
New Life Fellowship,2024-12,1115.0,693.0,1.6421800947867298
New Life Fellowship,2025-01,660.0,-455.0,-0.4080717488789238
New Life Fellowship,2025-02,457.0,-203.0,-0.30757575757575756
New Life Fellowship,2025-03,864.0,407.0,0.8905908096280087
New Life Fellowship,2025-04,921.0,57.0,0.06597222222222222
New Life Fellowship,2025-05,500.0,-421.0,-0.4571118349619978
New Life Fellowship,2025-06,855.0,355.0,0.71
