Product Name,Food Category
USDA PECAN PIECES,Proteins
"MEAT & SEAFOOD, FROZEN SHL",Proteins
USDA FROZEN PEACHES CCC,Fruits
"BREAD & BAKERY, ASSORTED SHL",Grains
"USDA LIGHT RED KIDNEY BEANS, LOW SODIUM",Proteins
"ASSORTED SNACK ITEMS, SHL",Food Misc.
GNAP CHUNK CHICKEN,Proteins
USDA WALNUT HALVES AND PIECES,Proteins
"COOLER FOOD, MISC. SHL",Food Misc.
"USDA MILD CHEDDAR CHEESE, BLOCK CCC",Dairy
LIPTON DIET GREEN CITRUS TEA,Beverages
"ASSORTED SNACK ITEMS, LL",Food Misc.
"USDA CORN, WHOLE KERNEL NO SALT",Vegetables
GNAP MINI BEEF RAVIOLI,Prepared Meals
USDA FROZEN BLUEBERRIES CCC,Fruits
"CRUNCHY PEANUT BUTTER, MEIJER",Proteins
"PRODUCE, SHL RETAIL PICKUPS",Mixed Produce
USDA SPAGHETTI,Grains
USDA LIGHT RED KIDNEY BEANS 24/1LB,Proteins
"MISC. FOOD BOX, SHL RETAIL PICKUP",Food Misc.
USDA FROZEN STRAWBERRY FRUIT CUPS,Fruits
MISC. FOOD BOX SHL,Food Misc.
USDA APPLE JUICE,Beverages
"ASSORTED NON-FOOD ITEMS, SHL",Non-Food Misc.
PURE LEAF SWEET TEA,Beverages
USDA APPLESAUCE,Fruits
DR PEPPER STRAWBERRIES & CREAM,Beverages
USDA CATFISH FILLETS CCC,Proteins
USDA RICE,Grains
MISC. FOOD BOX LL,Food Misc.
GNAP BEEF LASAGNA,Prepared Meals
USDA APPLES,Fruits
GNAP APPLE SAUCE,Fruits
USDA FRESH ORANGES,Fruits
USDA RED FAT AMERICAN CHEESE CCC,Dairy
GNAP MACARONI O'S W/ BEEF - EZ OPEN,Prepared Meals
USDA ALASKAN POLLACK FISH FILLETS,Proteins
GNAP RICE KRISPIES CEREAL BOWLS,Grains
USDA 2% MILK CCC,Dairy
GEORGIA PEANUTS,Proteins
"GNAP BI-COLOR SWEET CORN, FRESH",Vegetables
POTATOES,Potatoes
USDA DRY NAVY BEANS CCC,Proteins
USDA GREEN BEANS,Vegetables
"ASSORTED BEVERAGES, SHL",Beverages
"DAIRY PRODUCTS, SHL RETAIL PICKUPS",Dairy
USDA TOMATO SAUCE,Vegetables
USDA DRIED CHERRIES CCC,Fruits
YUKON GOLD POTATOES,Potatoes
USDA FULLY COOKED PULLED PORK CCC,Proteins
USDA CANNED COLLARD GREENS CCC,Vegetables
USDA CANNED SALMON,Proteins
USDA RAISINS,Fruits
"PRODUCE, FRESH SHL",Mixed Produce
USDA DICED TOMATOES NO SALT CCC,Vegetables
USDA FROZEN STRAWBERRIES CCC,Fruits
"TAPIOCA PUDDING, BEST CHOICE",Food Misc.
GNAP DELUXE SHELLS & CHEESE,Prepared Meals
"COOLER FOOD MISC., SHL RETAIL PICKUP",Food Misc.
GNAP TRADITIONAL PASTA SAUCE,Vegetables
"GREEN BEANS, HARVEST VALLEY",Vegetables
GNAP CHICKEN & RICE SOUP,Prepared Meals
"ASSORTED NON-FOOD ITEMS, LL",Non-Food Misc.
"RAMEN, MARUCHAN SHRIMP",Prepared Meals
USDA WHOLE ALMONDS DRY ROASTED,Proteins
GNAP SPAGHETTI W/ MEATBALLS,Prepared Meals
USDA MIXED VegetablesCCC,Vegetables
COMBOS CHEDDAR CHEESE BAKED PRETZEL SNACKS,Food Misc.
USDA GREEN BEANS CCC,Vegetables
ONIONS,Vegetables
STOVE TOP STUFFING - TURKEY/CHICKEN/CORNBREAD,Prepared Meals
HUNTS DICED TOMATOES,Vegetables
OUTSHINE TROPICAL SMOOTHIE CUBES,Beverages
USDA FRESH TABLE GRAPES CCC,Fruits
FEASTABLES PEANUT BUTTER CHOC SNACK BARS,Food Misc.
TUNA CHUNK LIGHT IN WATER,Proteins
USDA MANDARIN ORANGES,Fruits
GATORADE THIRST QUENCHER VAR PACK,Beverages
OUTSHINE STRAWBERRY BANANA SMOOTHIE CUBES,Beverages
"GNAP 100% ORANGE TANGERINE JUICE, SINGLE SERVE",Beverages
"USDA APPLES, FRESH",Fruits
CARROTS,Vegetables
USDA PORK LOIN BONELESS CHOPS CCC,Proteins
GNAP WATERMELONS,Fruits
USDA GARBANZO BEANS,Proteins
GNAP MEAT STICKS,Proteins
TYSON BUFFALO STYLE CHICKEN STRIPS,Prepared Meals
USDA CHILI W/ BEANS CCC,Prepared Meals
USDA CANNED BEEF CCC,Proteins
CRUSH ORANGE SODA,Beverages
"MEAT & SEAFOOD, FROZEN LOCAL",Proteins
"GNAP GREEN BEANS, WHOLE",Vegetables
PROPEL BERRY/KIWISTRAW/GRAPE,Beverages
GNAP CANNED HAM,Proteins
"GNAP BLACKEYE PEAS, LOW SODIUM",Proteins
NUT'N BETTER CREAMY PEANUT BUTTER - RED SUGAR & SODIUM,Proteins
CELERY,Vegetables
GNAP DICED PEAR CUPS,Fruits
MRS BUTTERSWORTHS SMORES PANCAKE KIT,Food Misc.
"SWEET POTATO, SHL",Potatoes
USDA GRAPEFRUIT CCC,Fruits
ASSORTED FOOD ITEMS SHD,Food Misc.
USDA PACIFIC SALAD SHRIMP,Proteins
GNAP SPAGHETTI,Grains
"PROPEL WATER, GRAPE",Beverages
GHIRARDELLI SEA SALT CARAMEL CHOCOLATE,Food Misc.
DIET DR PEPPER,Beverages
DIET PEPSI,Beverages
USDA PREMIUM WHITE CHICKEN IN POUCHES,Proteins
"ASSORTED FROZEN FOODS, SHL",Food Misc.
GNAP GROUND TURKEY CHUB 85/15,Proteins
BROCCOLI CROWNS,Vegetables
GNAP CORN FLAKES CEREAL BOWLS,Grains
"ASSORTED BEVERAGES, LL",Beverages
GNAP HONEY RINGS MULTIGRAIN CEREAL,Grains
"CAULIFLOWER, SHL",Vegetables
GNAP MOUNTAIN DRIED FRUIT BLEND,Fruits
USDA PORK PATTY,Proteins
USDA LENTIL BEANS,Proteins
"CHICKEN STUFFING, PREMIER PANTRY",Prepared Meals
USDA ALL PURPOSE FLOUR,Grains
CABBAGE,Vegetables
GNAP BAKING AND BISCUIT MIX,Grains
USDA SHREDDED YELLOW CHEDDAR CHEESE CCC,Dairy
LIPTON DIET GREEN TEA CITRUS,Beverages
"TURNIP, SHL",Vegetables
ONIONS 50 LB,Vegetables
USDA PORK TACO FILLING FULLY COOKED CCC,Proteins
GNAP CREAM OF CHICKEN SOUP,Prepared Meals
USDA CHICKEN DRUMSTICKS CCC,Proteins
USDA FROZEN CHERRIES CCC,Fruits
"PRODUCE, FRESH LL",Mixed Produce
"HUNTS DICED TOMATOES BASIL, GARLIC, OREGANO",Vegetables
USDA CANNED SALMON CCC,Proteins
USDA DICED POTATOES,Potatoes
STARRY LEMON LIME SODA 16.9 OZ,Beverages
PAMPERS PREEMIE SWADDLERS,Non-Food Misc.
"ORANGES, BULK",Fruits
GNAP HAMPTON FARMS SALTED PEANUTS,Proteins
LONG GRAIN WHITE RICE,Grains
USDA CANNED PINTO BEANS,Proteins
GNAP 2% MILK-FAMILY SIZE,Dairy
USDA DARK RED KIDNEY BEANS CCC,Proteins
"GNAP MIX BERRY YOGURT, SHELF STABLE BACKPACK",Dairy
ANGELA MIA WHOLE PEELED PEAR TOMATOES,Vegetables
USDA SHREDDED MOZZARELLA CHEESE CCC,Dairy
"ASSORTED FROZEN FOODS, LL",Food Misc.
HONEYMAID GRAHAM CRACKERS,Grains
"APPLES, SHL",Fruits
USDA WHOLE DEGLET DATES,Fruits
USDA APPLESAUCE CUPS,Fruits
"CABBAGE, SHL 50#",Vegetables
GNAP SWEET POTATO IN LIGHT SYRUP,Potatoes
MACARONI & CHEESE,Prepared Meals
GATORADE G2 GLACIER FREEZE,Beverages
BELL PEPPERS,Vegetables
GNAP MIXED VEGETABLES,Vegetables
"BLACK BEANS, PEUBLO LINDO (MISLABELED)",Vegetables
GNAP PASTA O'S IN TOMATO SAUCE,Prepared Meals
USDA BEEF STEW POUCHES CCC,Prepared Meals
"FROZEN FOODS, MISC SHL RETAIL PICKUP",Food Misc.
"GNAP GREEN PEAS, LOW SODIUM",Proteins
SENIOR STAPLES BOX - ASSORTED USDA,Food Misc.
SWEET POTATOES,Potatoes
GNAP INSTANT GRITS,Grains
"POTATOES, RUSSET",Potatoes
PEPSI ZERO WILD CHERRY,Beverages
GNAP TUNA LIGHT CHUNK,Proteins
STARBUCKS NITRO COLD BREW,Beverages
DOVE DARK CHOCOLATE & PEANUT BUTTER,Food Misc.
USDA HAZELNUTS CCC,Proteins
MIXED PRODUCE - 1 PALLET,Mixed Produce
ASSORTED NON-FOOD ITEMS LFB,Non-Food Misc.
"GNAP CEREAL, TOASTED OATS",Grains
USDA RICE CCC,Grains
GNAP CRISPY RICE CEREAL,Grains
BIGS TANGY BBQ SUNFLOWER SEEDS,Proteins
OREO SUPER MARIO,Food Misc.
USDA WILD CAUGHT GULF SHRIMP,Proteins
GATORADE FIT CITRUS BERRY,Beverages
USDA PORK LOIN BONELESS ROAST,Proteins
GNAP CHEESE STICKS - WHITE CHEDDAR,Dairy
BIGS TAKIS SUNFLOWER SEEDS,Proteins
GNAP LEG QUARTERS,Proteins
"HUNTS TOMATO SAUCE, BAG AND BOX",Vegetables
PEACHES,Fruits
APPLES,Fruits
"BREAD AND BAKERY, SHL RETAIL PICKUPS",Grains
"GNAP APPLE JUICE, SINGLE SERVE",Beverages
MTN DEW ZERO 24 X 12 FL OZ,Beverages
"CHUM FRUIT BITES, STRAWBERRY/MANGO",Fruits
"DAIRY PRODUCT, ASSORTED SHL",Dairy
"ORANGES, SHL",Fruits
MT DEW ZERO SUGAR,Beverages
GNAP PEANUT BUTTER,Proteins
USDA GREEN SPLIT PEAS,Proteins
"ZUCCHINI SQUASH, SHL",Vegetables
MT DEW ZERO SUGAR MAJOR MELON,Beverages
GNAP MIXED FRUIT CUPS,Fruits
"UNSORTED SALVAGE, SHL",Unsorted Salvage
"LFPA PRODUCE, MISC",Mixed Produce
GNAP HONEY ROASTED SUNFLOWER SEED KERNALS,Proteins
GNAP GRAPE JELLY,Food Misc.
"PEPSI, 12/1.25L",Beverages
SPLASH LEMON WATER,Beverages
GNAP BAKED BEANS,Proteins
STARBUCKS VANILLA FRAPPUCCINO,Beverages
GHIRARDELLI DARK CHOCOLATE,Food Misc.
PEPSI ZERO SUGAR,Beverages
"LFPA DAIRY, MISC",Dairy
"GNAP PASTA SIDE, ALFREDO ",Prepared Meals
GNAP CHEESEBURGER DINNER,Prepared Meals
PROPEL BERRY,Beverages
MT DEW PASSSIONFRUIT PUNCH,Beverages
"GNAP 100% VERY BERRY JUICE, SINGLE SERVE",Beverages
"COOLER FOOD, MISC. LL",Food Misc.
GATORADE GRAPE LOWER SUGAR,Beverages
GNAP WHITE GRITS,Grains
HORMEL BLACK LABEL BACON,Proteins
"NON-FOOD ITEMS, SHL RETAIL PICKUPS",Non-Food Misc.
"FROZEN MEAT & SEAFOOD, SHL RETAIL PICKUP",Proteins
PERDUE THIN SLICED CHICKEN BREAST,Proteins
ATKINS VAR PACK CHOC PEANUT/CARAMEL,Food Misc.
CELLAS CHOCOLATE COVERED CHERRIES,Food Misc.
DUNKIN COFFEE CREAMER,Food Misc.
RAP SNACKS HOT CRUNCHABLES,Food Misc.
GNAP STRAWBERRY JELLY,Food Misc.
SELECT CUCUMBERS,Vegetables
CREST WHITE TOOTHPASTE,Non-Food Misc.
TWISTER CHERRY BERRY BLAST,Beverages
"TURNIPS, SHL",Vegetables
CUCUMBERS,Vegetables
PEPSI COLA,Beverages
GATORADE GLACIER FREEZE,Beverages
DUNCAN HINES CHOCOLATE FROSTING,Food Misc.
FIRE CRACKER REDHOT PICKLED SAUSAGE,Proteins
GHIRARDELLI MILK CHOC CARAMEL,Food Misc.
CHERRY DR PEPPER,Beverages
ACT II LIGHT BUTTER POPCORN,Grains
CELSIUS LIVE FIT VAR PACK,Beverages
"OXIVIR TB, HYDROGEN PEROXIDE SANITIZER",Non-Food Misc.
OSCAR MAYER MAPLE SAUSAGE ROLLERS,Proteins
PROPEL BLACK CHERRY ,Beverages
JENNIE-O TURKEY FRANKS,Proteins
PROPEL ORANGE RASPBERRY,Beverages
BIGS JUMBO SUNFLOWER KERNELS,Proteins
PERDUE CHICKEN DRUMSTICKS,Proteins
"YELLOW SQUASH, SHL",Vegetables
USDA YELLOW SPLIT PEAS,Proteins
GNAP CHEESY TUNA DINNER POUCH,Prepared Meals
MONSTER COLD BREW LATTE,Beverages
REESES/KIT KAT/PAYDAY CANDY BAR ASST,Food Misc.
COUSCOUS,Grains
MT DEW BAJA BLAST,Beverages
MINUTE MAID STRAWBERRY LEMONADE,Beverages
COTTONELLE TOILET PAPER 18,Non-Food Misc.
"GROUND TURKEY BREAST, KIRKWOOD",Proteins
"BUTTER, GREAT VALUE SALTED",Dairy
"BLACK PEPPER TURKEY BREAST, HILLSHIRE FARMS",Proteins
GNAP BEEF PASTA DINNER POUCH,Prepared Meals
DR PEPPER STRAWBERRIES AND CREAM 12 FL OZ,Beverages
"USDA 2% MILK, FRESH CCC",Dairy
GNAP STROGANOFF DINNER POUCH,Prepared Meals
"BEETS, SHL",Vegetables
LIPTON GEORGIA STYLE PEACH ICED TEA,Beverages
LIPTON HALF&HALF ICED TEA LEMONADE,Beverages
"CELERY, SHL",Vegetables
SCHWEPPES RASPBERRY GINGER ALE 2L,Beverages
GNAP BUMBLEBEE CHICKEN SALAD KIT,Prepared Meals
"PREPARED FOOD COOLER, SHL",Prepared Meals
"SNACK PACK BLUE RASP, SOUR PATCH KIDS",Food Misc.
SNACK PACK CINNABON PUDDING,Food Misc.
COCA COLA GLASS BOTTLES,Beverages
PEPSI WILD CHERRY,Beverages
FROZEN PEAS 16 x 2 LB,Proteins
DASANI WATER,Beverages
STARRY ZERO SUGAR 24 X 20 FL OZ,Beverages
GATORADE LEMON LIME ZERO SUGAR,Beverages
"STARBUCKS PINK DRINK, STRAW ACAI",Beverages
GATORADE COOL BLUE,Beverages
STARBUCKS DOUBLE SHOT ENERGY,Beverages
DR PEPPER ZERO SUGAR,Beverages
PURE LEAF UNSWEETENED TEA,Beverages
GATORADE G2 GRAPE 15 COUNT,Beverages
PROPEL LEMON,Beverages
MTN DEW 36 X 12 FL OZ,Beverages
GATORADE FIT BLACKBERRY RASPBERRY,Beverages
GATORADE COOL BLUE ZERO SUGAR,Beverages
"GNAP PASTA SIDE, CHEDDAR BROCCOLI",Prepared Meals
"BREAD & BAKERY, ASSORTED LL",Grains
"APPLES, LL",Fruits
PURE LEAF LEMON TEA,Beverages
MUG ROOT BEER,Beverages
GATORADE ORANGE,Beverages
"GREEN TEA W/ CITRUS, DIET LIPTON",Beverages
HEINZ APPLE CIDER VINEGAR,Food Misc.
"CELERY, 24-36 CT",Vegetables
TROPICANA APPLE JUICE,Beverages
PULUPS 4T/5T,Non-Food Misc.
CRUSH PEACH SODA,Beverages
WHEAT THINS BIG,Grains
APPLETON PORK SAUSAGE,Proteins
GATORADE G2 GRAPE,Beverages
RITZ CRACKERS FAMILY SIZE,Grains
PEPSI MINI CANS,Beverages
MOUNTAIN DEW,Beverages
USDA PISTACHIOS,Proteins
PEPSI NITRO DRAFT COLA 24PK,Beverages
DOVE DARK CHOCOLATE & SEA SALT CARAMEL,Food Misc.
GATORADE FRUIT PUNCH,Beverages
PURCOL MOISTURIZING HAND SANITIZER,Non-Food Misc.
GATORADE RIPTIDE RUSH,Beverages
GNAP LASAGNA DINNER ,Prepared Meals
DUNCAN HINES COOKIE DOUGH FROSTING,Food Misc.
REESES MINIATURE CUPS W/ REESES PUFFS,Food Misc.
MUG ROOT BEER 2L,Beverages
GREAT VALUE COOKIE & CARAMEL BARS,Food Misc.
PORK SHOULDER BONELESS BUTT,Proteins
STARRY ZERO SUGAR 12 X 12 FL OZ,Beverages
GATORADE STRAWBERRY LEMONADE,Beverages
GATORADE ZERO FRUIT PUNCH,Beverages
MINI SOFT BAKED COOKIES LUCKY CHARMS,Food Misc.
"NILLA WAFERS, NABISCO",Food Misc.
MIX PRODUCE - QUARTER PALLET,Mixed Produce
DIET MT DEW,Beverages
"BELL PEPPERS, GREEN",Vegetables
DOT'S CRUNCH CURLS,Food Misc.
"CARROTS, 50#",Vegetables
BRISK STAWBERRY MELON ICED TEA,Beverages
PORK & BEANS,Prepared Meals
GREAT VALUE UNSALTED BUTTER,Dairy
FAMOUS AMOS COCONUT BITE SIZE COOKIES,Food Misc.
HORMEL MEAT LOAF W/ TOMATO SAUCE,Prepared Meals
"SALTINE CRACKERS, ZESTA ORIGINAL",Grains
PROPEL KIWI STRAWBERRY,Beverages
SNACK PACK FRUITY PEBBLES PUDDING,Food Misc.
MR PIBB EXTRA,Beverages
"CABBAGE, BULK TOTE",Vegetables
USDA CHERRY APPLE JUICE,Beverages
LFPA GROUND BEEF CHUBS,Proteins
MT DEW MAJOR MELON 20 FL OZ,Beverages
GATORADE ZERO COOL BLUE,Beverages
"MT DEW RASPBERRY LEMONADE, SPARK",Beverages
SCOTT COMFORT PLUS TOILET PAPER,Non-Food Misc.
BERRY COLOSSAL CRUNCH CEREAL,Grains
"MIXED VEGETABLS, NO SALT ADDED",Vegetables
GATORADE ORANGE ZERO SUGAR,Beverages
REESES/KIT KAT/PAY DAY KING SIZE,Food Misc.
GATORADE STRAWBERRY,Beverages
PEPSI SODA,Beverages
COTTONELLE TOILET PAPER 24,Non-Food Misc.
STATE FAIR CHICKEN CORN DOGS,Prepared Meals
STARBUCKS CARAMEL FRAPPUCINO,Beverages
GATORADE LEMON LIME 15PK,Beverages
"JUICE/NON-SHELF STABLE, LL",Beverages
KRAFT MAC & CHEESE CUPS,Prepared Meals
GATORADE LOWER SUGAR GLACIER FREEZE,Beverages
PEPSI NITRO DRAFT COLA 12PK,Beverages
"ZUCCHINI, SHL",Vegetables
GNAP CREAM OF POTATO SOUP,Prepared Meals
COLLARD GREENS,Vegetables
GNAP FAT FREE CREAM OF CHICKEN SOUP,Prepared Meals
CANTALOUPES,Fruits
"DAIRY PRODUCT, ASSORTED LL",Dairy
"AVOCADO, GREEN LARGE",Vegetables
LIPTON GREEN TEA CITRUS,Beverages
STRAWBERRIES,Fruits
ACT II BUTTER LOVERS POPCORN,Grains
WATERMELONS SHL,Fruits
RX BAR CHOCOLATE GRANOLA 5 PACK,Food Misc.
MT DEW VOLTAGE,Beverages
PAMPERS SPLASHERS SIZE 4,Non-Food Misc.
GNAP GREAT VALUE FAT FREE CREAM OF MUSHROOM SOUP,Prepared Meals
"BANANA PEPPERS, LL",Vegetables
MT DEW BAJA CARIBBEAN SPLASH,Beverages
MT DEW FROST BITE,Beverages
GREENLITE LED BULBS,Non-Food Misc.
MTN DEW BAJA LAGUNA LEMONADE,Beverages
SBB MIXED FRUIT IN JUICE,Fruits
MT DEW 12/1.25L,Beverages
GNAP BROCCOLI & CHEDDAR SOUP,Prepared Meals
MT DEW THRASHED APPLE,Beverages
"NON-FOOD, SHD",Non-Food Misc.
COTTONELLE TOILET PAPER 4/9,Non-Food Misc.
MT DEW ZERO SUGAR BAJA BLAST,Beverages
GNAP SHELF STABLE 1% MILK,Dairy
"JIMMY DEAN CROISSANT, SAUSAGE, EGG & CHEESE",Prepared Meals
HORMEL PORK ROAST WITH AU JUS SAUCE,Proteins
SBB TOASTED OATS CEREAL,Grains
GATORADE G2 FRUIT PUNCH,Beverages
M&M'S & PEANUT M&M'S 48 COUNT DISPLAY,Food Misc.
PULLUPS 2T/3T,Non-Food Misc.
BRACHS MELLOWCREME PUMPKINS,Food Misc.
SBB BAKING AND BISCUIT MIX,Grains
WATERMELONS SEEDLESS,Fruits
GATORADE LEMONADE,Beverages
"FROZEN BREAD AND BAKERY, SHL",Grains
ALFREDO PASTA SIDES,Prepared Meals
"EGGPLANT, LL",Vegetables
GUSHERS FRUIT SNACKS,Food Misc.
"GRAPE, RED SEEDLESS",Fruits
JIMMY DEAN SAUSAGE EGG CHEESE CROISSANT,Prepared Meals
MT DEW MAUI BURST,Beverages
"PEPSI, 12 FLOZ",Beverages
"HUNTS TOMATO SAUCE, NO SALT ADDED",Vegetables
KELLOGG WHEAT CRACKER ON TRAYS,Grains
GNAP CHICKEN NOODLE SOUP,Prepared Meals
"CARROTS, SHL",Vegetables
BI COLOR SWEET CORN,Vegetables
THINFUL BIRTHDAY CAKE SNACK MIX,Food Misc.
GATORADE FIERCE FRUIT PUNCH AND BERRY,Beverages
BIGS SUNFLOWER SEEDS VARIETY DISPLAY PACK,Proteins
CINNAMON TOAST CEREAL CUPS,Grains
BRACHS CLASSIC CANDY CORN,Food Misc.
FANTA PINEAPPLE,Beverages
SBB DUMPLINGS & CHICKEN,Prepared Meals
"CABBAGE, GREEN",Vegetables
SCHWEPPES GINGER ALE,Beverages
DIET COKE,Beverages
SIMILAC ALIMENDUM HYPOALLERGENIC FORMULA,Proteins
"SQUASH, ACORN",Vegetables
DR PEPPER,Beverages
BLUE DIAMOND SMOKEHOUSE NUT THINS,Proteins
PROPEL BLACK CHERRY,Beverages
SBB PEANUT BUTTER,Proteins
SBB MIXED VegetablesLOW SODIUM,Vegetables
GNAP CHICKEN & STARS SOUP,Prepared Meals
USDA RICE MEDIUM GRAIN CCC,Grains
"JUICE/NON-SHELF STABLE, SHL",Beverages
MT DEW 24 X 12 OZ,Beverages
FANTA ZERO SUGAR MYSTERY FLAVOR,Beverages
GNAP TOMATO SOUP,Prepared Meals
BLUE DIAMOND 3 CHEESE NUT THINS,Proteins
"PREMIUM OLIVES, FREESTYLE VAR PACK",Vegetables
FEASTABLES DOUBLE CHOC SNACK BARS,Food Misc.
DR PEPPER ZERO SUGAR CHERRY,Beverages
DR PEPPER ZERO SUGAR STRAWBERRIES AND CREAM,Beverages
GNAP VEGETABLE SOUP,Prepared Meals
APPLE CINNAMON CHEERIOS,Grains
TYSON CHICKEN BREAST STRIPS,Prepared Meals
GNAP MIXED FRUIT IN JUICE,Fruits
DIET MT. DEW,Beverages
"MUSTARD, HEINZ YELLOW",Food Misc.
PEPSI,Beverages
MUSHROOMS,Vegetables
"TOMATOES, SHL",Vegetables
FEASTABLES CHOC CHIP SNACK BARS,Food Misc.
HONEST ORGANIC HALF TEA/HALF LEMONADE,Beverages
NATURALLY MOISTURIZING HAND SANITIZER,Non-Food Misc.
GNAP VEGETARIAN VEGETABLE SOUP,Prepared Meals
GNAP VEGETABLE BEEF SOUP,Prepared Meals
Spaghetti Squash SHL,Vegetables
USDA PITTED PLUMS,Fruits
GNAP American Singles 12 oz,Dairy
LIPTON GREN TEA W/CITRUS,Beverages
GNAP CHICKEN ALFREDO,Prepared Meals
GNAP CHICKEN W/ RICE,Prepared Meals
USDA BREADED FISH STICKS CCC,Prepared Meals
"GNAP SWEET CORN, EZO CAN",Vegetables
HARIBO HARRY POTTER GUMMY CANDY ,Food Misc.
"BOLOGNA, OSCAR MEYER",Proteins
"GNAP TOMATO SOUP, 24 PK",Prepared Meals
"GHOST HYDRATION DRINK, REDBERRY SOUR PATCH",Beverages
MT DEW CODE RED,Beverages
DIET MT DEW 8/2L,Beverages
"SNACK PACK, STARBURST ALL PINK",Food Misc.
HUNGRY JACK IDAHO MASHED POTATOES,Potatoes
"USDA CHILI NO BEAN, LESS SODIUM CCC",Prepared Meals
"GNAP CHICKEN & RICE SOUP, 24 PK",Prepared Meals
USDA DRY PINTO BEANS,Proteins
BEETS,Vegetables
F2K MACARONI O'S & BEEF,Prepared Meals
USDA VEGETARIAN VEGETABLE SOUP,Prepared Meals
USDA SPAGHETTI SAUCE,Vegetables
ASST. BEVERAGES LFB,Beverages
"GNAP MACARONI O'S W/ BEEF, EZO",Prepared Meals
GREAT VALUE FROZEN STRAWBERRIES AND BANANAS,Fruits
Steak Ranchero Burrito,Prepared Meals
GA BOY SMOKED SAUSAGE,Proteins
F2K CEREAL,Grains
F2K GRITS,Grains
Green Bell Peppers,Vegetables
BRISK LEMON ICED TEA CANS,Beverages
USDA DRIED CRANBERRIES,Fruits
"TURKEY STICKS, POWER SNACKS",Proteins
"TASTY TUNA CAT BROTH, R/RAY NUTRISH",Non-Food Misc.
ORIGINAL SALTINE CRACKERS 12/4OZ,Grains
YELLOW PEACHES,Fruits
USDA BLACKEYE PEAS,Proteins
"SELTZER WATER, GREAT VALUE",Beverages
"RED GRAPES, SEEDLESS CLAMSHELL",Fruits
"TONIC WATER, GREAT VALUE",Beverages
"MAC & CHEESE, STOUFFERS",Prepared Meals
"SPAGHETTI W/ MEATBALLS, MAMA TOSCANO",Prepared Meals
MILO'S SWEET TEA,Beverages
"GREEN GRAPES, SEEDLESS CLAMSHELL",Fruits
"GNAP APPLESAUCE CUPS, UNSWEETENED",Fruits
"UNSORTED SALVAGE, SHN",Unsorted Salvage
OREIDA 8 CUT WEDGE FRIES,Potatoes
ENSURE MILK CHOCOLATE/VANILLA,Beverages
"RICED CAULIFLOWER, GREAT VALUE",Vegetables
"SMOKIN HOT OKRA, ABBY J'S",Vegetables
GNAP Pepper Jack Cheese Bar,Dairy
LFPA SWEET BANANA PEPPERS,Vegetables
"GNAP CARROTS, FRESH",Vegetables
LFPA TOMATOES,Vegetables
LFPA LETTUCE,Vegetables
"SPAGHETTI & MEATBALLS, CHEF BOYARDEE",Prepared Meals
"CUCUMBERS, SHL",Vegetables
MTN DEW GAME FUEL CITRUS BLACKBERRY,Beverages
PUBLIX CREAMY PEANUT BUTTER,Proteins
"SWEET POTATOES, FRESH",Potatoes
AHA LIME & WATERMELON SPARKLING WATER,Beverages
GREAT VALUE CREAM CHEESE SPREAD,Dairy
LUNA BAR VARIETY PACK,Food Misc.
"ELECTROLYTE POWDER, PEDIALYTE BERRY FROST (KIDS & ADULTS)",Beverages
USDA GRAPE JUICE,Beverages
GNAP FRUIT PUNCH JUICE 100%,Beverages
DINTY MOORE BEEF STEW,Prepared Meals
USDA BLACK BEANS,Proteins
MTN DEW GAME FUEL CITRUS CHERRY,Beverages
M&M MINIS ,Food Misc.
YELLOW ONIONS,Vegetables
BRISK LEMONADE,Beverages
USDA SLICED PEACHES LIGHT/SYRUP,Fruits
TOPO CHICO MINERAL WATER 12/33.8 OZ,Beverages
STARKIST CHUNKLIGHT TUNA,Proteins
"WHOLE WHEAT FLOUR, GOLD MEDAL",Grains
HARIBO UNICORNILICIOUS GUMMIES,Food Misc.
TOPO CHICO MINERAL WATER 24/12 OZ BOTTLES,Beverages
DR PEPPER BLACKBERRY,Beverages
"ICED COFFEE, COFFEE MATE FRENCH VANILLA",Beverages
100 DOLLAR DELIVERY FEE,Fees
DICED CARROTS,Vegetables
USDA DRIED CHERRIES,Fruits
GNAP MAC & CHEESE ,Prepared Meals
JALEPENO PEPPERS,Vegetables
F2K 1% MILK CARTONS,Dairy
"GRAPES, SEEDLESS TABLE",Fruits
"USDA CORN, WHOLE KERNEL NO SALT CCC",Vegetables
"CAT FOOD, PETSMART CHICKEN & RICE",Non-Food Misc.
PURE LIFE WATER,Beverages
F2K OATMEAL APPLE CINNAMON,Grains
"BEEF SNACK STICKS, STONERIDGE",Proteins
SUN CHIPS MINIS GARDEN SALSA,Food Misc.
GARBANZO BEANS,Grains
GATORADE ZERO SUGAR GLACIER CHERRY,Beverages
"POTATOES, YUKON GOLD LL",Potatoes
"BRISK TEA, FRUIT PUNCH",Beverages
OREO FESTIVE COOKIES,Food Misc.
SYSCO SWEET POTATO FRY WAVES,Food Misc.
"CORN, BICOLOR SWEET FRESH",Vegetables
OREO GLUTEN FREE,Food Misc.
RUSSET POTATOES,Potatoes
F2K OATMEAL MAPLE BROWN SUGAR,Grains
"CHICKEN BONE BROTH, SIMPLY NATURE",Proteins
USDA PEANUT BUTTER,Proteins
"GNAP VEGETARIAN VEGETABLE SOUP, 24 PK",Prepared Meals
GNAP INSTANT OATMEAL MAPLE BROWN SUGAR,Grains
GREAT VALUE GOLDEN SWEET WHOLE KERNEL CORN,Vegetables
SOUR PATCH KIDS,Food Misc.
LINDT BIRTHDAY CAKE TRUFFLES,Food Misc.
PEPSI ZERO CHERRY 24/16.9 OZ,Beverages
GNAP CEREAL CRISPY RICE,Grains
1USDA PANTRY BOX - SEE CONTENTS,Food Misc.
"SQUASH, BUTTERNUT",Vegetables
EGGPLANT SHL 23 LB,Vegetables
NABISCO ASSORTED COOKIES-TEDDY GRAHAM/ANIMAL COOKIES/POKEMON,Food Misc.
GERBER LIL CRUNCHIES MILD CHEDDAR,Food Misc.
"POTATOES, SHL",Potatoes
MARKETSIDE CANDY COOKIES,Food Misc.
GNAP RICE,Grains
SIMILAC PRO INFANT FORMULA,Proteins
"CORN, YELLOW LFPA",Vegetables
USDA INSTANT MASHED POTATOES CCC,Potatoes
HI-CHEW SWEET & SOUR MIX,Food Misc.
USDA DRIED PITTED PRUNES,Fruits
RITZ CRACKERS ORIGINAL FAMILY SIZE,Grains
"ATLANTIC SALMON, 3 PACK",Proteins
LIPTON DIET GREEN TEA MIXED BERRY,Beverages
DARK RED KIDNEY BEANS,Proteins
RITZ BITZ PEANUT BUTTER CRACKERS,Food Misc.
F2K FAMILY PACK MAC & CHEESE,Prepared Meals
SPRITE SPICED CRANBERRY ZERO SUGAR,Beverages
APPLESAUCE CUPS,Fruits
F2K APPLE JUICE,Beverages
"BACON, RESTAURANT STYLE M/MARK",Proteins
"INSTANT BROWN RICE, MINUTE",Grains
F2K MAC & CHEESE SINGLE SERVE,Prepared Meals
OREO COOKIES 24 SLEEVES,Food Misc.
DUNKIN' CAKE BATTER ICED COFFEE,Beverages
GOGO APPLESAUCE SQUEEZE POUCHES,Fruits
DIET GREEN TEA CITRUS,Beverages
"ROTEL DICED TOMATOES & GREEN CHILES, ORGANIC",Vegetables
MTN DEW,Beverages
SPRITE SPICED CRANBERRY,Beverages
GNAP GROUND BEEF,Proteins
"PEPPERONI, ARMOUR",Proteins
CABBAGE SHL,Vegetables
LFPA WATERMELON BIN,Fruits
MTN DEW ZERO SUGAR 24/16.9 OZ,Beverages
F2K SKETTI O'S IN TOMATO SAUCE,Prepared Meals
CREAMY PEANUT BUTTER,Proteins
USDA CHICKEN BREAST FILLET W/RIB MEAT CCC,Proteins
"FROZEN BREAD AND BAKERY, SHD",Grains
USDA LEG QUARTERS CCC,Proteins
ALFREDO PASTA NOODLE POUCH,Prepared Meals
AMERICAN BEAUTY CREAM OF MUSHROOM SOUP,Prepared Meals
"READY  MEALS, RED SODIUM MRE",Prepared Meals
LIBBYS WHOLE KERNEL CORN,Vegetables
"OATMEAL, APPLE CINNAMON",Grains
F2K TURKEY STICKS,Proteins
PEPSI 36/12 FL OZ,Beverages
"SPRING WATER, PUBLIX NATURAL",Beverages
OREO MINIS,Food Misc.
PURE LIFE WATER 2/12,Beverages
"ASSORTED SNACK ITEMS, SHD",Food Misc.
GNAP INSTANT MASHED POTATOES,Potatoes
"GNAP CEREAL, MULTIGRAIN HONEY NUT RINGS",Grains
USDA MASHED POTATOES,Potatoes
GNAP MULTIGRAIN RINGS CEREAL,Grains
TOMATOES,Vegetables
USDA Green Beans CCC ,Vegetables
USDA TURKEY BREAST CCC,Proteins
MTN DEW BAJA BLAST,Beverages
"RIPE OLIVES, SLICED",Vegetables
"GNAP PEANUT BUTTER, CREAMY",Proteins
F2K MAC & CHEESE SINGLE SERVE 48CT,Prepared Meals
F2K THANK YOU BAGS,Other
TRISCUIT FAMILY SIZE ,Grains
CRUNCH BAR FUN SIZE,Food Misc.
MTN DEW ZERO BAJA BLAST 2L,Beverages
"CHUNK CHICKEN, CANNED",Proteins
"ICED COFFEE, COFFEE MATE CARAMEL",Beverages
TOPO CHICO TWIST OF LIME MINERAL WATER 24/15.5 OZ,Beverages
GNAP MACARONI & CHEESE,Prepared Meals
GREAT VALUE CREAM STYLE SWEET CORN,Vegetables
GNAP 1% WHITE MILK,Dairy
USDA SLICED WHITE POTATOES,Potatoes
ASSORTED MARS CANDY 45LB BOX,Food Misc.
LINDT ASSORTED GOURMET TRUFFLES,Food Misc.
"DOG FOOD, PETSMART CHICKEN & RICE",Non-Food Misc.
GNAP Mini Sausages,Proteins
"PICKLES, MT OLIVE KOSHER BABY DILL",Vegetables
FROZEN BREAD AND BAKERY LL,Grains
"HYDRATION DRINK, GHOST LEMON LIME CAFFEINE FREE",Beverages
"LETTUCE, CASE",Vegetables
"BACKPACK YOGURT,VANILLA SHELF STABLE",Dairy
GREAT VALUE PURIFIED WATER 40PK,Beverages
LINDT CARAMEL MILK CHOCOLATE TRUFFLES,Food Misc.
GNAP CORN FLAKES CEREAL,Grains
ZUCCHINI,Vegetables
Oscar Mayer Sliced Deli Honey Ham,Proteins
"BRISK TEA, BLOOD ORANGE",Beverages
USDA FRESH GRAPEFRUIT,Fruits
"STRAWBERRY YOGURT, OIKOS",Dairy
GROUND PORK,Proteins
POTATO BITES,Potatoes
"BACKPACK YOGURT, BERRY SHELF STABLE",Dairy
BELVITA AND CLIF BAR VAR PACK,Food Misc.
"BACKPACK YOGURT, STRAWBERRY SHELF STABLE",Dairy
GNAP APPLE JUICE 100%,Beverages
Hostess Jumbo Glazed Honey Buns,Food Misc.
USDA POTATOES,Potatoes
Bacon Egg + Cheese Burrito,Prepared Meals
"GNAP CHICKEN NOODLE SOUP, 24 PK",Prepared Meals
"PET FOOD, SHL RETAIL PICKUPS",Non-Food Misc.
GATORADE GLACIER CHERRY,Beverages
GNAP 100% GRAPE JUICE INDIVIDUAL BOXES,Beverages
"WATERMELONS, CASE",Fruits
USDA MIXED VEGETABLES ,Vegetables
GATORADE WATER,Beverages
"APPLES, FRESH LL",Fruits
GNAP Cheddar Cheese Bar,Dairy
GNAP PREMIER PANTRY CHICKEN PASTA,Prepared Meals
"SWEET FIRE PICKLES, ABBY J'S",Vegetables
Circle K Angus Bacon Cheeseburger,Prepared Meals
DIET MT DEW 24/12 OZ,Beverages
STARBUCKS CARAMEL FRAPPUCCINO,Beverages
PEPSI ZERO SUGAR 24 PACK,Beverages
"CHEESE STUFFED SHELLS W/ MARINARA, MAMA TOSCANOS",Prepared Meals
TROLLI VERY BERRY SOUR BRITE CRAWLERS,Food Misc.
ULTIMATE CRISP POTATO FRIES,Potatoes
ASSORTED PAPER PRODUCTS,Non-Food Misc.
PROPEL BERRY FITNESS WATER,Beverages
SPAGHETTI SQUASH LL,Vegetables
KLEENGUARD NITRILE GLOVES MEDIUM,Non-Food Misc.
TOPO CHICO MINERAL WATER 24/15 OZ,Beverages
DIET PEPSI MINI CANS,Beverages
"ELECTROLYTE POWDER, PEDIALYTE STRAWBERRY (KIDS & ADULTS)",Beverages
BABY RUTH FUN SIZE,Food Misc.
F2K NUTRIGRAIN BARS STRAWBERRY,Food Misc.
MT DEW BAJA BLAST 24/12 OZ,Beverages
"CHIPOTLE PEACH SALSA, ABBY J'S",Food Misc.
"SPAGHETTI, HARVEST VALUE PASTA",Grains
CANNED WHITE CHUNK CHICKEN,Proteins
"PREMIUM PAPER TOWELS, KIRLAND",Non-Food Misc.
"BEEF RAVIOLI, CHEF BOYARDEE",Prepared Meals
PURE LIFE WATER 12pk,Beverages
GHIRARDELLI WHITE CHOCOLATE CARAMEL SQUARES,Food Misc.
LINDT MILK CHOCOLATE TRUFFLES,Food Misc.
GNAP CUT GREEN BEANS,Vegetables
"PINEAPPLE SPEARS IN LIGHT SYRUP, MEMBERS MARK",Fruits
MACARONI AND CHEESE DINNER,Prepared Meals
Circle K Ham and Swiss,Prepared Meals
SOUP BONES MINTY DENTAL CHEWS FOR DOGS 10.3 OZ,Non-Food Misc.
TICTAC CHEWY SOUR ADVENTURE,Food Misc.
HAMPTON FARMS CREAMY PEANUT BUTTER,Proteins
"CLUB SODA, GREAT VALUE",Beverages
"GNAP POTATOES, FRESH",Potatoes
"ZUCCHINI, SQUASH SHL",Vegetables
"BOXES, 10 CT, CHEWY 25 X 17 X 14",Non-Food Misc.
EGGPLANT SHL,Vegetables
USDA PEARS CCC,Fruits
LA BANDERITA CANTINA CHIPS,Food Misc.
WATERMELONS,Fruits
WHOLE GRAIN CHOCOLATE CHIP WAFFLES,Food Misc.
PRETZEL CRIPS DARK CHOCOLATE CRUNCH,Food Misc.
USDA BREADED FISH STICKS,Prepared Meals
"CORN, WHOLE KERNEL GOLDEN SWEET",Vegetables
USDA PINTO BEANS CCC,Grains
"GNAP SWEET POTATOES, FRESH",Potatoes
"CHICKEN DRUMSTICKS, GNAP",Proteins
MACARONI IN TOMATO & MEAT SAUCE,Prepared Meals
1USDA PANTRY BOX2 - SEE CONTENTS,Food Misc.
GNAP RICE KRISPIES CEREAL,Grains
MT DEW,Beverages
BUTTERFINGERS FUN SIZE,Food Misc.
BANANAS,Fruits
"OAT MILK, MODERN PANTRY",Beverages
NABISCO RITZ CRACKERS,Grains
F2K FROSTED FLAKES CEREAL BOWL,Grains
VIDALIA ONIONS,Vegetables
GATORADE 12pk ORANGE/FRUITPUNCH/LEMONLIME,Beverages
"TOMATOES, USDA FRESH",Vegetables
"LETTUCE, SHL",Vegetables
"SWEET POTATOES, SHL",Potatoes
KRAFT SONIC MAYONAISE ,Food Misc.
Circle K Brunch Burgers,Prepared Meals
CHIPS AHOY VARIETY PACK,Food Misc.
PRIME HYDRATION DRINK,Beverages
F2K CHICKEN W/ RICE,Prepared Meals
GNAP 1% Milk,Dairy
"UNCRUSTABLES, PEANUT BUTTER AND GRAPE JELLY 48 CT",Prepared Meals
STARRY LEMON LIME SODA 2L BOTTLES,Beverages
"PASTA PRIMAVERA BOWLS, LEAN CUISINE",Prepared Meals
"WATER, NIAGARA",Beverages
F2K CHICKEN ALFREDO,Prepared Meals
LIPTON BRISK LEMON ICED TEA,Beverages
USDA FROZEN PEACHES CUP,Fruits
GOOD CULTURE COTTAGE CHEESE,Dairy
"BANANAS, SHL",Fruits
"DIET TONIC WATER, GREAT VALUE",Beverages
GNAP Spaghetti Sauce,Vegetables
AMERICAN BEAUTY CREAM OF CHICKEN SOUP,Prepared Meals
"MOUNTAIN TRAIL MIX, BEST CHOICE",Food Misc.
"UNSORTED SALVAGE, LL",Unsorted Salvage
KLEENGUARD NITRILE GLOVES SMALL,Non-Food Misc.
ORIGINAL SALTINE CRACKERS 12/1LB,Grains
USDA INSTANT DRY MILK,Dairy
GNAP INSTANT OATMEAL APPLE CINNAMON,Grains
USDA FROZEN STRAWBERRIES,Fruits
USDA 1% LOWFAT MILK,Dairy
"GNAP SKETTI O'S IN TOMATO SAUCE, POP TOP",Prepared Meals
DEL MONTE FRUIT CUP SNACKS,Fruits
PURELEAF RASPBERRY TEA,Beverages
"ASSORTED BEVERAGES, SHD",Beverages
GNAP FAMILY BOX,Food Misc.
USDA FRESH PEACHES,Fruits
USDA BREADED POLLACK NUGGETS,Prepared Meals
"JALAPENOS, SHL",Vegetables
USDA SHREDDED MILD CHEDDAR CHEESE CCC,Dairy
PURELEAF GREEN TEA,Beverages
"CABBAGE, SHL",Vegetables
USDA RAISINS INDIVIDUAL BOXES,Fruits
OLD EL PASO SOFT TORTILLA BOWL,Grains
USDA CANNED WHITE CHICKEN,Proteins
KELLOGGS RICE KRISPIES CEREAL,Grains
STRAWBERRY FRUIT & GRAIN CEREAL BARS,Food Misc.
HAND SANITIZER ANTISEPTIC GEL,Non-Food Misc.
"SPAGHETTI, GOOD & GATHER POT SIZED",Grains
SWISS MISS HOT COCOA MIX,Beverages
KELLOGGS ELF ON THE SHELF CEREAL,Grains
SWEETARTS/LAFFY TAFFY/NERDS/GOBSTOPPER ASST,Food Misc.
BRACHS KIDDIE MIX,Food Misc.
"COOLER FOOD,MISC SHD",Food Misc.
USDA FRESH PLUMS,Fruits
ROTEL HOT DICED TOMATOES & HABENARO,Vegetables
ORGANIC DICED TOMATOES,Vegetables
FOOD 2 KIDS FOOD PROGRAM,Other
"RICE, LONG GRAIN",Grains
OLD EL PASO TOSTADA SHELLS,Grains
"99% FAT FREE CHICKEN NOODLE SOUP, PROGRESSO",Prepared Meals
BOUNTY PAPER TOWELS,Non-Food Misc.
USDA PACIFIC WHITING FISH FILLETS,Proteins
Fanta Pina Colada,Beverages
WHITE CHEDDAR CHEX MIX,Food Misc.
"LOBSTER BISQUE, MEMBERS MARK",Prepared Meals
HARIBO TWIN SNAKES,Food Misc.
BEEF STEW,Prepared Meals
OLD EL PASO HARD & SOFT TACO KIT,Food Misc.
"MEAT & SEAFOOD, FROZEN SHD",Proteins
GOLD PEAK RASPBERRY TEA,Beverages
SNACK PACK LEMON PUDDING,Food Misc.
"CORDIAL CHERRIES, QUEEN ANNE DARK CHOC",Food Misc.
HERSHEYS/REESES/KITKAT MIX,Food Misc.
"BROCCOLI CHEDDAR SOUP, PANERA",Prepared Meals
STARRY LEMON LIME SODA MINIS,Beverages
BETTY CROCKER TERIYAKI DINNER STARTER,Food Misc.
POP TARTS STRAWBERRY/BROWN SUGAR CINNAMON,Food Misc.
DINOSAUR SHAPED CHICKEN NUGGETS,Prepared Meals
USDA WHOLE CHICKENS,Proteins
GNAP DUMPLINGS & CHICKEN,Prepared Meals
GNAP FRUIT PUNCH 100% JUICE,Beverages
SOUR PATCH KIDS TROPICAL,Food Misc.
GNAP CHICKEN STUFFING,Prepared Meals
DUKES SAUSAGE SHORTY/CHEDDAR CRISPS,Food Misc.
GNAP PORK & BEANS,Prepared Meals
ONE-A-DAY MULTI-PLUS BRAIN SUPPORT,Food Misc.
PEPSI ZERO SUGAR MINIS,Beverages
DEL MONTE WHOLE KERNEL CORN,Vegetables
SWANSON CHICKEN BROTH,Proteins
RUDOLPH DECORATED MINI'S,Non-Food Misc.
SCHWEPPES DIET TONIC WATER,Beverages
KEEBLER CHIPS DELUXE COOKIES,Food Misc.
"SOUTHWEST STYLE CHEESY RICE, HOME BAKE",Prepared Meals
MARGARITAVILLE GIFT SET - NO ALCOHOL,Other
Trolli Variety Pack,Food Misc.
USDA HAZELNUTS,Proteins
COVID TESTS QUICKVUE ,Non-Food Misc.
USDA GRAPEFRUIT JUICE,Fruits
USDA TRADITIONAL PASTA SAUCE,Vegetables
OLD EL PASO NACHO CHEESE DINNER KIT,Food Misc.
STARBURST TROPICAL,Food Misc.
GERBER SNACKS FOR TODDLERS VAR PACK,Food Misc.
NATURE VALLEY SWEET & SALTY PEANUT BARS,Food Misc.
"FROSTED FLAKES CEREAL, INCREDIBOWL",Grains
KELLOGGS CORN FLAKES CEREAL,Grains
ONE-A-DAY WOMEN'S 50+ MULTIVITAMIN,Food Misc.
KEEBLER FUDGE STRIPE COOKIES MINI,Food Misc.
USDA PRODUCE BOXES,Mixed Produce
CREST 3D WHITE GLAMOROUS WHITE,Non-Food Misc.
USDA SWEET POTATOES,Potatoes
PIROULINE CHOCOLATE HAZELNUT WAFERS,Food Misc.
POP TART BITES FROSTED CONFETTIE CAKE,Food Misc.
"POPCORN, CRETORS CHEDDAR/CARAMEL/BUTER",Grains
HARIBO SOUR BITES,Food Misc.
HICKORY FARMS FARMHOUSE COLLECTION,Food Misc.
"GERBER YOGURT MELTS, STRAWBERRY/MIX BERRY",Food Misc.
USDA PORK PATTIES FULLY COOKED,Proteins
"HOT ITALIAN SAUSAGE, PREMIO",Proteins
"LENTIL SOUP MIX, MAGGI",Prepared Meals
CHEFS CUPBOARD VEGETABLE STOCK/BEEF STOCK,Proteins
PEPSI MANGO 20 FL OZ,Beverages
GNAP PEAS & CARROTS,Vegetables
"HAMBURGER DILL CHIPS, VLASIC",Vegetables
GNAP PANCAKE MIX,Grains
CHERRY FLAVORED DESSERT TOPPING,Food Misc.
"CUT GREEN BEANS, DEL MONTE PETITE",Vegetables
USDA RAISINS CCC,Fruits
TRISCUIT ORIGINAL CRACKERS,Grains
MONSTER RESERVE WATERMELON,Beverages
COCOA PEBBLES CEREAL,Grains
SPONGEBOB SURPRISE MUG GIFT,Other
TWIX/M&M/STARBURST/SKITTLE/SNICKERS,Food Misc.
GRAPES,Fruits
CHEX MIX MUDDY BUDDIES MINT CHOCOLATE,Food Misc.
"BEEF BROCCOLI, PF CHANGS",Prepared Meals
"SQUASH, YELLOW",Vegetables
KINGS HAWAIIAN ROUND ORIGINAL,Grains
FAJITA FIESTA 12 HOT SAUCE SET,Other
"FRUIT SNACKS, WELCHS BERRIES N CHERRIES",Food Misc.
"BEEF POT PIE, BANQUET",Prepared Meals
PEPPERMINT MOCHA CREAMER,Food Misc.
GNAP NUTRIGRAIN BARS STRAWBERRY,Food Misc.
KELLOGGS FROOT LOOPS CEREAL,Grains
COCA-COLA GIFT SET,Other
MIXED LOW CARB SOFT TACO CASES,Grains
REESES MINIATURE CUPS,Food Misc.
CHICKEN WINGS,Proteins
"ASSORTED SNACK ITEMS, LFB",Food Misc.
CLOROX CLEAN UP CLEANER,Non-Food Misc.
"GERBER MANGO APPLE TWIST, 2ND FOODS",Food Misc.
DUNKAROOS VANILLA COOKIES & CHOCOLATE FROSTING,Food Misc.
FRUITY PEBBLES CANDY AND CEREAL BITES,Food Misc.
ONE-A-DAY TEENS MULTI PLUS IMMUNITY,Food Misc.
BANQUET CHICKEN NUGGETS & FRIES,Prepared Meals
GNAP BEEF STEW,Prepared Meals
"MAPLE HAM, PRIVATE SELECTION OFF THE BONE",Proteins
"HONEY VANILLA CRUNCH CEREAL, CASCADIAN FARMS",Grains
S'MORES KIT - 2 MUGS,Other
"SWEET TEA PEACH, ROYAL CUP",Beverages
"Coca-Cola, Caffeine Free",Beverages
REESE'S LOVERS 2 MUG GIFT SET,Other
CHEEZ IT POP'D CORN,Food Misc.
NERDS PARTY SIZE,Food Misc.
"CEREAL BOWLS, HONEY GRAHAM TOASTERS",Grains
BBQ RIB SANDWICHES,Prepared Meals
ANNIES CHOC CHIP COOKIE BITES,Food Misc.
"PINTO BEANS, LOW SODIUM",Proteins
Fanta Mystery Zero,Beverages
GNAP TURNIP GREENS LOW SODIUM,Vegetables
SPECIAL K CINNAMON PECAN CERAL,Grains
BUD LIGHT GIFT BASKETS - NO ALCOHOL,Other
"USDA SALMON, CANNED",Proteins
USDA SPLIT PEAS,Proteins
PORK NECK BONES,Proteins
"FROSTED FLAKES, MALT O MEAL",Grains
GERBER ORGANIC VEGGIE POWER PUMPKIN/BANANA/CARROT,Food Misc.
FRUITY PEBBLES BIRTHDAY CAKE CANDY BAR,Food Misc.
GILLETTE SKINGUARD RAZORS,Non-Food Misc.
GNAP LASAGNA DINNER POUCH,Prepared Meals
TROLL PAMPERS EASY UPS 3T-4T,Non-Food Misc.
HONEY BUNCHES OF OATS CEREAL,Grains
COCA COLA MOVE SODA,Beverages
FRESH APPLES,Fruits
"BIGS SUNFLOWER SEEDS, TANGY BBQ",Proteins
SCHWEPPES TONIC WATER,Beverages
PACE CHUNKY SALSA MILD,Vegetables
SWIFFER HEAVY DUTY DUSTERS,Non-Food Misc.
"CHICKEN DRUMSTICKS, TYSON HOT N SPICY GLAZE",Prepared Meals
KEEBLER SUGAR WAFERS VANILLA,Food Misc.
ANGEL SOFT TOILET PAPER,Non-Food Misc.
PURE LEAF LOWER SUGAR TEA,Beverages
ONE-A-DAY MEN'S 50+ GUMMIES,Food Misc.
MILK CHOCOLATE FUDGE TOPPING,Food Misc.
KELLOGGS FROSTED FLAKES CEREAL,Grains
STARRY 15 X 12 FL,Beverages
VITAMIN WATER - 3 FLAVORS,Beverages
DIET COKE GLASS BOTTLES,Beverages
KEEBLER CHIPS DELUXE,Food Misc.
"SAUSAGE, TENNESSEE PRIDE MILD COUNTRY",Proteins
CANNED YAMS,Vegetables
USDA FROZEN CORN,Vegetables
GNAP WHITE RICE,Grains
CREST KIDS STRAWBERRY SPIDERMAN,Non-Food Misc.
PEPSI ZERO,Beverages
TROLLI SOUR GUMMY CREATIONS,Food Misc.
USDA MIXED FRUIT IN LIGHT SYRP,Fruits
"CEREAL VARIETY PACK, SINGLE SERVE CUPS",Grains
ANNIES BUNNY GRAHAMS CHOCOLATE,Grains
GNAP 100% HONEY,Food Misc.
"GREEN BEAN CASSEROLE, HOMEBAKE",Prepared Meals
GILLETTE SLATE RAZORS,Non-Food Misc.
"ASSORTED FROZEN FOODS, SHD",Food Misc.
USDA GREEN BEANS NO SALT,Vegetables
"MARINARA SAUCE, SPECIALLY SELECT PREMIUM",Vegetables
CREST TOOTHPASTE W/ SCOPE 3 IN 1,Non-Food Misc.
ORANGES,Fruits
DOLE VARIETY PACK PEACHES/MIXED FRUIT,Fruits
CHICKEN DRUMSTICKS & THIGHS W/ BACK,Proteins
ONE-A-DAY IMMUNITY & ENERGY SUPPORT,Food Misc.
DISINFECTING WIPES,Non-Food Misc.
CHEFS CUPBOARD CHICKEN NOODLE SOUP,Prepared Meals
ROTEL ORIGINAL DICED TOMATO/GREEN CHILIES,Vegetables
"BODY ARMOR SPORTS DRINK, ORANGE MANGO/STRAWBANANA/FRUITPUNCH",Beverages
PAMPERS SPLASHERS SIZE 3,Non-Food Misc.
ELBOW MACARONI,Grains
BRISK ICED TEA & WATERMELON LEMONADE,Beverages
"WATER, PURE LIFE",Beverages
USDA WHOLE GREEN PEAS,Vegetables
GNAP PINTO BEANS LOW SODIUM,Proteins
SMART WATER BLACK CURRANT & BLUEBERRY,Beverages
KINGS HAWAIIAN SWEET HAMBURGER BUNS,Grains
REESE'S PEANUT BUTTER ROSE,Food Misc.
"WATER, BIG WIN",Beverages
PANTRY BOX - ASSORTED CANNED GOODS (SEE PIC FOR EXAMPLE),Food Misc.
MT DEW FLAMIN HOT,Beverages
DOUBLE DECKER MOON PIES,Food Misc.
HUNTS DICED TOMATOES NSA,Vegetables
"BODY ARMOR LYTE, BLUE POM/PEACH MANGO/WATERMELON",Beverages
KROGER PURIFIED DRINKING WATER,Beverages
MODELO GIFT BASKET - NO ALCOHOL,Other
EGGPLANT,Vegetables
HUNTS TRADITIONAL PASTA SAUCE,Vegetables
USDA ORANGES,Fruits
SEASONAL CANDY BASKETS,Food Misc.
V8 PLUS ENERGY POMEGRANATE/BLUEBERRY,Beverages
USDA CRISPY RICE CEREAL,Grains
OIKOS PLAIN GREEK YOGURT,Dairy
"GNAP PORK & BEANS, VAN CAMP",Prepared Meals
PAMPERS WIPES SENSITIVE,Non-Food Misc.
KELLOGG VAR PACK FAVORITE CRACKERS,Grains
COKE MINI DREAMWORLD ZERO SUGAR,Beverages
GERBER NATURAL VEGGIE POWER SWEET POT/APPLE/PUMPKIN,Food Misc.
SILVER FALLS PURIFIED WATER,Beverages
"KALE, GREEN",Vegetables
"HOT SAUCE, WORLD WIDE 25 PK",Food Misc.
SBB CHICKEN NOODLE SOUP,Prepared Meals
USDA TOASTED WHOLE GRAIN OAT CEREAL,Grains
"GREEN BEANS, DEL MONTE NO SALT ADDED",Vegetables
PILLSBURY MINI DOUBLE CHOC COOKIES,Food Misc.
BUDWEISER GIFT BASKET - NO ALCOHOL,Other
"BREAD & BUTTER CHIPS, VLASIC ZESTY",Vegetables
KELLOGG CLUB CRACKERS,Grains
"PRODUCE, FRESH SHD",Mixed Produce
PEANUT BUTTER M&M'S,Food Misc.
STARRY 12 X 12 FL OZ,Beverages
NABISCO ORIGINAL SALTINE CRACKERS,Grains
"CEREAL BOWLS, CINNAMON TOASTERS",Grains
GNAP CANNED YAMS,Vegetables
SMARTCARE HAND SANITIZER,Non-Food Misc.
CHEEZ IT SNAP'D,Food Misc.
Dunkin' Coffee S'mores,Beverages
STARBURST DUOS,Food Misc.
"SWEET LEMONADE, ROYAL CUP",Beverages
GNAP MANDARIN ORANGES,Fruits
Pocky Chocolate Cream Covered Biscuit Sticks,Food Misc.
"SLICED BACON, ABERDEEN",Proteins
METAL COOKIE TRUCK/SHORTBREAD COOKIES,Food Misc.
"SAUSAGE, TENNESSEE PRIDE MAPLE COUNTRY",Proteins
PEANUT M&M'S,Food Misc.
COKE ZERO 18 PACK,Beverages
"SOUTHWEST STYLE CORN, HOME BAKE",Vegetables
"COHO SALMON, RETAIL PACK",Proteins
POP TARTS BROWN SUGAR/S'MORES/CHOCOLATE,Food Misc.
DIET COKE 18 PACK,Beverages
ORANGE GATORADE,Beverages
PIMS ORANGE EUROPEAN BISCUITS,Food Misc.
MT DEW PURPLE THUNDER,Beverages
"CORN, WHOLE KERNEL SWEET NO SALT ADDED",Vegetables
"GRANOLA CEREAL, NATURE VALLEY OAT & HONEY",Grains
FANTA ORANGE,Beverages
WIPE OUT! ANTIBACTERIAL WIPES,Non-Food Misc.
PACE MEDIUM CHUNKY SALSA,Vegetables
KELLOGGS RICE KRISPIES CEREAL HOLIDAY,Grains
GNAP RAISIN BRAN BOWLS,Grains
"FROSTED ANIMAL COOKIES, MOTHERS",Food Misc.
CUT UP YOUNG CHICKEN ,Proteins
SWEET POP MIX -BOTTLEPOP/PUSHPOP/RINGPOP,Food Misc.
"COCA COLA, CHERRY VANILLA",Beverages
VITAMIN WATER ZERO SUGAR - 3 FLAVORS,Beverages
COCA COLA ZERO SUGAR,Beverages
TYSON CHICKEN PAWS,Prepared Meals
PEPSI X PEEPS 24 X 20Z BOTTLES,Beverages
APPLESAUCE,Fruits
AQUAFINA WATER,Beverages
USDA WHOLE MILK,Dairy
CHICKEN 8 PIECE UNCOOKED,Proteins
KELLOGGS GRAHAM CRACKER CRUMBS,Grains
STARRY LEMON LIME SODA 20 OZ,Beverages
BRUTE COMPACTOR BAGS,Non-Food Misc.
"PURIFIED DRINKING WATER, CLOVER VALLEY",Beverages
CAMPBELLS TURKEY GRAVY,Food Misc.
"BACON MACARONI, 5 CHEESE MEMBERS MARK",Prepared Meals
LE SUEUR VERY YOUNG SMALL SWEET PEAS,Proteins
TWIX CANDY BARS MINIS,Food Misc.
"USDA 1% MILK, FRESH",Dairy
"CHOCOLATE CRUNCH CEREAL, INCREDIBOWL",Grains
SPAGHETTI,Grains
ICE CREAM FLOAT SODA SET,Other
"SALMON FILLETS, SOCKEYE",Proteins
USDA WHOLE CHICKENS 10 PER CASE CCC,Proteins
GNAP SLICED PEACHES,Fruits
KINGS HAWAIIAN ORIGINAL ROLLS,Grains
PEPSI PEEPS 30 X 7.5 FLOZ CANS,Beverages
"NUTRIGRAIN BARS, APPLE CINNAMON",Food Misc.
OLD EL PASO STAND N STUFF TACO SHELLS,Food Misc.
GOURMET TABLE SALTINE CRACKERS,Grains
GATORADE FIT WATERMELON,Beverages
M&MS/TWIX/MILKYWAY/SNICKER/3MUSKETEERS MINI,Food Misc.
NESCAFE ASSORTE COFFEE,Beverages
"PEPPERMINT TWIST, NICE",Food Misc.
MISC. FOOD BOX LFB,Food Misc.
MIXED FRUIT IN JUICE,Fruits
PACE NACHO CHEESE SAUCE MEDIUM,Dairy
BARILLA THIN SPAGHETTI,Grains
GNAP GREEN PEAS,Vegetables
"RICE KRISPIES TREATS, CINN SUGAR",Food Misc.
BEROCCA BOOST EFFERVESCENT,Food Misc.
"BAKED EGG PATTIES, BULK",Proteins
"MILD SWEET RELISH, VLASIC",Food Misc.
USDA PRODUCE BOX CCC,Mixed Produce
GILLETTE JOY DISPOSABLE RAZORS,Non-Food Misc.
"AMERICAN CHEESE, KRAFT SINGLES",Dairy
Dunkin' Coffee Thin Mint,Beverages
REESES PUFFS/CINNAMON CRUNCH BARS,Food Misc.
"DESSERTS, BAKERY LL",Food Misc.
ANNIES ORGANIC CHEDDAR PUFFS,Food Misc.
"ATLANTIC SALMON, LIGHTLY SMOKED",Proteins
GNAP PANCAKE SYRUP,Food Misc.
TIDE TO GO WIPES,Non-Food Misc.
CHEFS CUPBOARD CHICKEN STOCK FAT FREE,Proteins
STYROFOAM TRAYS/PLATES,Non-Food Misc.
PEANUT BUTTER,Proteins
SKITTLES,Food Misc.
TROLL PAMPERS EASY UP 2T-3T,Non-Food Misc.
"HAMBURGER BUNS, KINS HAWAIIAN SWEET",Grains
MELLO YELLO ZERO,Beverages
IDAHOAN MASHED POTATOES,Potatoes
CHICKEN BONE BROTH GINGER & TUMERIC,Proteins
USDA FIG PIECES,Fruits
SCHWEPPES ZERO SUGAR TONIC WATER,Beverages
GNAP CORN,Vegetables
"SMOKE BRATS, JOHNSONVILLE",Proteins
PILGRIMS WHOLE CHICKENS,Proteins
BRACHS MILK CHOCOLATE STARS,Food Misc.
USDA MIXED VEGETABLES,Vegetables
WHISKEY LOVERS SET - DISPLAY,Other
GARDETTOS CHIPS PEPPERCORN RANCH,Food Misc.
"STRAWBERRY MILKSHAKE, HERSHEYS",Food Misc.
"GNAP SLICED WHITE POTATOES, NO SALT",Potatoes
PACE MILD PICANTE SAUCE,Vegetables
USDA CHICK PEAS,Proteins
DIET MOUNTAIN DEW,Beverages
ONE-A-DAY MULTI PLUS IMMUNITY DEFENSE GUMMY,Food Misc.
PEPSI BLACK CHERRY COLA,Beverages
OLD EL PASO TORTILLA POCKET KIT,Food Misc.
SKITTLES/STARBURST/LIFESAVER/HUBBA BUBBA,Food Misc.
USDA MAC & CHEESE,Prepared Meals
HUNTS GARLIC & HERB PASTA SAUCE,Vegetables
BLUEBERRY CHEX,Grains
MELLO YELLO,Beverages
BUFFALO STYLE CHICKEN BITES,Prepared Meals
GNAP BEEF STEW POP TOP,Prepared Meals
"EGG ROLLS W/ PORK, MINH",Prepared Meals
KELLOGG ALL FAMILY ASST CEREAL,Grains
GATORADE GATORLYTE ORANGE,Beverages
AUSTIN PEANUT BUTTER ON CHEESE CRACKERS,Food Misc.
"CHEDDAR BROCCOLI, HOMEBAKE",Prepared Meals
"BOBS SWEET STRIPES, WINTERGREEN",Food Misc.
COSMOS HAND SANITIZER,Non-Food Misc.
GOLDEN GRAHAM SMORES BARS,Food Misc.
USDA SMALL ELBOW MACARONI,Grains
"SWEET TEA WATERMELON, ROYAL CUP",Beverages
USDA CANNED PORK,Proteins
KELLOGG STRAWBERRY WAFERS,Food Misc.
ZUCCHINI SQUASH,Vegetables
VALENTINES DUM-DUMS,Food Misc.
GNAP SLICED CARROTS,Vegetables
TWIX/SNICKERS/M&MS/MILY WAY MINIS,Food Misc.
MARZETTI SPINACH VEGGIE DIP,Food Misc.
APPLE JACKS CEREAL BARS,Food Misc.
GNAP CORN MUFFIN MIX,Grains
KRAFT MIRACLE WHIP,Food Misc.
STARRY 24 X 12 FL OZ,Beverages
"CORN, FRESH YELLOW",Vegetables
Pocky Strawberry Cream Covered Biscuit Sticks,Food Misc.
"GNAP SLICED CARROTS, LOW SODIUM",Vegetables
NIAGARA NATURAL SPRING WATER,Beverages
ATLANTIC SALMON FILLETS,Proteins
"GREEN BEANS, CUT",Vegetables
PACIFIC UNSWEETENED CASHEW BEVERAGE,Beverages
USDA DICED CARROTS,Vegetables
HARIBO STAR MIX,Food Misc.
USDA SWISS CHEESE BLOCK,Dairy
COCA COLA DREAMWORLD,Beverages
USDA SKIM MILK ,Dairy
GNAP BEEF RAVIOLI,Prepared Meals
BANG WHOLE LOTTA CHOCOLATA,Beverages
BELVITA PUMPKIN SPICE BREAKFAST BISCUITS,Food Misc.
CARAMEL APPLE POPS,Food Misc.
1/4 LB CHEESEBURGERS,Prepared Meals
COKE DREAMWORLD,Beverages
USDA GREAT NORTHERN BEANS,Proteins
USDA SBB RED FAT AMERICAN CHEESE,Dairy
TRADITIONAL PASTA SAUCE,Vegetables
AFGHAN SEASONED BONELESS CHICKEN THIGHS,Proteins
LIPTON PEACH ICED TEA,Beverages
SMARTIES ORIGINAL,Food Misc.
SHREDDED MONTERREY JACK CHEESE W/ HATCH GREEN CHILES,Dairy
SMITHFIELD PORK SPARERIBS,Proteins
"CHICKEN BREASTS, BONELESS SKINLESS",Proteins
SNICKERS,Food Misc.
NATURE VALLEY SWEET & SALTY GRANOLA BARS,Food Misc.
40 OZ HOT OR COLD INSULATED CUPS,Non-Food Misc.
HERSHEYS/REESES ASSTD BAGS,Food Misc.
GATORADE LOWER SUGAR FRUIT PUNCH,Beverages
LATTE & FRAPPE CARAMEL CRUNCH,Beverages
F2K PEANUT BUTTER POUCH,Proteins
24 OZ INSULATED CUPS,Non-Food Misc.
RX BAR CHOCOLATE GRANOLA 6 PACK,Food Misc.
GREAT VALUE PURIFIED DRINKING WATER,Beverages
MINT M&M'S,Non-Food Misc.
BODY ARMOR LYTE TROPICAL COCONUT,Beverages
USDA ROCKFISH FILETS,Proteins
CHEERIOS CEREAL,Grains
CHICKEN PASTA SIDES,Prepared Meals
VEGETABLE SOUP,Prepared Meals
PRETZEL M&M'S,Food Misc.
GNAP CHICKEN STEW,Prepared Meals
COTTONELLE ULTRA CLEAN 4/12,Non-Food Misc.
HALAL DICED CHICKEN THIGHS,Proteins
GAIN FABRIC SOFTENER,Non-Food Misc.
USDA MIXED VEGETABLES CCC,Vegetables
SEG GRILLING SPRAY,Food Misc.
PEAS & CARROTS-LOW SODIUM,Vegetables
"TOMATO SAUCE, HUNT'S",Vegetables
STARBUCKS CARAMEL FRAPPUCCINO 12 PK,Beverages
NESTLE CHOC CHIP LOVERS COOKIE DOUGH,Food Misc.
GNAP 100% APPLE JUICE,Beverages
ASSORTED KRAFT GUMMY BOX FRANKFORD,Food Misc.
RICE KRISPIES CEREAL,Grains
USDA FROZEN CHERRIES,Fruits
CLOVER VALLEY PURIFIED DRINKING WATER,Beverages
TRUE NORTH CHOCOLATE NUT CRUNCH,Food Misc.
TROPICANA ORANGE JUICE,Beverages
STARBUCKS CARAMEL FRAPPUCCINO 8PK,Beverages
DOLE LEMONADE VARIETY PACK,Beverages
COCA COLA UNLIMITED 20FL OZ,Beverages
ACT II BUTTER LOVERS  POPCORN,Grains
SBB MIXED VEGETABLES LOW SODIUM,Vegetables
STROGANOFF DINNER POUCH,Prepared Meals
HEAD & SHOULDERS SHAMPOO,Non-Food Misc.
KRAFT MAC & CHEESE,Prepared Meals
PROPEL VAR PACK PEACH/BLK CHERRY/WATERMELON,Beverages
BEEF PASTA DINNER POUCH,Prepared Meals
LUCKY CHARMS CEREAL,Grains
TIDE PODS LAUNDRY DETERGENT,Non-Food Misc.
BUGLES CORN SNACKS NACHO CHEESE,Food Misc.
"CHEEZ IT, ORIGINAL",Food Misc.
"USDA BROILER CHICKENS, INDIVIDUALLY PACKED",Proteins
SPRITE BOTTLES,Beverages
PURELEAF SUBTLY SWEET TEA,Beverages
MT DEW MAJOR MELON,Beverages
DR PEPPER STRAWBERRIES AND CREAM,Beverages
MARSHMALLOW TOPPING,Food Misc.
PROPEL LEMON WATER,Beverages
LA CHOY CHOW MEIN NOODLES,Prepared Meals
BRISK ICED TEA VARIETY PACK,Beverages
"FROSTED FLAKES, ESSENTIAL EVERYDAY",Grains
HERSHEYS VAR PACK,Food Misc.
OLD EL PASO FAJITA SEASONING,Food Misc.
"STEEL CUT BETTER OATS, MAPLE & BROWN SUGAR",Grains
MAC & BEEF EZO,Prepared Meals
"PALETA PAYASO, MARSHMALLOW WITH CHOCOLATE COATING",Food Misc.
MEMBERS MARK PURIFIED WATER,Beverages
GNAP PEAR HALVES IN LIGHT SYRUP,Fruits
TEAM CHEERIOS CEREAL BARS STRAWBERRY,Grains
"CHUM FRUIT BITES, MANGO",Fruits
MTN DEW ENERGY MAJOR MELON,Beverages
"DOVE MILK CHOCOLATE, MOLTEN LAVA",Food Misc.
QUAKER RICE THINS SALTED CARAMEL/COCOA CRUNCH,Grains
HALAL DICED CHICKEN BREASTS,Proteins
EVERBAKE VEGETABLE OIL SPRAY,Food Misc.
BIGS TAKI SUNFLOWER SEEDS,Proteins
ZEPHYRHILLS WATER,Beverages
VARIETY CANDY MILKYWAY/3MUSK/TWIX/SNICKER,Food Misc.
TASTY KITCHEN CREAM OF CHICKEN SOUP,Prepared Meals
SCHWEPPES WHITE PEACH GINGER ALE,Beverages
"CHEX MIX, ORIGINIAL",Food Misc.
"UNSORTED SALVAGE, LFB",Unsorted Salvage
NATURE VALLEY ASSORTED GRANOLA BARS,Food Misc.
CHARMS CANDY CARNIVAL,Food Misc.
TWIX COOKIE DOUGH,Food Misc.
F2K OATMEAL,Grains
GULDENS HONEY MUSTARD,Food Misc.
USDA LIGHTLY SALTED BUTTER,Dairy
USDA NECTARINES,Fruits
SEAGRAMS GINGER ALE,Beverages
COCA COLA ULTIMATE ZERO SUGAR 20 FL OZ,Beverages
TUMI YUMMIS ORANGE BURST DRINK,Beverages
DARK CHOCOLATE M&M'S,Food Misc.
USDA BLACK BEANS CCC,Proteins
NESTLE CHOCOLATE CHIP COOKIE DOUGH,Food Misc.
TRUE CLEAR PURIFIED WATER,Beverages
HALAL DICED SALT & PEPPER CHICKEN THIGHS,Proteins
HERSHEYS/REESES/KITKAT VAR BOX,Food Misc.
DUNCAN HINES KETO CHOC CHIP COOKIE MIX,Food Misc.
FRANKFORD MEGA MIX CANDY,Food Misc.
BOOM CHICKA POP SWEET/SALTY KETTLE POPCORN,Grains
KEEBLER SOFT BATCH CHOC CHIP COOKIES,Food Misc.
INSTANT MASHED POTATOES,Potatoes
BIGS TACO SUPREME SUNFLOWER SEEDS,Proteins
CORN CHEX CEREAL GLUTEN FREE,Grains
BAJA BLAST MT. DEW ZERO SUGAR,Beverages
CLOVER VALLEY CANOLA OIL COOKING SPRAY,Food Misc.
"GRITS, QUICK ENRICHED",Grains
BAKING & BISCUIT MIX,Grains
CHICKEN NOODLE SOUP,Prepared Meals
"GLUTINO CHOC VAN CREME COOKIES, GLUTEN FREE",Food Misc.
CHEDDAR BROCCOLI PASTA SIDES,Prepared Meals
DUNCAN HINES BROWNIE MUG CAKES,Food Misc.
WATERLOO SPARKLING WATER FLAVORED,Beverages
GROUND LAMB HALAL,Proteins
LFPA WATERMELONS,Fruits
"WHITE CHEDDAR PUFFS, EARTH BALANCE",Food Misc.
KROGER PUDDING SNACKS VANILLA,Food Misc.
NERDS GUMMY CLUSTERS,Food Misc.
CHICKEN W/ RICE,Prepared Meals
LIPTON ICED BRISKED LEMON ICE TEA,Beverages
CHOCOLATE LUCKY CHARMS CEREAL,Grains
RANCH STYLE BEANS,Proteins
COCA COLA ULTIMATE ZERO SUGAR 7.5,Beverages
FRITO LAY SCOOPS CHIPS,Food Misc.
KRAFT MEXICAN STYLE FOUR CHEESE,Dairy
CHICKEN & RICE SOUP,Prepared Meals
CHUNK TUNA IN WATER,Proteins
LITE PANCAKE SYRUP,Food Misc.
BLACKEYE PEAS,Proteins
FRITO LAY FLAVOR MIX,Food Misc.
DIET PEPSI 24 X 16.9 FL OZ,Beverages
GNAP FAMILY BOX 2,Food Misc.
"GLUTINO ANIMAL CRACKERS, GLUTEN FREE",Grains
SYSCO SHOESTRING FRIES,Potatoes
FROSTED MINI DONUTS,Food Misc.
PILOT XXL CUPS,Non-Food Misc.
SYSCO CRINKLE CUT FRENCH FRIES,Potatoes
SIMILAC INFANT FORMULA STAGE 1/0-12 MONTHS,Proteins
LIPTON DIET CITRUS GREEN TEA 20FL OZ,Beverages
MT DEW LIBERTY CHILL,Beverages
"HARIBO GOLD BEARS, RED WHITE AND BLUE",Food Misc.
"PEPPERONI & CHEESE FILLED SANDWICH, G/V",Prepared Meals
GATORADE FIERCE FRUIT PUNCH,Beverages
PEPSI ZERO SUGAR MANGO,Beverages
"BONELESS PORK LOIN SIRLOIN, SMITHFIELD",Proteins
"COFFEE CREAMER CINNABON, INT DELIGHT",Food Misc.
LYSOL DISINFECTING WIPES,Non-Food Misc.
F2K-O MAC & CHEESE,Prepared Meals
"ALL PURPOSE FLOUR, WHITE LILY",Grains
KIRKLAND SMOKED PULLED PORK,Proteins
"Capri Sun Fruit Punch, Pacific Cooler, Strawberry Kiwi",Beverages
"SALT, KOSHER",Food Misc.
TYSON CHICKEN DRUMSTICKS,Proteins
F2K SUMMER BERRY YOGURT SHELF STABLE,Dairy
OLD EL PASO HARD AND SOFT SHELL KIT,Food Misc.
KROGER NATURAL SPRING WATER,Beverages
"BIG GLAZED HONEY BUNS, G/VALUE",Food Misc.
CHOCOLATE CHIP MUFFINS,Food Misc.
F2K-O 1% MILK,Dairy
GATORADE BERRY,Beverages
LUZIANNE GREEN TEA W/ HONEY,Beverages
F2K-O BEEF STEW,Prepared Meals
KLEENGUARD NITRILE GLOVES LARGE,Non-Food Misc.
ORANGE CRUSH SODA,Beverages
SOUR PATCH KIDS WATERMELON,Food Misc.
"TURTLES, DARK CHOC PECAN",Food Misc.
F2K-O CHICKEN & RICE,Prepared Meals
M&M'S FUN SIZE,Food Misc.
DOVE MILK CHOC & CARAMEL,Food Misc.
SCHWEPPES WATERMELON MINT TONIC WATER,Beverages
GATORADE GLACIER FREEZE G2 24X12,Beverages
"Kool Aid Jammers Tropical Punch, Cherry, Strawberry Kiwi, Grape",Beverages
"BLUEBERRY MUFFINS, G/VALUE",Food Misc.
F2K-O CHEESE STICKS,Dairy
F2K CRISPY RICE CEREAL BOWLS,Grains
CAULIFLOWER LL,Vegetables
POWDERED MINI DONUTS,Food Misc.
F2K-O APPLE JUICE SINGLE SERVE,Beverages
COCA COLA SPICED,Beverages
F2K-O MAC & BEEF,Prepared Meals
SUN CHIPS MINIS,Food Misc.
F2K BEEF SNACK STICKS,Proteins
GNAP YELLOW SQUASH,Vegetables
"WHITE TEA RASPBERRY, LIPTON",Beverages
FANTA BEETLEJUICE HAUNTED APPLE,Beverages
"RICE KRISPIES TREATS, KELLOGGS",Food Misc.
TASTY CAKE MINI MUFFINS CONFETTI,Food Misc.
"HARIBO GOLD BEARS, GUMMY BEARS",Food Misc.
"COOKIES N CREAM NUTRITIONAL DRINK, CARNATION",Beverages
PURE LEAF BLACKBERRY TEA,Beverages
YELLOW SQUASH,Vegetables
BARK JERKY STYLE DOG TREATS,Non-Food Misc.
F2K WHITE MILK 1% INDIVIDUAL SIZE,Dairy
USDA PREMIUM WHITE CHICKEN IN POUCHES CCC,Proteins
"BEEF STEW, GNAP",Prepared Meals
EGGS - LARGE,Proteins
"SOUTHWEST TRAIL MIX, BEST CHOICE",Food Misc.
"PIZZA SNACK KITS PEPPERONI, ARMOUR",Food Misc.
GNAP LASAGNA POP TOP,Prepared Meals
LIPTON DIET MIXED BERRY GREEN TEA,Beverages
GNAP GROUND ITALIAN SAUSAGE,Proteins
MT DEW FREEDOM FUSION,Beverages
"DRINKS, SHL RETAIL PICKUPS",Beverages
MT DEW STAR SPANGLED SPLASH,Beverages
DOVE CHOC TIRAMASU CARAMEL,Food Misc.
"LARGE BROWN EGGS, PASTURE RAISED",Proteins
"CEREAL, WAFFLE CRUNCH",Grains
"SALSA QUESO, ON THE BORDER MONTJACK/SALSA",Food Misc.
"FAMILY FOOD BOX, SEE CONTENTS",Food Misc.
"HAM & CHEESE FILLED SANDWICH, G/V",Prepared Meals
"SQUASH, BUTTERNUT BULK BIN",Vegetables
"COFFEE CREAMER CARAMEL MACCHIATO, INT DELIGHT",Food Misc.
"PURIFIED WATER, WELLSLEY FARMS",Beverages
PEPSI PEACH,Beverages
"POPCORN CHICKEN, PARADISE FAMILY PACK ",Prepared Meals
"HUNGRY MAN, COUNTRY FRIED CHICKEN MEAL",Prepared Meals
"BUTTERMILK BISCUITS, PILLSBURY GRANDS",Grains
LIPTON GREEN TEA CITRUS CANS,Beverages
ICED TEA SWEETENER,Food Misc.
"BATTERED CHICKEN NUGGETS, PARADISE FAMILY PACK",Prepared Meals
FANTA ORANGE ZERO SUGAR,Beverages
GATORADE GATORLYTE STRAW KIWI,Beverages
"CREAM STYLE CORN, LOW SODIUM",Vegetables
COCA COLA SPICED ZERO SUGAR,Beverages
"COFFEE CREAMER HAZELNUT, INT DELIGHT",Prepared Meals
"CHICKEN FRIED RICE, STOUFFERS",Prepared Meals
"GNAP EGGS, FRESH",Proteins
"PINEAPPLES, FRESH SHL",Fruits
WONKA MAGIC HAT GUMMIES,Food Misc.
F2K-O BEEF LASAGNA,Prepared Meals
SWEET GREEN PEAS,Proteins
MT DEW 12/1LITER,Beverages
F2K-O MIXED BERRY SHELF STABLE YOGURT,Dairy
"COLA, CLOVER VALLEY",Beverages
PEPSI WILD CHERRY 12/16.9,Beverages
GNAP MAC & CHEESE CAN,Prepared Meals
"LEG QUARTERS, FRYING",Proteins
PURE BLISS INFANT FORMULA 0-12 MONTHS,Proteins
BUBBLY BURST PINEAPPLE TANGERINE,Beverages
"USDA 2% MILK, HALF GALLON",Dairy
"SPAGHETTI, KROGER",Grains
USDA FRESH TOMATOES CCC,Vegetables
STARRY ZERO SUGAR 16.9 FL OZ,Beverages
F2K STRAWBERRY YOGURT SHELF STABLE,Dairy
"ORANGE CHICKEN, STOUFFERS",Prepared Meals
GREEN BEANS,Proteins
PEPSI LIME,Beverages
F2K GOGO SQUEEZE APPLESAUCE,Fruits
"SOUP BONES MINTY DENTAL CHEWS DOGS, 18.6 OZ",Non-Food Misc.
GNAP MAC & BEEF,Prepared Meals
"COFFEE CREAMER, FRENCH VANILLA INT DELIGHT",Food Misc.
F2K CORN FLAKES CEREAL BOWLS,Grains
GATORADE STRAW KIWI ZERO SUGAR,Beverages
"CORNBREAD & MUFFIN MIX, BETTY CROCKER",Grains
STARBUCKS MOCHA FRAPPUCCINO,Beverages
TRIPLE CHOCOLATE MUFFING,Food Misc.
F2K-O TURKEY STICKS,Proteins
F2K-O CHICKEN ALFREDO,Prepared Meals
LFPA ONIONS,Vegetables
"WATER, G/VALUE PURIFIED DRINKING",Beverages
TOTINOS PIZZA - SAUSAGE,Prepared Meals
GNAP PEANUT BUTTER POUCHES,Proteins
QUAKER INSTANT OATMEAL VAR PACKS,Grains
"PEPPERONI & CHEESE FILLED SANDWICH, G/V 9 OZ",Prepared Meals
DUNKAROOS CINNAMON TOAST CRUNCH COOKIES,Food Misc.
"FRUIT & NUT TRAIL MIX, BEST CHOICE",Food Misc.
"ALL PURPOSE FLOUR, BAKERS CORNER",Grains
"NATURAL SPRING WATER, PIGGLY WIGGLY",Beverages
"BEEF & BROCOLLI, STOUFFERS",Prepared Meals
"F2K VANILLA YOGURT, SHELF STABLE",Dairy
F2K ZIPLOC GALLON STORAGE BAGS,Non-Food Misc.
REESES MINIATURE CUPS W/ REESE'S PUFFS,Food Misc.
