County,Month,Weight,TopAgency1Name,TopAgency1Weight,TopAgency2Name,TopAgency2Weight,Num. of Unique Agencies,Source
BANKS,2022-07,15751.0,"Get Real Ministries, Inc.",7936.0,"Homer Methodist Church, Inc.",3286.0,5,FY 2023 Split by County
BANKS,2022-08,23523.0,"Get Real Ministries, Inc.",8563.0,Food 2 Kids Banks County,6000.0,7,FY 2023 Split by County
BANKS,2022-09,14695.0,"Get Real Ministries, Inc.",9283.0,"Homer Methodist Church, Inc.",2634.0,4,FY 2023 Split by County
BANKS,2022-10,18593.0,"Get Real Ministries, Inc.",8264.0,Food 2 Kids Banks County,2490.0,6,FY 2023 Split by County
BANKS,2022-11,20964.0,"Get Real Ministries, Inc.",7810.0,Alto C.H. Church Benevolent- The Grace House,3715.0,7,FY 2023 Split by County
BANKS,2022-12,14715.0,"Get Real Ministries, Inc.",7849.0,Food 2 Kids Banks County,3250.0,5,FY 2023 Split by County
BANKS,2023-01,16169.0,"Get Real Ministries, Inc.",6081.0,"Homer Methodist Church, Inc.",4360.0,6,FY 2023 Split by County
BANKS,2023-02,17300.0,"Get Real Ministries, Inc.",7715.0,Food 2 Kids Banks County,2600.0,8,FY 2023 Split by County
BANKS,2023-03,11755.0,"Get Real Ministries, Inc.",4256.0,Food 2 Kids Banks County,2600.0,7,FY 2023 Split by County
BANKS,2023-04,15842.0,"Get Real Ministries, Inc.",7426.0,Food 2 Kids Banks County,3900.0,6,FY 2023 Split by County
BANKS,2023-05,16214.0,"Get Real Ministries, Inc.",8168.0,New Life Fellowship,2143.0,6,FY 2023 Split by County
BANKS,2023-06,12782.0,"Get Real Ministries, Inc.",6349.0,Food 2 Kids Banks County,2600.0,6,FY 2023 Split by County
BANKS,2023-07,18645.0,Gillsville Baptist Church INC,6975.0,"Get Real Ministries, Inc.",5494.0,7,FY 2024 Split by County
BANKS,2023-08,16057.0,"Get Real Ministries, Inc.",5752.0,Alto C.H. Church Benevolent- The Grace House,5503.0,6,FY 2024 Split by County
BANKS,2023-09,37905.0,Food 2 Kids Banks County,16946.0,Gillsville Baptist Church INC,10422.0,6,FY 2024 Split by County
BANKS,2023-10,29391.0,Food 2 Kids Banks County,10244.0,"Get Real Ministries, Inc.",9061.0,8,FY 2024 Split by County
BANKS,2023-11,30103.0,Food 2 Kids Banks County,20768.0,"Get Real Ministries, Inc.",4304.0,7,FY 2024 Split by County
BANKS,2023-12,37063.0,Food 2 Kids Banks County,14862.0,Gillsville Baptist Church INC,12647.0,8,FY 2024 Split by County
BANKS,2024-01,32735.0,Food 2 Kids Banks County,21948.0,"Get Real Ministries, Inc.",4014.0,7,FY 2024 Split by County
BANKS,2024-02,36713.0,Food 2 Kids Banks County,17153.0,"Get Real Ministries, Inc.",8290.0,7,FY 2024 Split by County
BANKS,2024-03,36113.0,Food 2 Kids Banks County,18059.0,"Get Real Ministries, Inc.",8698.0,7,FY 2024 Split by County
BANKS,2024-04,33352.0,Food 2 Kids Banks County,14334.0,"Get Real Ministries, Inc.",8027.0,7,FY 2024 Split by County
BANKS,2024-05,27341.0,Food 2 Kids Banks County,8707.0,"Get Real Ministries, Inc.",8099.0,7,FY 2024 Split by County
BANKS,2024-06,30560.5,Food 2 Kids Banks County,20145.5,"Homer Methodist Church, Inc.",3713.0,6,FY 2024 Split by County
BANKS,2024-07,52960.0,Food 2 Kids Banks County,24772.0,Gillsville Baptist Church INC,10779.0,7,FY 2025 Split by County
BANKS,2024-08,51616.0,Food 2 Kids Banks County,26179.0,"Get Real Ministries, Inc.",8012.0,10,FY 2025 Split by County
BANKS,2024-09,27251.0,"Banks County Family Connection, Inc.",8186.0,"Get Real Ministries, Inc.",6981.0,10,FY 2025 Split by County
BANKS,2024-10,28237.0,"Banks County Family Connection, Inc.",10050.0,Gillsville Baptist Church INC,5183.0,7,FY 2025 Split by County
BANKS,2024-11,40220.0,"Banks County Family Connection, Inc.",8784.0,"Get Real Ministries, Inc.",7065.0,11,FY 2025 Split by County
BANKS,2024-12,41214.0,"Banks County Family Connection, Inc.",14821.0,Gillsville Baptist Church INC,6591.0,10,FY 2025 Split by County
BANKS,2025-01,15424.0,"Homer Methodist Church, Inc.",5711.0,"Get Real Ministries, Inc.",3386.0,8,FY 2025 Split by County
BANKS,2025-02,19740.0,"Get Real Ministries, Inc.",6340.0,"Homer Methodist Church, Inc.",5772.0,9,FY 2025 Split by County
BANKS,2025-03,34149.0,"Get Real Ministries, Inc.",10807.0,"Homer Methodist Church, Inc.",5357.0,11,FY 2025 Split by County
BANKS,2025-04,25943.0,"Get Real Ministries, Inc.",7604.0,"Homer Methodist Church, Inc.",6349.0,10,FY 2025 Split by County
BANKS,2025-05,35892.0,Food 2 Kids Banks County,10043.0,"Get Real Ministries, Inc.",6246.0,11,FY 2025 Split by County
BANKS,2025-06,49232.0,Food 2 Kids Banks County,35172.0,"Get Real Ministries, Inc.",8025.0,5,FY 2025 Split by County
BARROW,2022-07,58984.0,Barrow County Food Pantry,29301.0,River Hills Church,21345.0,10,FY 2023 Split by County
BARROW,2022-08,71003.0,Barrow County Food Pantry,31505.0,Bear Creek First Baptist Church,15914.0,10,FY 2023 Split by County
BARROW,2022-09,49756.0,Barrow County Food Pantry,28147.0,River Hills Church,10151.0,11,FY 2023 Split by County
BARROW,2022-10,77237.0,Barrow County Food Pantry,37625.0,Bear Creek First Baptist Church,16490.0,14,FY 2023 Split by County
BARROW,2022-11,68213.0,Barrow County Food Pantry,29128.0,Winder Freelife Church,14389.0,12,FY 2023 Split by County
BARROW,2022-12,62271.0,Barrow County Food Pantry,43777.0,River Hills Church,8525.0,11,FY 2023 Split by County
BARROW,2023-01,48754.0,Barrow County Food Pantry,24043.0,River Hills Church,11628.0,12,FY 2023 Split by County
BARROW,2023-02,49068.0,Barrow County Food Pantry,26655.0,River Hills Church,10668.0,14,FY 2023 Split by County
BARROW,2023-03,53505.0,Barrow County Food Pantry,25240.0,River Hills Church,10645.0,11,FY 2023 Split by County
BARROW,2023-04,67405.0,Barrow County Food Pantry,36395.0,Bear Creek First Baptist Church,10833.0,11,FY 2023 Split by County
BARROW,2023-05,39928.0,Barrow County Food Pantry,19983.0,River Hills Church,8066.0,11,FY 2023 Split by County
BARROW,2023-06,69198.0,Barrow County Food Pantry,23029.0,Bear Creek First Baptist Church,17502.0,13,FY 2023 Split by County
BARROW,2023-07,52497.0,Barrow County Food Pantry,28662.0,River Hills Church,12233.0,10,FY 2024 Split by County
BARROW,2023-08,76452.0,Barrow County Food Pantry,41545.0,F2K360 BARROW,10902.0,11,FY 2024 Split by County
BARROW,2023-09,61184.0,Barrow County Food Pantry,31354.0,River Hills Church,9530.0,12,FY 2024 Split by County
BARROW,2023-10,68651.0,Barrow County Food Pantry,35146.0,River Hills Church,9987.0,12,FY 2024 Split by County
BARROW,2023-11,109332.0,Barrow County Food Pantry,39350.0,Bear Creek First Baptist Church,20352.0,14,FY 2024 Split by County
BARROW,2023-12,106027.0,Barrow County Food Pantry,59677.0,"Spirit Of Sharing, INC",12000.0,14,FY 2024 Split by County
BARROW,2024-01,94041.0,Barrow County Food Pantry,39217.0,"Spirit Of Sharing, INC",11201.0,14,FY 2024 Split by County
BARROW,2024-02,97985.0,Barrow County Food Pantry,30928.0,Food 2 Kids Barrow County,19678.0,14,FY 2024 Split by County
BARROW,2024-03,106478.0,Barrow County Food Pantry,40706.0,"Spirit Of Sharing, INC",12894.0,14,FY 2024 Split by County
BARROW,2024-04,112035.0,Barrow County Food Pantry,42821.0,Hills Temple FBH Church,12601.0,14,FY 2024 Split by County
BARROW,2024-05,102209.0,Barrow County Food Pantry,41183.0,"Spirit Of Sharing, INC",11547.0,16,FY 2024 Split by County
BARROW,2024-06,101910.9,Barrow County Food Pantry,46022.0,First Baptist Church of Carl,23018.0,14,FY 2024 Split by County
BARROW,2024-07,123268.35,Barrow County Food Pantry,60301.0,Food 2 Kids Barrow County,11602.0,15,FY 2025 Split by County
BARROW,2024-08,132701.0,Barrow County Food Pantry,48402.0,F2K360 BARROW,23938.0,17,FY 2025 Split by County
BARROW,2024-09,97143.0,Barrow County Food Pantry,55950.0,Crossview Church Food Pantry,12168.0,14,FY 2025 Split by County
BARROW,2024-10,107615.0,Barrow County Food Pantry,53602.0,"Spirit Of Sharing, INC",12618.0,14,FY 2025 Split by County
BARROW,2024-11,98496.0,Barrow County Food Pantry,58579.0,"Spirit Of Sharing, INC",11916.0,14,FY 2025 Split by County
BARROW,2024-12,104601.0,Barrow County Food Pantry,60072.0,"Spirit Of Sharing, INC",13046.0,13,FY 2025 Split by County
BARROW,2025-01,88057.0,Barrow County Food Pantry,43495.0,"Spirit Of Sharing, INC",12703.0,14,FY 2025 Split by County
BARROW,2025-02,89954.0,Barrow County Food Pantry,37919.0,"Spirit Of Sharing, INC",14143.0,14,FY 2025 Split by County
BARROW,2025-03,97124.0,Barrow County Food Pantry,40361.0,"Spirit Of Sharing, INC",13450.0,16,FY 2025 Split by County
BARROW,2025-04,101611.0,Barrow County Food Pantry,52920.0,"Spirit Of Sharing, INC",12000.0,15,FY 2025 Split by County
BARROW,2025-05,104132.0,Barrow County Food Pantry,33050.0,"Spirit Of Sharing, INC",19925.0,15,FY 2025 Split by County
BARROW,2025-06,99214.62,"Spirit Of Sharing, INC",27781.0,YMCA of GA's Piedmont- Barrow County,20569.0,15,FY 2025 Split by County
CLARKE,2022-07,305601.0,Mt. Olive SDA Church,83618.0,iServe Ministries/Athens,37350.0,46,FY 2023 Split by County
CLARKE,2022-08,323374.0,Mt. Olive SDA Church,63128.0,Cornerstone Food Pantry,32286.0,50,FY 2023 Split by County
CLARKE,2022-09,347383.0,Mt. Olive SDA Church,93083.0,iServe Ministries/Athens,36407.0,51,FY 2023 Split by County
CLARKE,2022-10,352286.0,Mt. Olive SDA Church,59298.0,"City of Refuge Athens, INC",33268.0,56,FY 2023 Split by County
CLARKE,2022-11,323170.0,Mt. Olive SDA Church,72698.0,"True Comfort Care Home, Inc.",26602.0,51,FY 2023 Split by County
CLARKE,2022-12,403223.5,Mt. Olive SDA Church,113882.0,FOOD BANK OF NEGA,57164.0,46,FY 2023 Split by County
CLARKE,2023-01,406845.0,Mt. Olive SDA Church,114061.0,FOOD BANK OF NEGA,60734.0,50,FY 2023 Split by County
CLARKE,2023-02,249128.0,Mt. Olive SDA Church,54283.0,Cornerstone Food Pantry,28045.0,51,FY 2023 Split by County
CLARKE,2023-03,325352.0,Mt. Olive SDA Church,100870.0,"City of Refuge Athens, INC",30338.0,51,FY 2023 Split by County
CLARKE,2023-04,299343.0,Mt. Olive SDA Church,78949.0,Cornerstone Food Pantry,25859.0,54,FY 2023 Split by County
CLARKE,2023-05,266075.0,Mt. Olive SDA Church,62565.0,Cornerstone Food Pantry,23143.0,49,FY 2023 Split by County
CLARKE,2023-06,327485.0,Mt. Olive SDA Church,88141.0,"City of Refuge Athens, INC",30161.0,49,FY 2023 Split by County
CLARKE,2023-07,281253.0,Mt. Olive SDA Church,60926.0,"City of Refuge Athens, INC",34157.0,51,FY 2024 Split by County
CLARKE,2023-08,432993.0,Mt. Olive SDA Church,119825.0,"City of Refuge Athens, INC",60250.0,53,FY 2024 Split by County
CLARKE,2023-09,336270.0,FOOD BANK OF NEGA,45188.0,Cornerstone Food Pantry,42115.0,55,FY 2024 Split by County
CLARKE,2023-10,388762.0,Mt. Olive SDA Church,95932.0,Cornerstone Food Pantry,48170.0,59,FY 2024 Split by County
CLARKE,2023-11,453036.0,Mt. Olive SDA Church,89699.0,FOOD BANK OF NEGA,78129.0,62,FY 2024 Split by County
CLARKE,2023-12,428715.0,Mt. Olive SDA Church,101225.0,FOOD BANK OF NEGA,83544.0,56,FY 2024 Split by County
CLARKE,2024-01,486327.0,Mt. Olive SDA Church,97857.0,"City of Refuge Athens, INC",56088.0,55,FY 2024 Split by County
CLARKE,2024-02,441337.0,Mt. Olive SDA Church,100920.0,Cornerstone Food Pantry,40569.0,59,FY 2024 Split by County
CLARKE,2024-03,441877.0,Mt. Olive SDA Church,99662.0,FOOD BANK OF NEGA,60484.0,61,FY 2024 Split by County
CLARKE,2024-04,408270.0,Mt. Olive SDA Church,67230.0,Cornerstone Food Pantry,39439.0,63,FY 2024 Split by County
CLARKE,2024-05,520525.72,Mt. Olive SDA Church,128491.0,"City of Refuge Athens, INC",58848.0,66,FY 2024 Split by County
CLARKE,2024-06,421620.88,Mt. Olive SDA Church,134246.0,Cornerstone Food Pantry,50334.0,52,FY 2024 Split by County
CLARKE,2024-07,492709.0,Mt. Olive SDA Church,120504.0,"City of Refuge Athens, INC",48405.0,55,FY 2025 Split by County
CLARKE,2024-08,595952.0,Mt. Olive SDA Church,123559.0,Cornerstone Food Pantry,56178.0,65,FY 2025 Split by County
CLARKE,2024-09,420653.0,Mt. Olive SDA Church,91341.0,Cornerstone Food Pantry,55114.0,66,FY 2025 Split by County
CLARKE,2024-10,583351.0,Mt. Olive SDA Church,110303.0,Farm to Neighborhood,56767.0,66,FY 2025 Split by County
CLARKE,2024-11,537781.0,Mt. Olive SDA Church,100664.0,FOOD BANK OF NEGA,60112.0,70,FY 2025 Split by County
CLARKE,2024-12,508953.0,Mt. Olive SDA Church,172023.0,Cornerstone Food Pantry,54916.0,61,FY 2025 Split by County
CLARKE,2025-01,512755.0,Mt. Olive SDA Church,160728.0,Farm to Neighborhood,53495.0,61,FY 2025 Split by County
CLARKE,2025-02,586709.0,Mt. Olive SDA Church,137866.0,Farm to Neighborhood,72193.0,69,FY 2025 Split by County
CLARKE,2025-03,609612.0,Mt. Olive SDA Church,104221.0,FOOD BANK OF NEGA,100746.0,70,FY 2025 Split by County
CLARKE,2025-04,434326.0,Mt. Olive SDA Church,64078.0,Cornerstone Food Pantry,48008.0,69,FY 2025 Split by County
CLARKE,2025-05,436588.0,Farm to Neighborhood,97254.0,"City of Refuge Athens, INC",64020.0,60,FY 2025 Split by County
CLARKE,2025-06,483323.78,Farm to Neighborhood,106752.0,Cornerstone Food Pantry,64332.0,59,FY 2025 Split by County
ELBERT,2024-10,21137.0,SafeHouse Ministries,11340.0,Sharing and Caring - Bowman,3901.0,5,FY 2025 Split by County
ELBERT,2024-11,42862.0,SafeHouse Ministries,24903.0,Elbert County UMC Food Ministry,13209.0,5,FY 2025 Split by County
ELBERT,2024-12,18929.0,Elbert County UMC Food Ministry,12880.0,Sharing and Caring - Bowman,2979.0,4,FY 2025 Split by County
ELBERT,2025-01,41765.0,SafeHouse Ministries,22883.0,Elbert County UMC Food Ministry,12186.0,5,FY 2025 Split by County
ELBERT,2025-02,22644.0,Elbert County UMC Food Ministry,12678.0,SafeHouse Ministries,9897.0,3,FY 2025 Split by County
ELBERT,2025-03,22272.0,SafeHouse Ministries,8841.0,Elbert County UMC Food Ministry,7799.0,4,FY 2025 Split by County
ELBERT,2025-04,21547.0,Elbert County UMC Food Ministry,9396.0,SafeHouse Ministries,7905.0,5,FY 2025 Split by County
ELBERT,2025-05,15101.0,SafeHouse Ministries,10101.0,Elbert County UMC Food Ministry,3562.0,4,FY 2025 Split by County
ELBERT,2025-06,27528.5,SafeHouse Ministries,15475.5,Elbert County UMC Food Ministry,8176.0,5,FY 2025 Split by County
FRANKLIN,2022-07,36493.0,Lavonia Church of God,17206.0,Rainbow Pantry,10317.0,7,FY 2023 Split by County
FRANKLIN,2022-08,28969.0,Lavonia Church of God,9132.0,Rainbow Pantry,8433.0,8,FY 2023 Split by County
FRANKLIN,2022-09,26614.0,Lavonia Church of God,11568.0,Rainbow Pantry,6050.0,7,FY 2023 Split by County
FRANKLIN,2022-10,27886.0,Lavonia Church of God,13541.0,Rainbow Pantry,5549.0,9,FY 2023 Split by County
FRANKLIN,2022-11,32776.0,Lavonia Church of God,8948.0,Rainbow Pantry,5797.0,8,FY 2023 Split by County
FRANKLIN,2022-12,33712.0,Lavonia Church of God,12276.0,"Step of Faith Outreach, INC",6290.0,8,FY 2023 Split by County
FRANKLIN,2023-01,35540.0,Lavonia Church of God,13940.0,Rainbow Pantry,13486.0,8,FY 2023 Split by County
FRANKLIN,2023-02,18987.0,Lavonia Church of God,11323.0,Rainbow Pantry,2748.0,7,FY 2023 Split by County
FRANKLIN,2023-03,26861.0,Lavonia Church of God,8782.0,Rainbow Pantry,8503.0,7,FY 2023 Split by County
FRANKLIN,2023-04,22355.0,Lavonia Church of God,7992.0,Rainbow Pantry,7649.0,7,FY 2023 Split by County
FRANKLIN,2023-05,20417.0,Lavonia Church of God,9104.0,Rainbow Pantry,5693.0,8,FY 2023 Split by County
FRANKLIN,2023-06,28101.0,Lavonia Church of God,11885.0,Rainbow Pantry,7759.0,8,FY 2023 Split by County
FRANKLIN,2023-07,24302.0,Lavonia Church of God,13350.0,Rainbow Pantry,4202.0,7,FY 2024 Split by County
FRANKLIN,2023-08,24458.0,Lavonia Church of God,10464.0,Rainbow Pantry,8595.0,7,FY 2024 Split by County
FRANKLIN,2023-09,47465.0,Rainbow Pantry,19012.0,Lavonia Church of God,16113.0,7,FY 2024 Split by County
FRANKLIN,2023-10,26755.0,Lavonia Church of God,14599.0,Rainbow Pantry,5324.0,6,FY 2024 Split by County
FRANKLIN,2023-11,38346.0,Rainbow Pantry,12665.0,Lavonia Church of God,11087.0,7,FY 2024 Split by County
FRANKLIN,2023-12,20402.0,Lavonia Church of God,11930.0,Rainbow Pantry,4476.0,4,FY 2024 Split by County
FRANKLIN,2024-01,52225.0,The Grace Foundation: Family Transformation ,29798.0,Lavonia Church of God,11784.0,8,FY 2024 Split by County
FRANKLIN,2024-02,36729.0,The Grace Foundation: Family Transformation ,12717.0,Lavonia Church of God,11929.0,7,FY 2024 Split by County
FRANKLIN,2024-03,41092.0,Rainbow Pantry,16964.0,Lavonia Church of God,11837.0,7,FY 2024 Split by County
FRANKLIN,2024-04,46270.0,Lavonia Church of God,12684.0,The Grace Foundation: Family Transformation ,12320.0,7,FY 2024 Split by County
FRANKLIN,2024-05,49140.0,Lavonia Church of God,13051.0,New Beginnings Ministry,9330.0,8,FY 2024 Split by County
FRANKLIN,2024-06,35570.7,Lavonia Church of God,14329.0,Rainbow Pantry,13319.7,6,FY 2024 Split by County
FRANKLIN,2024-07,57475.0,The Grace Foundation: Family Transformation ,21037.0,Lavonia Church of God,12555.0,7,FY 2025 Split by County
FRANKLIN,2024-08,35984.0,Rainbow Pantry,12288.0,Lavonia Church of God,11365.0,6,FY 2025 Split by County
FRANKLIN,2024-09,40965.0,Rainbow Pantry,13486.0,Lavonia Church of God,12025.0,7,FY 2025 Split by County
FRANKLIN,2024-10,39545.0,Rainbow Pantry,15666.0,Lavonia Church of God,12459.0,6,FY 2025 Split by County
FRANKLIN,2024-11,52217.0,Rainbow Pantry,19478.0,Lavonia Church of God,12791.0,7,FY 2025 Split by County
FRANKLIN,2024-12,36248.0,Rainbow Pantry,16047.0,Lavonia Church of God,12393.0,8,FY 2025 Split by County
FRANKLIN,2025-01,26057.0,Rainbow Pantry,17100.0,New Beginnings Ministry,6054.0,5,FY 2025 Split by County
FRANKLIN,2025-02,45125.0,Rainbow Pantry,17457.0,Lavonia Church of God,13015.0,6,FY 2025 Split by County
FRANKLIN,2025-03,44766.0,Rainbow Pantry,19980.0,Lavonia Church of God,12985.0,6,FY 2025 Split by County
FRANKLIN,2025-04,51281.0,Rainbow Pantry,15085.0,Lavonia Church of God,12746.0,8,FY 2025 Split by County
FRANKLIN,2025-05,54542.0,Rainbow Pantry,19146.0,Lavonia Church of God,12017.0,9,FY 2025 Split by County
FRANKLIN,2025-06,41428.08,Rainbow Pantry,17922.0,Lavonia Church of God,11384.0,7,FY 2025 Split by County
HABERSHAM,2022-07,63710.0,Open Door Food Ministry (The Torch Church of God),41399.0,First Presbyterian Church of Cornelia,8000.0,17,FY 2023 Split by County
HABERSHAM,2022-08,84201.0,Open Door Food Ministry (The Torch Church of God),56170.0,First Presbyterian Church of Cornelia,6000.0,16,FY 2023 Split by County
HABERSHAM,2022-09,79465.0,Open Door Food Ministry (The Torch Church of God),52872.0,First Presbyterian Church of Cornelia,8400.0,18,FY 2023 Split by County
HABERSHAM,2022-10,101257.0,Open Door Food Ministry (The Torch Church of God),60724.0,First Presbyterian Church of Cornelia,8000.0,16,FY 2023 Split by County
HABERSHAM,2022-11,76614.0,Open Door Food Ministry (The Torch Church of God),46808.0,First Presbyterian Church of Cornelia,8760.0,17,FY 2023 Split by County
HABERSHAM,2022-12,78214.0,Open Door Food Ministry (The Torch Church of God),47983.0,Food 2 Kids Habersham County,7865.0,17,FY 2023 Split by County
HABERSHAM,2023-01,88504.0,Open Door Food Ministry (The Torch Church of God),42999.0,First Presbyterian Church of Cornelia,8500.0,19,FY 2023 Split by County
HABERSHAM,2023-02,68245.0,Open Door Food Ministry (The Torch Church of God),39866.0,First Presbyterian Church of Cornelia,8200.0,18,FY 2023 Split by County
HABERSHAM,2023-03,84181.0,Open Door Food Ministry (The Torch Church of God),46969.0,First Presbyterian Church of Cornelia,12865.0,18,FY 2023 Split by County
HABERSHAM,2023-04,65622.0,Open Door Food Ministry (The Torch Church of God),45284.0,Food 2 Kids Habersham County,9295.0,16,FY 2023 Split by County
HABERSHAM,2023-05,74832.0,Open Door Food Ministry (The Torch Church of God),46512.0,First Presbyterian Church of Cornelia,8000.0,16,FY 2023 Split by County
HABERSHAM,2023-06,77669.0,Open Door Food Ministry (The Torch Church of God),50567.0,First Presbyterian Church of Cornelia,6840.0,17,FY 2023 Split by County
HABERSHAM,2023-07,73409.0,Open Door Food Ministry (The Torch Church of God),45538.0,First Presbyterian Church of Cornelia,8172.0,18,FY 2024 Split by County
HABERSHAM,2023-08,106002.0,Open Door Food Ministry (The Torch Church of God),66691.0,First Presbyterian Church of Cornelia,9000.0,20,FY 2024 Split by County
HABERSHAM,2023-09,63313.0,Open Door Food Ministry (The Torch Church of God),38520.0,First Presbyterian Church of Cornelia,8000.0,16,FY 2024 Split by County
HABERSHAM,2023-10,116000.0,Open Door Food Ministry (The Torch Church of God),80529.0,Demorest Baptist Church,7600.0,20,FY 2024 Split by County
HABERSHAM,2023-11,119906.0,Open Door Food Ministry (The Torch Church of God),84137.0,First Presbyterian Church of Cornelia,9300.0,18,FY 2024 Split by County
HABERSHAM,2023-12,77176.0,Open Door Food Ministry (The Torch Church of God),51915.0,First Presbyterian Church of Cornelia,8410.0,17,FY 2024 Split by County
HABERSHAM,2024-01,93725.0,Open Door Food Ministry (The Torch Church of God),54032.0,First Presbyterian Church of Cornelia,16765.0,18,FY 2024 Split by County
HABERSHAM,2024-02,102619.0,Open Door Food Ministry (The Torch Church of God),66989.0,First Presbyterian Church of Cornelia,7707.0,18,FY 2024 Split by County
HABERSHAM,2024-03,87941.0,Open Door Food Ministry (The Torch Church of God),64409.0,Life Church Baldwin,4566.0,18,FY 2024 Split by County
HABERSHAM,2024-04,117411.0,Open Door Food Ministry (The Torch Church of God),57610.0,Demorest Baptist Church,27960.0,18,FY 2024 Split by County
HABERSHAM,2024-05,145321.0,Open Door Food Ministry (The Torch Church of God),98680.0,First Presbyterian Church of Cornelia,15697.0,18,FY 2024 Split by County
HABERSHAM,2024-06,38191.0,Open Door Food Ministry (The Torch Church of God),23603.0,Clarkesville Church of God,4157.0,14,FY 2024 Split by County
HABERSHAM,2024-07,97876.09,Open Door Food Ministry (The Torch Church of God),51371.0,First Presbyterian Church of Cornelia,14646.0,18,FY 2025 Split by County
HABERSHAM,2024-08,101691.0,Open Door Food Ministry (The Torch Church of God),74118.0,Helping Hands Ministry,4555.0,18,FY 2025 Split by County
HABERSHAM,2024-09,88641.0,Open Door Food Ministry (The Torch Church of God),53097.0,First Presbyterian Church of Cornelia,7425.0,19,FY 2025 Split by County
HABERSHAM,2024-10,115130.0,Open Door Food Ministry (The Torch Church of God),66536.0,Habersham County MedLink Georgia,11950.0,20,FY 2025 Split by County
HABERSHAM,2024-11,112668.0,Open Door Food Ministry (The Torch Church of God),68151.0,First Presbyterian Church of Cornelia,8000.0,20,FY 2025 Split by County
HABERSHAM,2024-12,92299.0,Open Door Food Ministry (The Torch Church of God),58932.0,First Presbyterian Church of Cornelia,9600.0,17,FY 2025 Split by County
HABERSHAM,2025-01,104051.0,Open Door Food Ministry (The Torch Church of God),53487.0,First Presbyterian Church of Cornelia,15277.0,22,FY 2025 Split by County
HABERSHAM,2025-02,115923.0,Open Door Food Ministry (The Torch Church of God),60951.0,First Presbyterian Church of Cornelia,8658.0,20,FY 2025 Split by County
HABERSHAM,2025-03,114188.0,Open Door Food Ministry (The Torch Church of God),83581.0,Clarkesville Church of God,4528.0,20,FY 2025 Split by County
HABERSHAM,2025-04,96100.0,Open Door Food Ministry (The Torch Church of God),54072.0,First Presbyterian Church of Cornelia,8992.0,23,FY 2025 Split by County
HABERSHAM,2025-05,110071.0,Open Door Food Ministry (The Torch Church of God),60311.0,The Everyday Good F2K,13933.0,21,FY 2025 Split by County
HABERSHAM,2025-06,138564.6,Open Door Food Ministry (The Torch Church of God),88457.0,Goodwill NEGA Habersham,9769.6,22,FY 2025 Split by County
HART,2022-07,19778.0,Hart County Cupboard,8806.0,Cornerstone Baptist Church,8639.0,6,FY 2023 Split by County
HART,2022-08,16808.0,Cornerstone Baptist Church,8168.0,Hart County Cupboard,5740.0,6,FY 2023 Split by County
HART,2022-09,28196.0,Hart County Cupboard,8651.0,Cornerstone Baptist Church,8438.0,9,FY 2023 Split by County
HART,2022-10,33570.0,Hart County Cupboard,16695.0,Cornerstone Baptist Church,8714.0,9,FY 2023 Split by County
HART,2022-11,18037.0,Cornerstone Baptist Church,8360.0,Hart County ALC/MSFP,2644.0,8,FY 2023 Split by County
HART,2022-12,24651.0,Oak Bower Baptist Church,10072.0,Cornerstone Baptist Church,7680.0,9,FY 2023 Split by County
HART,2023-01,28489.0,"Christian Worship Assembly, INC",8331.0,Cornerstone Baptist Church,7195.0,9,FY 2023 Split by County
HART,2023-02,23304.0,Cornerstone Baptist Church,7731.0,Hart County Cupboard,7355.0,9,FY 2023 Split by County
HART,2023-03,30244.0,Hart County Cupboard,12546.0,Cornerstone Baptist Church,5607.0,10,FY 2023 Split by County
HART,2023-04,19580.0,Cornerstone Baptist Church,8569.0,Food 2 Kids Hart County,3822.0,8,FY 2023 Split by County
HART,2023-05,32820.0,Oak Bower Baptist Church,10847.0,Cornerstone Baptist Church,8387.0,9,FY 2023 Split by County
HART,2023-06,21049.0,Hart County Cupboard,7810.0,Cornerstone Baptist Church,6622.0,8,FY 2023 Split by County
HART,2023-07,16814.0,Cornerstone Baptist Church,7994.0,Hart County Cupboard,5327.0,7,FY 2024 Split by County
HART,2023-08,23183.0,"Christian Worship Assembly, INC",11484.0,Cornerstone Baptist Church,6874.0,7,FY 2024 Split by County
HART,2023-09,11649.0,Cornerstone Baptist Church,6386.0,Hart: Hart County Clothes Closet Senior Staples Program,1730.0,6,FY 2024 Split by County
HART,2023-10,30135.0,"Christian Worship Assembly, INC",15066.0,Cornerstone Baptist Church,8753.0,7,FY 2024 Split by County
HART,2023-11,21904.0,"Christian Worship Assembly, INC",11226.0,Cornerstone Baptist Church,8071.0,4,FY 2024 Split by County
HART,2023-12,8092.0,Cornerstone Baptist Church,5883.0,"Hart County Clothes Closet Food Pantry, Inc",1330.0,3,FY 2024 Split by County
HART,2024-01,33740.0,Hart County Cupboard,11371.0,"Christian Worship Assembly, INC",9562.0,5,FY 2024 Split by County
HART,2024-02,29091.0,Hart County Cupboard,19853.0,Cornerstone Baptist Church,6902.0,5,FY 2024 Split by County
HART,2024-03,27307.0,Hart County Cupboard,13213.0,Cornerstone Baptist Church,9089.0,5,FY 2024 Split by County
HART,2024-04,29715.0,"Christian Worship Assembly, INC",11188.0,Cornerstone Baptist Church,8625.0,8,FY 2024 Split by County
HART,2024-05,29822.0,Hart County Cupboard,14364.0,Cornerstone Baptist Church,8555.0,6,FY 2024 Split by County
HART,2024-06,24876.0,Hart County Cupboard,12522.0,Cornerstone Baptist Church,8308.0,6,FY 2024 Split by County
HART,2024-07,31240.0,"Christian Worship Assembly, INC",17239.0,Cornerstone Baptist Church,7720.0,5,FY 2025 Split by County
HART,2024-08,26690.0,"Christian Worship Assembly, INC",15765.0,Cornerstone Baptist Church,7528.0,4,FY 2025 Split by County
HART,2024-09,17621.0,Cornerstone Baptist Church,7422.0,Hart County ALC/MSFP,5189.0,6,FY 2025 Split by County
HART,2024-10,19454.0,Cornerstone Baptist Church,7261.0,"Christian Worship Assembly, INC",2664.0,7,FY 2025 Split by County
HART,2024-11,36445.0,"Christian Worship Assembly, INC",12078.0,Hart County ALC/MSFP,7832.0,7,FY 2025 Split by County
HART,2024-12,22578.0,Cornerstone Baptist Church,5908.0,Hart County ALC/MSFP,5252.0,7,FY 2025 Split by County
HART,2025-01,37351.0,"Christian Worship Assembly, INC",14785.0,Cornerstone Baptist Church,8005.0,8,FY 2025 Split by County
HART,2025-02,42307.0,Anointed Hands Outreach Ministry Inc,8686.0,"Christian Worship Assembly, INC",7883.0,9,FY 2025 Split by County
HART,2025-03,22215.0,Cornerstone Baptist Church,10372.0,Hart County ALC/MSFP,4779.0,7,FY 2025 Split by County
HART,2025-04,36309.0,"Christian Worship Assembly, INC",17236.0,Cornerstone Baptist Church,7725.0,8,FY 2025 Split by County
HART,2025-05,19680.0,Cornerstone Baptist Church,8123.0,Hart County ALC/MSFP,3102.0,8,FY 2025 Split by County
HART,2025-06,16765.0,Hart County ALC/MSFP,10048.0,"Christian Worship Assembly, INC",3097.0,8,FY 2025 Split by County
JACKSON,2022-07,109577.0,iServe Ministries,61202.0,First Baptist Church of Jefferson,10010.0,14,FY 2023 Split by County
JACKSON,2022-08,137315.0,iServe Ministries,66476.0,Potters House (Atlanta Mission),18447.0,17,FY 2023 Split by County
JACKSON,2022-09,119333.0,iServe Ministries,68008.0,Banks Jackson Food Bank,10264.0,18,FY 2023 Split by County
JACKSON,2022-10,104117.0,iServe Ministries,60667.0,Potters House (Atlanta Mission),10683.0,18,FY 2023 Split by County
JACKSON,2022-11,185368.0,iServe Ministries,94251.0,Potters House (Atlanta Mission),16248.0,19,FY 2023 Split by County
JACKSON,2022-12,124754.5,iServe Ministries,80892.0,Potters House (Atlanta Mission),13584.5,16,FY 2023 Split by County
JACKSON,2023-01,141225.0,iServe Ministries,92872.0,Potters House (Atlanta Mission),13253.0,15,FY 2023 Split by County
JACKSON,2023-02,145220.0,iServe Ministries,79396.0,Open Door/The Torch Jackson County MP,27951.0,20,FY 2023 Split by County
JACKSON,2023-03,120918.0,iServe Ministries,67398.0,Center United Methodist Church (Center UMC),11393.0,16,FY 2023 Split by County
JACKSON,2023-04,121167.0,iServe Ministries,82612.0,Potters House (Atlanta Mission),9038.0,18,FY 2023 Split by County
JACKSON,2023-05,120123.0,iServe Ministries,77744.0,Potters House (Atlanta Mission),20992.0,15,FY 2023 Split by County
JACKSON,2023-06,154943.0,iServe Ministries,88730.0,Potters House (Atlanta Mission),19017.0,18,FY 2023 Split by County
JACKSON,2023-07,155724.0,iServe Ministries,113099.0,Potters House (Atlanta Mission),16872.0,15,FY 2024 Split by County
JACKSON,2023-08,187274.0,iServe Ministries,112686.0,Potters House (Atlanta Mission),19669.0,16,FY 2024 Split by County
JACKSON,2023-09,136568.0,iServe Ministries,90953.0,Potters House (Atlanta Mission),14198.0,16,FY 2024 Split by County
JACKSON,2023-10,194873.0,iServe Ministries,94676.0,Potters House (Atlanta Mission),29813.0,19,FY 2024 Split by County
JACKSON,2023-11,191693.0,iServe Ministries,122664.0,Potters House (Atlanta Mission),25861.0,17,FY 2024 Split by County
JACKSON,2023-12,184866.0,iServe Ministries,118111.0,New Beginnings Worship Center,19259.0,18,FY 2024 Split by County
JACKSON,2024-01,203123.0,iServe Ministries,114198.0,Potters House (Atlanta Mission),24842.0,17,FY 2024 Split by County
JACKSON,2024-02,200650.0,iServe Ministries,119281.0,Church of God of Prophecy - Hoschton,28428.0,15,FY 2024 Split by County
JACKSON,2024-03,201036.0,iServe Ministries,133387.0,New Beginnings Worship Center,14128.0,18,FY 2024 Split by County
JACKSON,2024-04,189228.0,iServe Ministries,115112.0,Potters House (Atlanta Mission),16963.0,19,FY 2024 Split by County
JACKSON,2024-05,194019.0,iServe Ministries,116696.0,New Beginnings Worship Center,19745.0,17,FY 2024 Split by County
JACKSON,2024-06,186886.6,iServe Ministries,127097.0,Potters House (Atlanta Mission),17848.8,16,FY 2024 Split by County
JACKSON,2024-07,204558.53,iServe Ministries,122671.0,Free Chapel Worship Center Inc.,13602.0,19,FY 2025 Split by County
JACKSON,2024-08,201032.0,iServe Ministries,120025.0,Potters House (Atlanta Mission),20544.0,16,FY 2025 Split by County
JACKSON,2024-09,223895.0,iServe Ministries,132159.0,FOOD BANK OF NORTHEAST GEORGIA,13553.0,18,FY 2025 Split by County
JACKSON,2024-10,223660.0,iServe Ministries,126632.0,Potters House (Atlanta Mission),19243.0,17,FY 2025 Split by County
JACKSON,2024-11,198642.0,iServe Ministries,116005.0,Potters House (Atlanta Mission),15070.0,17,FY 2025 Split by County
JACKSON,2024-12,214090.0,iServe Ministries,133087.0,Church of God of Prophecy - Hoschton,17461.0,17,FY 2025 Split by County
JACKSON,2025-01,174157.0,iServe Ministries,84004.0,Church of God of Prophecy - Hoschton,17715.0,16,FY 2025 Split by County
JACKSON,2025-02,213927.0,iServe Ministries,127483.0,Potters House (Atlanta Mission),18355.0,17,FY 2025 Split by County
JACKSON,2025-03,212052.0,iServe Ministries,117372.0,Potters House (Atlanta Mission),18564.0,17,FY 2025 Split by County
JACKSON,2025-04,211221.0,iServe Ministries,112216.0,Jackson County MedLink Georgia,14810.0,20,FY 2025 Split by County
JACKSON,2025-05,221358.0,iServe Ministries,112003.0,Church of God of Prophecy - Hoschton,36412.0,19,FY 2025 Split by County
JACKSON,2025-06,197069.34,iServe Ministries,118017.0,Food 2 Kids Jackson,15106.0,18,FY 2025 Split by County
MADISON,2022-07,34369.0,Cedar Grove Baptist Church,13836.0,Joy Baptist Church,3360.0,17,FY 2023 Split by County
MADISON,2022-08,20440.0,Freedom Church of God,2851.0,Jubilee Partners,2234.0,21,FY 2023 Split by County
MADISON,2022-09,29754.0,Freedom Church of God,12745.0,Joy Baptist Church,2773.0,17,FY 2023 Split by County
MADISON,2022-10,43524.0,Freedom Church of God,15260.0,Food 2 Kids Madison County,3738.0,22,FY 2023 Split by County
MADISON,2022-11,71191.0,Waggoners Grove Baptist Church,28992.0,Freedom Church of God,17164.0,19,FY 2023 Split by County
MADISON,2022-12,29628.0,Waggoners Grove Baptist Church,14573.0,Food 2 Kids Madison County,3614.0,16,FY 2023 Split by County
MADISON,2023-01,30418.0,Freedom Church of God,5047.0,Waggoners Grove Baptist Church,3394.0,18,FY 2023 Split by County
MADISON,2023-02,19018.0,Food 2 Kids Madison County,3107.0,Freedom Church of God,2936.0,16,FY 2023 Split by County
MADISON,2023-03,35882.0,Freedom Church of God,12431.0,Jubilee Partners,3422.0,19,FY 2023 Split by County
MADISON,2023-04,30567.0,Freedom Church of God,11906.0,Food 2 Kids Madison County,4602.0,17,FY 2023 Split by County
MADISON,2023-05,33015.0,Madison County MedLink Georgia,7423.0,Freedom Church of God,7262.0,16,FY 2023 Split by County
MADISON,2023-06,25936.0,Freedom Church of God,3081.0,Food 2 Kids Madison County,3068.0,18,FY 2023 Split by County
MADISON,2023-07,51688.0,Cedar Grove Baptist Church,15303.0,Moons Grove Baptist Church (There's Hope For the Hungry),11250.0,18,FY 2024 Split by County
MADISON,2023-08,28461.0,Waggoners Grove Baptist Church,5886.0,Freedom Church of God,3220.0,17,FY 2024 Split by County
MADISON,2023-09,67338.0,Waggoners Grove Baptist Church,37814.0,Madison County MedLink Georgia,11028.0,18,FY 2024 Split by County
MADISON,2023-10,30560.0,Waggoners Grove Baptist Church,7396.0,Freedom Church of God,7078.0,17,FY 2024 Split by County
MADISON,2023-11,32656.0,Waggoners Grove Baptist Church,7989.0,Freedom Church of God,4539.0,15,FY 2024 Split by County
MADISON,2023-12,24857.0,Waggoners Grove Baptist Church,8022.0,Freedom Church of God,3067.0,15,FY 2024 Split by County
MADISON,2024-01,45231.0,Moons Grove Baptist Church (There's Hope For the Hungry),11939.0,Waggoners Grove Baptist Church,9688.0,16,FY 2024 Split by County
MADISON,2024-02,34703.0,Waggoners Grove Baptist Church,7664.0,Freedom Church of God,3936.0,18,FY 2024 Split by County
MADISON,2024-03,61907.0,Moons Grove Baptist Church (There's Hope For the Hungry),15462.0,Freedom Church of God,15112.0,19,FY 2024 Split by County
MADISON,2024-04,52342.0,Freedom Church of God,16289.0,Madison County MedLink Georgia,6860.0,17,FY 2024 Split by County
MADISON,2024-05,32730.0,Freedom Church of God,4621.0,Divine Healing Ministry of Recovery Inc.,4241.0,16,FY 2024 Split by County
MADISON,2024-06,20365.36,Waggoners Grove Baptist Church,3160.0,Freedom Church of God,2622.0,14,FY 2024 Split by County
MADISON,2024-07,37381.9,Waggoners Grove Baptist Church,5414.9,Tabors Chapel CME Church,3700.0,19,FY 2025 Split by County
MADISON,2024-08,42941.0,Waggoners Grove Baptist Church,8540.0,Freedom Church of God,6958.0,18,FY 2025 Split by County
MADISON,2024-09,35554.0,Waggoners Grove Baptist Church,8436.0,Freedom Church of God,5677.0,17,FY 2025 Split by County
MADISON,2024-10,46342.0,Freedom Church of God,9299.0,Waggoners Grove Baptist Church,7609.0,19,FY 2025 Split by County
MADISON,2024-11,51924.0,Cedar Grove Baptist Church,16722.0,Freedom Church of God,5463.0,16,FY 2025 Split by County
MADISON,2024-12,25743.0,Freedom Church of God,4970.0,Roger's Baptist Church,2742.0,16,FY 2025 Split by County
MADISON,2025-01,34032.0,Waggoners Grove Baptist Church,7574.0,Freedom Church of God,4678.0,14,FY 2025 Split by County
MADISON,2025-02,40952.0,Waggoners Grove Baptist Church,10199.0,Freedom Church of God,5054.0,15,FY 2025 Split by County
MADISON,2025-03,99289.0,Waggoners Grove Baptist Church,43153.0,Freedom Church of God,31787.0,15,FY 2025 Split by County
MADISON,2025-04,43949.0,Freedom Church of God,13613.0,Waggoners Grove Baptist Church,5723.0,15,FY 2025 Split by County
MADISON,2025-05,59176.0,Freedom Church of God,16947.0,Madison County MedLink Georgia,11578.0,15,FY 2025 Split by County
MADISON,2025-06,35771.1,Waggoners Grove Baptist Church,6824.5599999999995,Divine Healing Ministry of Recovery Inc.,6195.4,17,FY 2025 Split by County
OCONEE,2022-07,14007.0,Living Word Baptist Church,6317.0,"Grace Fellowship Church, INC",5983.0,4,FY 2023 Split by County
OCONEE,2022-08,14423.0,Living Word Baptist Church,8814.0,"Grace Fellowship Church, INC",4645.0,4,FY 2023 Split by County
OCONEE,2022-09,13230.0,"Grace Fellowship Church, INC",6760.0,Living Word Baptist Church,5900.0,4,FY 2023 Split by County
OCONEE,2022-10,21184.0,"Grace Fellowship Church, INC",11030.0,Living Word Baptist Church,9102.0,5,FY 2023 Split by County
OCONEE,2022-11,21282.0,"Grace Fellowship Church, INC",10279.0,Living Word Baptist Church,10036.0,5,FY 2023 Split by County
OCONEE,2022-12,19468.0,"Grace Fellowship Church, INC",10009.0,Living Word Baptist Church,8659.0,4,FY 2023 Split by County
OCONEE,2023-01,11868.0,Living Word Baptist Church,6999.0,"Grace Fellowship Church, INC",4291.0,5,FY 2023 Split by County
OCONEE,2023-02,20261.0,"Grace Fellowship Church, INC",9930.0,Living Word Baptist Church,9822.0,4,FY 2023 Split by County
OCONEE,2023-03,16535.0,"Grace Fellowship Church, INC",8802.0,Living Word Baptist Church,7197.0,4,FY 2023 Split by County
OCONEE,2023-04,22161.0,Living Word Baptist Church,13042.0,"Grace Fellowship Church, INC",8376.0,5,FY 2023 Split by County
OCONEE,2023-05,14802.0,Living Word Baptist Church,7391.0,"Grace Fellowship Church, INC",7100.0,3,FY 2023 Split by County
OCONEE,2023-06,22791.0,"Grace Fellowship Church, INC",11578.0,Living Word Baptist Church,10882.0,3,FY 2023 Split by County
OCONEE,2023-07,26646.0,Living Word Baptist Church,15011.0,"Grace Fellowship Church, INC",11293.0,3,FY 2024 Split by County
OCONEE,2023-08,26622.0,"Grace Fellowship Church, INC",13465.0,Living Word Baptist Church,12173.0,4,FY 2024 Split by County
OCONEE,2023-09,24452.0,Living Word Baptist Church,13160.0,"Grace Fellowship Church, INC",10706.0,3,FY 2024 Split by County
OCONEE,2023-10,24552.0,Living Word Baptist Church,11741.0,"Grace Fellowship Church, INC",11712.0,4,FY 2024 Split by County
OCONEE,2023-11,24693.0,Living Word Baptist Church,11961.0,"Grace Fellowship Church, INC",11642.0,4,FY 2024 Split by County
OCONEE,2023-12,28262.0,Living Word Baptist Church,11855.0,"Grace Fellowship Church, INC",10142.0,4,FY 2024 Split by County
OCONEE,2024-01,28945.0,"Grace Fellowship Church, INC",11793.0,Living Word Baptist Church,11539.0,5,FY 2024 Split by County
OCONEE,2024-02,23949.0,"Grace Fellowship Church, INC",12291.0,Living Word Baptist Church,10564.0,4,FY 2024 Split by County
OCONEE,2024-03,25922.0,Living Word Baptist Church,11807.0,"Grace Fellowship Church, INC",10419.0,3,FY 2024 Split by County
OCONEE,2024-04,31742.0,Living Word Baptist Church,14732.0,"Grace Fellowship Church, INC",12008.0,3,FY 2024 Split by County
OCONEE,2024-05,24247.0,"Grace Fellowship Church, INC",12169.0,Living Word Baptist Church,12078.0,2,FY 2024 Split by County
OCONEE,2024-06,24477.0,"Grace Fellowship Church, INC",12050.0,Living Word Baptist Church,11145.0,3,FY 2024 Split by County
OCONEE,2024-07,22716.0,"Grace Fellowship Church, INC",10274.0,Living Word Baptist Church,9209.0,3,FY 2025 Split by County
OCONEE,2024-08,35001.0,Living Word Baptist Church,12537.0,"Grace Fellowship Church, INC",12257.0,4,FY 2025 Split by County
OCONEE,2024-09,17463.0,Living Word Baptist Church,12671.0,Extra Special People (ESP),4636.0,3,FY 2025 Split by County
OCONEE,2024-10,27697.0,Living Word Baptist Church,12028.0,"Grace Fellowship Church, INC",11815.0,4,FY 2025 Split by County
OCONEE,2024-11,28747.0,Living Word Baptist Church,12649.0,"Grace Fellowship Church, INC",10452.0,3,FY 2025 Split by County
OCONEE,2024-12,30249.0,"Grace Fellowship Church, INC",12726.0,Living Word Baptist Church,12114.0,4,FY 2025 Split by County
OCONEE,2025-01,29754.0,Living Word Baptist Church,12255.0,"Grace Fellowship Church, INC",12197.0,4,FY 2025 Split by County
OCONEE,2025-02,29815.0,Living Word Baptist Church,11811.0,"Grace Fellowship Church, INC",10755.0,4,FY 2025 Split by County
OCONEE,2025-03,27239.0,"Grace Fellowship Church, INC",11444.0,Living Word Baptist Church,11248.0,4,FY 2025 Split by County
OCONEE,2025-04,14513.0,Living Word Baptist Church,11728.0,"Grace Fellowship Church, INC",2654.0,3,FY 2025 Split by County
OCONEE,2025-05,23084.0,Living Word Baptist Church,11575.0,"Grace Fellowship Church, INC",11452.0,3,FY 2025 Split by County
OCONEE,2025-06,20638.0,Living Word Baptist Church,11110.0,"Grace Fellowship Church, INC",9464.0,3,FY 2025 Split by County
OGLETHORPE,2022-07,19794.0,Lexington Baptist Church,13566.0,Oglethorpe County Senior Center,1994.0,6,FY 2023 Split by County
OGLETHORPE,2022-08,44027.0,Thankful Baptist Church,12799.0,Lexington Baptist Church,12230.0,9,FY 2023 Split by County
OGLETHORPE,2022-09,27297.0,Lexington Baptist Church,13863.0,Oglethorpe School Food Pantry,4971.0,8,FY 2023 Split by County
OGLETHORPE,2022-10,37753.0,Lexington Baptist Church,15097.0,Thankful Baptist Church,12075.0,9,FY 2023 Split by County
OGLETHORPE,2022-11,29563.0,Lexington Baptist Church,14102.0,Oglethorpe School Food Pantry,3693.0,7,FY 2023 Split by County
OGLETHORPE,2022-12,34277.0,Thankful Baptist Church,14035.0,Lexington Baptist Church,10723.0,6,FY 2023 Split by County
OGLETHORPE,2023-01,26826.0,Lexington Baptist Church,14603.0,Oglethorpe School Food Pantry,2389.0,8,FY 2023 Split by County
OGLETHORPE,2023-02,34951.0,Lexington Baptist Church,12204.0,Thankful Baptist Church,10115.0,9,FY 2023 Split by County
OGLETHORPE,2023-03,36531.0,Lexington Baptist Church,12999.0,Food Bank of NEGA Oglethorpe Community Partner,10264.0,8,FY 2023 Split by County
OGLETHORPE,2023-04,36768.0,Thankful Baptist Church,14830.0,Lexington Baptist Church,10288.0,8,FY 2023 Split by County
OGLETHORPE,2023-05,24618.0,Lexington Baptist Church,15155.0,Food 2 Kids Oglethorpe County,2769.0,6,FY 2023 Split by County
OGLETHORPE,2023-06,41766.0,Lexington Baptist Church,14821.0,Thankful Baptist Church,14376.0,8,FY 2023 Split by County
OGLETHORPE,2023-07,22920.0,Lexington Baptist Church,17137.0,Oconee Baptist Church ,3001.0,5,FY 2024 Split by County
OGLETHORPE,2023-08,33863.0,Thankful Baptist Church,15195.0,Lexington Baptist Church,13369.0,6,FY 2024 Split by County
OGLETHORPE,2023-09,29815.0,Lexington Baptist Church,14872.0,Food 2 Kids Oglethorpe County,5633.0,8,FY 2024 Split by County
OGLETHORPE,2023-10,42837.0,Thankful Baptist Church,13534.0,Lexington Baptist Church,11382.0,8,FY 2024 Split by County
OGLETHORPE,2023-11,34564.0,Lexington Baptist Church,13047.0,Food 2 Kids Oglethorpe County,8180.0,7,FY 2024 Split by County
OGLETHORPE,2023-12,44449.0,Lexington Baptist Church,14456.0,Thankful Baptist Church,12352.0,7,FY 2024 Split by County
OGLETHORPE,2024-01,28517.0,Lexington Baptist Church,15833.0,Oglethorpe County Senior Center,3304.0,6,FY 2024 Split by County
OGLETHORPE,2024-02,33012.0,Lexington Baptist Church,13656.0,Thankful Baptist Church,12186.0,7,FY 2024 Split by County
OGLETHORPE,2024-03,32711.0,Lexington Baptist Church,14460.0,Oconee Baptist Church ,5526.0,7,FY 2024 Split by County
OGLETHORPE,2024-04,50127.0,Thankful Baptist Church,15656.0,Lexington Baptist Church,14087.0,7,FY 2024 Split by County
OGLETHORPE,2024-05,37126.0,Lexington Baptist Church,14984.0,Oglethorpe School Food Pantry,6957.0,9,FY 2024 Split by County
OGLETHORPE,2024-06,36542.36,Thankful Baptist Church,14980.0,Lexington Baptist Church,13134.18,7,FY 2024 Split by County
OGLETHORPE,2024-07,34850.17,Lexington Baptist Church,18506.0,SWAG Ministries,4572.54,7,FY 2025 Split by County
OGLETHORPE,2024-08,41790.0,Thankful Baptist Church,17667.0,Lexington Baptist Church,13113.0,7,FY 2025 Split by County
OGLETHORPE,2024-09,31696.0,Lexington Baptist Church,12598.0,Community Christmas of Oglethorpe County,7926.0,8,FY 2025 Split by County
OGLETHORPE,2024-10,56671.0,Thankful Baptist Church,14632.0,Lexington Baptist Church,12195.0,8,FY 2025 Split by County
OGLETHORPE,2024-11,40843.0,Lexington Baptist Church,11731.0,Oconee Baptist Church ,11043.0,7,FY 2025 Split by County
OGLETHORPE,2024-12,44577.0,Thankful Baptist Church,12010.0,Lexington Baptist Church,11977.0,8,FY 2025 Split by County
OGLETHORPE,2025-01,31423.0,Lexington Baptist Church,12434.0,Community Christmas of Oglethorpe County,9543.0,7,FY 2025 Split by County
OGLETHORPE,2025-02,65158.0,Lexington Baptist Church,13469.0,Thankful Baptist Church,13083.0,10,FY 2025 Split by County
OGLETHORPE,2025-03,54664.0,Oconee Baptist Church ,17668.0,Lexington Baptist Church,15074.0,8,FY 2025 Split by County
OGLETHORPE,2025-04,49607.0,Oconee Baptist Church ,19184.0,Thankful Baptist Church,12714.0,6,FY 2025 Split by County
OGLETHORPE,2025-05,35817.0,Lexington Baptist Church,12489.0,Oconee Baptist Church ,10568.0,7,FY 2025 Split by County
OGLETHORPE,2025-06,45860.64,Lexington Baptist Church,13423.0,Thankful Baptist Church,11098.0,8,FY 2025 Split by County
RABUN,2022-07,106391.0,Rabun Gap Presbyterian Church,53866.0,Food Bank of Northeast Georgia Rabun,44722.0,9,FY 2023 Split by County
RABUN,2022-08,79578.0,Rabun Gap Presbyterian Church,42611.0,Food Bank of Northeast Georgia Rabun,25663.0,9,FY 2023 Split by County
RABUN,2022-09,85710.0,Rabun Gap Presbyterian Church,50664.0,Food Bank of Northeast Georgia Rabun,28154.0,9,FY 2023 Split by County
RABUN,2022-10,82849.0,Rabun Gap Presbyterian Church,66469.0,Food Bank of Northeast Georgia Rabun,8567.0,10,FY 2023 Split by County
RABUN,2022-11,61829.0,Rabun Gap Presbyterian Church,39523.0,Food Bank of Northeast Georgia Rabun,15655.0,9,FY 2023 Split by County
RABUN,2022-12,64349.0,Rabun Gap Presbyterian Church,49199.0,Food Bank of Northeast Georgia Rabun,6328.0,10,FY 2023 Split by County
RABUN,2023-01,186030.0,Food Bank of Northeast Georgia Rabun,134394.0,Rabun Gap Presbyterian Church,42032.0,9,FY 2023 Split by County
RABUN,2023-02,63608.0,Rabun Gap Presbyterian Church,48251.0,Food Bank of Northeast Georgia Rabun,5548.0,10,FY 2023 Split by County
RABUN,2023-03,64701.0,Rabun Gap Presbyterian Church,43401.0,Food Bank of Northeast Georgia Rabun,12918.0,13,FY 2023 Split by County
RABUN,2023-04,86876.0,Rabun Gap Presbyterian Church,57694.0,Food Bank of Northeast Georgia Rabun,22261.0,9,FY 2023 Split by County
RABUN,2023-05,62459.0,Rabun Gap Presbyterian Church,46686.0,Food Bank of Northeast Georgia Rabun,6653.0,11,FY 2023 Split by County
RABUN,2023-06,76420.0,Rabun Gap Presbyterian Church,50850.0,Food Bank of Northeast Georgia Rabun,16526.0,12,FY 2023 Split by County
RABUN,2023-07,90960.0,Rabun Gap Presbyterian Church,67389.0,Food Bank of Northeast Georgia Rabun,16023.0,10,FY 2024 Split by County
RABUN,2023-08,85051.0,Rabun Gap Presbyterian Church,50570.0,Food Bank of Northeast Georgia Rabun,24311.0,11,FY 2024 Split by County
RABUN,2023-09,109327.0,Rabun Gap Presbyterian Church,61566.0,Food Bank of Northeast Georgia Rabun,35234.0,9,FY 2024 Split by County
RABUN,2023-10,77270.0,Rabun Gap Presbyterian Church,58088.0,Food Bank of Northeast Georgia Rabun,11204.0,11,FY 2024 Split by County
RABUN,2023-11,81322.0,Rabun Gap Presbyterian Church,54276.0,Food Bank of Northeast Georgia Rabun,21384.0,10,FY 2024 Split by County
RABUN,2023-12,65141.0,Rabun Gap Presbyterian Church,44578.0,Food Bank of Northeast Georgia Rabun,14489.0,8,FY 2024 Split by County
RABUN,2024-01,72183.0,Rabun Gap Presbyterian Church,47772.0,Food Bank of Northeast Georgia Rabun,17267.0,9,FY 2024 Split by County
RABUN,2024-02,81895.0,Rabun Gap Presbyterian Church,57028.0,Food Bank of Northeast Georgia Rabun,18909.0,8,FY 2024 Split by County
RABUN,2024-03,111945.0,Rabun Gap Presbyterian Church,79893.0,Food Bank of Northeast Georgia Rabun,25949.0,9,FY 2024 Split by County
RABUN,2024-04,76484.0,Rabun Gap Presbyterian Church,46694.0,Food Bank of Northeast Georgia Rabun,19152.0,10,FY 2024 Split by County
RABUN,2024-05,109834.0,Rabun Gap Presbyterian Church,54660.0,Food Bank of Northeast Georgia Rabun,43669.0,10,FY 2024 Split by County
RABUN,2024-06,81631.0,Rabun Gap Presbyterian Church,51167.0,Food Bank of Northeast Georgia Rabun,21542.0,10,FY 2024 Split by County
RABUN,2024-07,92257.0,Rabun Gap Presbyterian Church,48239.0,Food Bank of Northeast Georgia Rabun,34629.0,11,FY 2025 Split by County
RABUN,2024-08,82804.0,Rabun Gap Presbyterian Church,57133.0,Food Bank of Northeast Georgia Rabun,16438.0,11,FY 2025 Split by County
RABUN,2024-09,53118.0,Rabun Gap Presbyterian Church,37529.0,Food Bank of Northeast Georgia Rabun,3528.0,10,FY 2025 Split by County
RABUN,2024-10,109566.0,Rabun Gap Presbyterian Church,82319.0,Food Bank of Northeast Georgia Rabun,15181.0,11,FY 2025 Split by County
RABUN,2024-11,64851.0,Rabun Gap Presbyterian Church,47514.0,Food Bank of Northeast Georgia Rabun,5059.0,11,FY 2025 Split by County
RABUN,2024-12,94561.0,Food Bank of Northeast Georgia Rabun,42523.0,Rabun Gap Presbyterian Church,39675.0,13,FY 2025 Split by County
RABUN,2025-01,64664.0,Rabun Gap Presbyterian Church,50075.0,Food Bank of Northeast Georgia Rabun,7408.0,8,FY 2025 Split by County
RABUN,2025-02,74609.0,Rabun Gap Presbyterian Church,40311.0,Food Bank of Northeast Georgia Rabun,18260.0,13,FY 2025 Split by County
RABUN,2025-03,79549.0,Rabun Gap Presbyterian Church,48248.0,Food Bank of Northeast Georgia Rabun,13623.0,11,FY 2025 Split by County
RABUN,2025-04,63536.0,Rabun Gap Presbyterian Church,42800.0,Fight Abuse in the Home (FAITH),3630.0,13,FY 2025 Split by County
RABUN,2025-05,79189.0,Rabun Gap Presbyterian Church,45603.0,Food Bank of Northeast Georgia Rabun,17410.0,14,FY 2025 Split by County
RABUN,2025-06,59889.4,Rabun Gap Presbyterian Church,35030.4,Food Bank of Northeast Georgia Rabun,8905.0,12,FY 2025 Split by County
STEPHENS,2022-07,41760.0,Zebulon Baptist Church,9687.0,The Springs of Toccoa,9000.0,14,FY 2023 Split by County
STEPHENS,2022-08,35719.0,The Springs of Toccoa,7877.0,Martin Baptist Church,7637.0,13,FY 2023 Split by County
STEPHENS,2022-09,40536.0,The Springs of Toccoa,9677.0,Martin Baptist Church,8293.0,13,FY 2023 Split by County
STEPHENS,2022-10,45708.0,Martin Baptist Church,17127.0,The Springs of Toccoa,7193.0,15,FY 2023 Split by County
STEPHENS,2022-11,44565.0,Neighbors 4 Neighbors,8421.0,The Springs of Toccoa,7880.0,15,FY 2023 Split by County
STEPHENS,2022-12,40413.0,First Baptist Church Toccoa,11475.0,Food 2 Kids Stephens County,5785.0,15,FY 2023 Split by County
STEPHENS,2023-01,32105.0,Martin Baptist Church,6951.0,The Springs of Toccoa,6893.0,14,FY 2023 Split by County
STEPHENS,2023-02,38433.0,The Springs of Toccoa,7798.0,Martin Baptist Church,7355.0,17,FY 2023 Split by County
STEPHENS,2023-03,35773.0,Martin Baptist Church,12533.0,The Springs of Toccoa,6278.0,14,FY 2023 Split by County
STEPHENS,2023-04,29894.0,The Springs of Toccoa,9678.0,Food 2 Kids Stephens County,6975.0,15,FY 2023 Split by County
STEPHENS,2023-05,38541.0,The Springs of Toccoa,8133.0,Martin Baptist Church,8096.0,16,FY 2023 Split by County
STEPHENS,2023-06,26694.0,Martin Baptist Church,8578.0,Food 2 Kids Stephens County,5238.0,13,FY 2023 Split by County
STEPHENS,2023-07,33987.0,Martin Baptist Church,12806.0,The Springs of Toccoa,5382.0,13,FY 2024 Split by County
STEPHENS,2023-08,36665.0,Neighbors 4 Neighbors,9875.0,The Springs of Toccoa,7547.0,15,FY 2024 Split by County
STEPHENS,2023-09,24009.0,Martin Baptist Church,7547.0,The Springs of Toccoa,5600.0,14,FY 2024 Split by County
STEPHENS,2023-10,44113.0,Full Gospel Baptist Church,9182.0,The Springs of Toccoa,8031.0,15,FY 2024 Split by County
STEPHENS,2023-11,32454.0,Neighbors 4 Neighbors,9685.0,Martin Baptist Church,8522.0,13,FY 2024 Split by County
STEPHENS,2023-12,25472.0,The Springs of Toccoa,7859.0,Martin Baptist Church,6835.0,14,FY 2024 Split by County
STEPHENS,2024-01,24698.0,The Springs of Toccoa,8384.0,Martin Baptist Church,4886.0,14,FY 2024 Split by County
STEPHENS,2024-02,28269.0,Martin Baptist Church,8213.0,The Springs of Toccoa,7798.0,11,FY 2024 Split by County
STEPHENS,2024-03,38290.0,The Springs of Toccoa,8372.0,Martin Baptist Church,8152.0,16,FY 2024 Split by County
STEPHENS,2024-04,44749.0,Martin Baptist Church,8372.0,The Springs of Toccoa,7555.0,16,FY 2024 Split by County
STEPHENS,2024-05,66234.0,"Greater Hearts Outreach Ministries, Inc.",13950.0,The Springs of Toccoa,8028.0,18,FY 2024 Split by County
STEPHENS,2024-06,44617.0,The Springs of Toccoa,9758.0,Martin Baptist Church,8152.0,13,FY 2024 Split by County
STEPHENS,2024-07,41826.0,Martin Baptist Church,7513.0,The Springs of Toccoa,7219.0,17,FY 2025 Split by County
STEPHENS,2024-08,88761.0,"Greater Hearts Outreach Ministries, Inc.",41059.0,Zebulon Baptist Church,7388.0,16,FY 2025 Split by County
STEPHENS,2024-09,59293.0,Martin Baptist Church,15580.0,Neighbors 4 Neighbors F2K,10380.0,16,FY 2025 Split by County
STEPHENS,2024-10,44987.0,"Greater Hearts Outreach Ministries, Inc.",10761.0,The Springs of Toccoa,6127.0,15,FY 2025 Split by County
STEPHENS,2024-11,58180.0,First Baptist Church Toccoa,12410.0,"Greater Hearts Outreach Ministries, Inc.",11193.0,15,FY 2025 Split by County
STEPHENS,2024-12,49721.0,"Greater Hearts Outreach Ministries, Inc.",12098.0,Martin Baptist Church,7067.0,17,FY 2025 Split by County
STEPHENS,2025-01,47560.0,The Springs of Toccoa,8616.0,"Greater Hearts Outreach Ministries, Inc.",7819.0,15,FY 2025 Split by County
STEPHENS,2025-02,56827.0,"Greater Hearts Outreach Ministries, Inc.",10485.0,Martin Baptist Church,9256.0,15,FY 2025 Split by County
STEPHENS,2025-03,79240.0,Martin Baptist Church,16888.0,"Greater Hearts Outreach Ministries, Inc.",9953.0,18,FY 2025 Split by County
STEPHENS,2025-04,76466.0,"Greater Hearts Outreach Ministries, Inc.",13428.0,First Baptist Church Toccoa,11375.0,18,FY 2025 Split by County
STEPHENS,2025-05,81944.0,Neighbors 4 Neighbors F2K,19143.0,"Greater Hearts Outreach Ministries, Inc.",11132.0,19,FY 2025 Split by County
STEPHENS,2025-06,90090.06,"Greater Hearts Outreach Ministries, Inc.",20916.58,The Salvation Army - Toccoa Co,17642.0,17,FY 2025 Split by County
TOWNS,2022-07,21994.0,Mt. Zion Ministries - The Refuge,13696.0,Towns County Food Pantry,8298.0,2,FY 2023 Split by County
TOWNS,2022-08,13816.0,Mt. Zion Ministries - The Refuge,12011.0,Towns County Food Pantry,1805.0,2,FY 2023 Split by County
TOWNS,2022-09,15211.0,Mt. Zion Ministries - The Refuge,10180.0,Towns County Food Pantry,5031.0,2,FY 2023 Split by County
TOWNS,2022-10,14207.0,Mt. Zion Ministries - The Refuge,12098.0,Towns County Food Pantry,2109.0,2,FY 2023 Split by County
TOWNS,2022-11,17452.0,Mt. Zion Ministries - The Refuge,10571.0,Towns County Food Pantry,6881.0,2,FY 2023 Split by County
TOWNS,2022-12,10547.0,Mt. Zion Ministries - The Refuge,8483.0,Towns County Food Pantry,2064.0,2,FY 2023 Split by County
TOWNS,2023-01,17121.0,Mt. Zion Ministries - The Refuge,12341.0,Towns County Food Pantry,4780.0,2,FY 2023 Split by County
TOWNS,2023-02,12018.0,Mt. Zion Ministries - The Refuge,10088.0,Towns County Food Pantry,1930.0,2,FY 2023 Split by County
TOWNS,2023-03,15542.0,Mt. Zion Ministries - The Refuge,9291.0,Towns County Food Pantry,6251.0,2,FY 2023 Split by County
TOWNS,2023-04,14106.0,Mt. Zion Ministries - The Refuge,11051.0,Towns County Food Pantry,3055.0,2,FY 2023 Split by County
TOWNS,2023-05,16679.0,Mt. Zion Ministries - The Refuge,11761.0,Towns County Food Pantry,4918.0,2,FY 2023 Split by County
TOWNS,2023-06,14878.0,Mt. Zion Ministries - The Refuge,9645.0,Towns County Food Pantry,5233.0,2,FY 2023 Split by County
TOWNS,2023-07,14130.0,Mt. Zion Ministries - The Refuge,12368.0,Towns County Food Pantry,1762.0,2,FY 2024 Split by County
TOWNS,2023-08,9837.0,Towns County Food Pantry,6449.0,Mt. Zion Ministries - The Refuge,3388.0,2,FY 2024 Split by County
TOWNS,2023-09,11949.0,Mt. Zion Ministries - The Refuge,8321.0,Towns County Food Pantry,3628.0,2,FY 2024 Split by County
TOWNS,2023-10,27745.0,Allens United Methodist Church,11920.0,Mt. Zion Ministries - The Refuge,10431.0,3,FY 2024 Split by County
TOWNS,2023-11,16494.0,Mt. Zion Ministries - The Refuge,9490.0,Towns County Food Pantry,7004.0,2,FY 2024 Split by County
TOWNS,2023-12,12384.0,Mt. Zion Ministries - The Refuge,8480.0,Towns County Food Pantry,3904.0,2,FY 2024 Split by County
TOWNS,2024-01,14834.0,Towns County Food Pantry,9558.0,Allens United Methodist Church,3900.0,3,FY 2024 Split by County
TOWNS,2024-02,5200.0,Towns County Food Pantry,3826.0,Mt. Zion Ministries - The Refuge,1374.0,2,FY 2024 Split by County
TOWNS,2024-03,6126.0,Towns County Food Pantry,4879.0,Mt. Zion Ministries - The Refuge,1247.0,2,FY 2024 Split by County
TOWNS,2024-04,16586.0,Mt. Zion Ministries - The Refuge,10019.0,Towns County Food Pantry,6567.0,2,FY 2024 Split by County
TOWNS,2024-05,9749.0,Towns County Food Pantry,7725.0,Mt. Zion Ministries - The Refuge,2024.0,2,FY 2024 Split by County
TOWNS,2024-06,2861.0,Mt. Zion Ministries - The Refuge,1545.0,Towns County Food Pantry,1316.0,2,FY 2024 Split by County
TOWNS,2024-07,14342.0,Mt. Zion Ministries - The Refuge,8133.0,Towns County Food Pantry,6209.0,2,FY 2025 Split by County
TOWNS,2024-08,8504.0,Towns County Food Pantry,6055.0,Mt. Zion Ministries - The Refuge,2449.0,2,FY 2025 Split by County
TOWNS,2024-09,3892.0,Towns County Food Pantry,3287.0,Mt. Zion Ministries - The Refuge,605.0,2,FY 2025 Split by County
TOWNS,2024-10,7089.0,Towns County Food Pantry,3673.0,Mt. Zion Ministries - The Refuge,3416.0,2,FY 2025 Split by County
TOWNS,2024-11,13796.0,Towns County Food Pantry,10556.0,Decal Grant Towns High School,2354.0,3,FY 2025 Split by County
TOWNS,2024-12,3036.0,Towns County Food Pantry,2065.0,Christ for All People Ministries,684.0,3,FY 2025 Split by County
TOWNS,2025-01,8437.0,Towns County Food Pantry,7713.0,Christ for All People Ministries,724.0,2,FY 2025 Split by County
TOWNS,2025-02,10049.0,Towns County Food Pantry,5555.0,Christ for All People Ministries,4494.0,2,FY 2025 Split by County
TOWNS,2025-03,16197.0,Towns County Food Pantry,14031.0,Christ for All People Ministries,2166.0,2,FY 2025 Split by County
TOWNS,2025-04,10324.0,Towns County Food Pantry,7190.0,Christ for All People Ministries,2541.0,3,FY 2025 Split by County
TOWNS,2025-05,11784.0,Towns County Food Pantry,6773.0,Christ for All People Ministries,5011.0,2,FY 2025 Split by County
TOWNS,2025-06,10030.0,Towns County Food Pantry,8900.0,Christ for All People Ministries,1130.0,2,FY 2025 Split by County
WHITE,2022-07,26749.0,Helen First Baptist Church,8732.0,His Hands and Feet Ministries,8515.0,6,FY 2023 Split by County
WHITE,2022-08,36916.0,His Hands and Feet Ministries,9806.0,Helen First Baptist Church,9755.0,6,FY 2023 Split by County
WHITE,2022-09,30774.0,White County Food Pantry,9665.0,His Hands and Feet Ministries,8769.0,7,FY 2023 Split by County
WHITE,2022-10,33819.0,His Hands and Feet Ministries,9049.0,Helen First Baptist Church,8500.0,7,FY 2023 Split by County
WHITE,2022-11,37404.0,Helen First Baptist Church,8120.0,His Hands and Feet Ministries,7660.0,7,FY 2023 Split by County
WHITE,2022-12,31872.0,His Hands and Feet Ministries,7460.0,Helen First Baptist Church,7134.0,7,FY 2023 Split by County
WHITE,2023-01,32813.5,Helen First Baptist Church,8958.0,His Hands and Feet Ministries,7779.5,7,FY 2023 Split by County
WHITE,2023-02,26919.0,Helen First Baptist Church,7231.0,White County Food Pantry,5423.0,7,FY 2023 Split by County
WHITE,2023-03,27910.0,His Hands and Feet Ministries,7402.0,Helen First Baptist Church,6551.0,7,FY 2023 Split by County
WHITE,2023-04,38652.0,Helen First Baptist Church,10000.0,Food 2 Kids White County,7930.0,7,FY 2023 Split by County
WHITE,2023-05,30145.0,Helen First Baptist Church,9131.0,His Hands and Feet Ministries,7696.0,6,FY 2023 Split by County
WHITE,2023-06,28251.0,His Hands and Feet Ministries,7809.0,Helen First Baptist Church,7211.0,7,FY 2023 Split by County
WHITE,2023-07,29610.0,Helen First Baptist Church,8981.0,His Hands and Feet Ministries,8481.0,6,FY 2024 Split by County
WHITE,2023-08,29956.0,His Hands and Feet Ministries,7663.0,Helen First Baptist Church,7124.0,8,FY 2024 Split by County
WHITE,2023-09,24303.0,Helen First Baptist Church,9372.0,His Hands and Feet Ministries,8163.0,5,FY 2024 Split by County
WHITE,2023-10,34899.0,White County Food Pantry,13928.0,Helen First Baptist Church,9212.0,6,FY 2024 Split by County
WHITE,2023-11,21071.0,His Hands and Feet Ministries,8522.0,Helen First Baptist Church,7579.0,6,FY 2024 Split by County
WHITE,2023-12,25265.0,White County Food Pantry,7433.0,Helen First Baptist Church,7234.0,6,FY 2024 Split by County
WHITE,2024-01,30956.0,White County Food Pantry,13182.0,Helen First Baptist Church,7568.0,6,FY 2024 Split by County
WHITE,2024-02,30321.0,Helen First Baptist Church,8954.0,White County Food Pantry,8809.0,6,FY 2024 Split by County
WHITE,2024-03,29814.0,Helen First Baptist Church,8853.0,His Hands and Feet Ministries,8829.0,5,FY 2024 Split by County
WHITE,2024-04,32839.0,White County Food Pantry,10460.0,His Hands and Feet Ministries,8672.0,6,FY 2024 Split by County
WHITE,2024-05,28166.0,Helen First Baptist Church,8555.0,White County Food Pantry,8464.0,6,FY 2024 Split by County
WHITE,2024-06,29044.0,White County Food Pantry,9187.0,His Hands and Feet Ministries,8113.0,7,FY 2024 Split by County
WHITE,2024-07,32183.0,Chattahoochee Baptist Church,9495.0,White County Food Pantry,7672.0,7,FY 2025 Split by County
WHITE,2024-08,26008.0,White County Food Pantry,7671.0,His Hands and Feet Ministries,7026.0,7,FY 2025 Split by County
WHITE,2024-09,26357.0,White County Food Pantry,7827.0,His Hands and Feet Ministries,7531.0,7,FY 2025 Split by County
WHITE,2024-10,29944.0,White County Food Pantry,12582.0,Helen First Baptist Church,7447.0,7,FY 2025 Split by County
WHITE,2024-11,28316.0,White County Food Pantry,10401.0,Helen First Baptist Church,8074.0,5,FY 2025 Split by County
WHITE,2024-12,33868.0,His Hands and Feet Ministries,8053.0,White County Food Pantry,7658.0,8,FY 2025 Split by County
WHITE,2025-01,30839.0,White County Food Pantry,12186.0,Helen First Baptist Church,10117.0,6,FY 2025 Split by County
WHITE,2025-02,35272.0,White County Food Pantry,12055.0,Helen First Baptist Church,9393.0,6,FY 2025 Split by County
WHITE,2025-03,39032.0,White County Food Pantry,10749.0,His Hands and Feet Ministries,10633.0,6,FY 2025 Split by County
WHITE,2025-04,39739.0,White County Food Pantry,11901.0,Helen First Baptist Church,8357.0,8,FY 2025 Split by County
WHITE,2025-05,48556.0,White County Food Pantry,16882.0,White County Family Connection,11529.0,5,FY 2025 Split by County
WHITE,2025-06,41495.0,White County Food Pantry,11070.0,Helen First Baptist Church,9598.0,6,FY 2025 Split by County
